"customer_id","full_name","gender","phone","email","city","region","loyalty_tier","birth_date","registration_date"
CUS00933,Bassem Farouk,Male, 01229438263,bassem.farouk40@gmail.com,Ismailia,Canal Zone,Silver,1990-12-18,2020-12-26
CUS02414,Salma Zaki,Female,"01095240437",salma.zaki23@hotmail.com,Cairo,Greater Cairo,Bronze,1977-05-07,2023-09-08
CUS01284,Hany Khalil,Male,"01258398175",hany.khalil59@outlook.com,Cairo,Greater Cairo,Bronze,1997-01-24,2023-05-17
CUS01460,Nour Bakr,Female,  01126675052  ,nour.bakr54@hotmail.com,Mansoura,Nile Delta,Silver,1980-03-04,2020-09-20
CUS01042,Amr Salem,Male, 01143524010,amr.salem38@yahoo.com,Hurghada,Red Sea,Bronze,2001-07-24,2021-02-13
CUS00810,Karim Gouda,Male,"01296912383 ",karim.gouda93@yahoo.com,Cairo,Greater Cairo,Silver,1976-08-26,2022-06-13
CUS00135,Adel Hamdy,Male,  01111416778  ,adel.hamdy61@gmail.com,Port Said,Canal Zone,Bronze,1996-05-05,2023-08-10
CUS00880,Mariam Barakat,Female,  01023228017  ,mariam.barakat7@yahoo.com,Cairo,Greater Cairo,Bronze,1985-03-05,2021-01-02
CUS01838,Bassem Mahmoud,Male,"01089306711",bassem.mahmoud60@hotmail.com,Giza,Greater Cairo,Bronze,1987-05-12,2022-04-07
CUS02349,Wael Gouda,Male,"01278207429",wael.gouda7@hotmail.com,Alexandria,Alexandria,Silver,1986-02-12,2021-11-28
CUS02346,Yasmin Mostafa,Female,"01228729323",yasmin.mostafa31@gmail.com,Mansoura,Nile Delta,Bronze,1999-10-11,2021-06-13
CUS00257,Hossam Wahba,Male,  01124500436  ,hossam.wahba4@gmail.com,Port Said,Canal Zone,Silver,1987-03-25,2020-02-16
CUS00444,Yasmin Fathy,Female,"01183435357",yasmin.fathy59@hotmail.com,Giza,Greater Cairo,Bronze,1976-01-05,2021-05-06
CUS00258,Samah Bakr,Female,"01222929680",samah.bakr60@yahoo.com,Tanta,Nile Delta,Bronze,1979-05-20,2022-11-16
CUS02645,Walid Khalil,Male,"01056761054",walid.khalil8@outlook.com,Cairo,Greater Cairo,Bronze,1977-06-09,2020-11-05
CUS02784,Noha Wahba,Female,"01198913917",noha.wahba94@gmail.com,Hurghada,Red Sea,Bronze,1971-12-16,2022-12-20
CUS01344,Hossam Zaki,Male, 01258759172,hossam.zaki75@hotmail.com,Zagazig,Nile Delta,Silver,1974-01-05,2022-07-13
CUS00174,Engy Younis,Female,"01010474177",engy.younis70@gmail.com,Cairo,Greater Cairo,Silver,1981-02-05,2023-04-07
CUS01781,Fatima Mohamed,Female,"01075420157",fatima.mohamed54@outlook.com,Cairo,Greater Cairo,Bronze,1998-01-26,2021-03-02
CUS00486,Engy Barakat,Female,"01154452330 ",engy.barakat6@hotmail.com,Suez,Canal Zone,Bronze,1981-05-22,2020-07-26
CUS01730,Ghada Mansour,Female,"01160830809",ghada.mansour62@outlook.com,Mansoura,Nile Delta,Platinum,2000-03-17,2021-05-15
CUS01058,Hana Nasser,Female, 01077868292,hana.nasser97@outlook.com,Giza,Greater Cairo,Bronze,2000-07-24,2021-07-15
CUS01627,Mahmoud Rizk,Male,"01232280380",mahmoud.rizk53@outlook.com,Cairo,Greater Cairo,Silver,1976-09-28,2023-01-23
CUS00863,Hazem Ibrahim,Male,  01132121080  ,hazem.ibrahim35@gmail.com,Alexandria,Alexandria,Bronze,1977-08-20,2020-06-07
CUS01951,Khaled Nasser,Male,"01232927797",khaled.nasser92@gmail.com,Cairo,Greater Cairo,Gold,1976-06-13,2021-03-24
CUS00222,Noha Khalil,Female,"01019510600",noha.khalil26@hotmail.com,Alexandria,Alexandria,Bronze,1971-08-17,2021-02-11
CUS01264,Shaimaa Abdallah,Female,"01095941380",shaimaa.abdallah64@hotmail.com,Giza,Greater Cairo,Gold,1988-02-24,2020-11-21
CUS02540,Ola Ahmed,Female,"01143260942",ola.ahmed46@outlook.com,Hurghada,Red Sea,Gold,1974-11-28,2020-10-19
CUS01129,Noha Bakr,Female,"01199329766","",Giza,Greater Cairo,Bronze,1992-10-01,2021-04-02
CUS02002,Salma Attia,Female,"01069118335",salma.attia24@gmail.com,Cairo,Greater Cairo,Bronze,1982-12-26,2022-02-02
CUS00747,Hassan Ahmed,Male,"01166809533",hassan.ahmed92@gmail.com,Giza,Greater Cairo,Gold,1981-05-18,2020-02-09
CUS01101,Reham Attia,Female,"01125017061",reham.attia96@outlook.com,Cairo,Greater Cairo,Bronze,1987-06-25,2021-08-04
CUS00786,Hussein Rizk,Male, 01021007045,hussein.rizk14@gmail.com,Suez,Canal Zone,Silver,1980-10-18,2023-04-24
CUS02873,Ola Mansour,Female,  01131423696  ,ola.mansour77@gmail.com,Suez,Canal Zone,Silver,1993-07-12,2022-05-03
CUS00164,Dina Lotfy,Female,"01240524866 ",dina.lotfy78@hotmail.com,Alexandria,Alexandria,Bronze,2003-11-20,2023-09-05
CUS01579,Ramy Abdallah,Male, 01262584867,ramy.abdallah44@yahoo.com,Mansoura,Nile Delta,Bronze,1982-06-15,2023-12-27
CUS02438,Sara Ramadan,Female,"01163545818","",Giza,Greater Cairo,Bronze,1994-01-01,2021-08-19
CUS01272,Eman Shaaban,Female,"01267496370",eman.shaaban25@yahoo.com,Luxor,Upper Egypt,Gold,1971-11-11,2020-10-28
CUS02903,Salma Ramadan,Female,"01239365350",salma.ramadan96@outlook.com,Cairo,Greater Cairo,Gold,2001-06-09,2020-06-09
CUS00279,Radwa Attia,Female,  01237265709  ,radwa.attia64@outlook.com,Tanta,Nile Delta,Bronze,2001-02-08,2021-07-28
CUS02584,Lobna Ahmed,Female,  01147424925  ,lobna.ahmed44@yahoo.com,Giza,Greater Cairo,Bronze,1988-05-09,2023-09-14
CUS01672,Neveen Khalil,Female,"01098672138",neveen.khalil71@yahoo.com,Luxor,Upper Egypt,Silver,1985-12-06,2023-11-15
CUS01197,Mahmoud Saad,Male,"01268233507",mahmoud.saad1@hotmail.com,Ismailia,Canal Zone,Bronze,1999-03-07,2021-09-28
CUS01568,Heba Fathy,Female,  01113600484  ,heba.fathy74@hotmail.com,Cairo,Greater Cairo,Gold,2001-02-28,2020-03-09
CUS01675,Aisha Rizk,Female,"01210938593",aisha.rizk9@hotmail.com,Hurghada,Red Sea,Platinum,1992-09-26,2021-03-20
CUS01462,Zeinab Sayed,Female, 01265099159,"",Mansoura,Nile Delta,Silver,1996-10-10,2021-09-28
CUS02245,Samah Gamal,Female,"01172379893",samah.gamal18@gmail.com,Luxor,Upper Egypt,Silver,1988-10-20,2020-09-23
CUS02760,Hoda Hassan,Female,"01226904243 ",hoda.hassan28@hotmail.com,Cairo,Greater Cairo,Gold,1993-07-18,2022-06-13
CUS01299,Salma Ramadan,Female,"01018911205 ",salma.ramadan98@outlook.com,Mansoura,Nile Delta,Silver,1997-05-27,2021-02-12
CUS02012,Hussein Fathy,Male,"01049714236",hussein.fathy55@outlook.com,Cairo,Greater Cairo,Bronze,1994-05-22,2023-05-02
CUS02635,Adel Bakr,Male,"01094044402",adel.bakr57@hotmail.com,Tanta,Nile Delta,Platinum,1986-11-15,2022-12-17
CUS00407,Walid Nasser,Male,"01072150455","",Giza,Greater Cairo,Bronze,1989-11-17,2023-06-10
CUS02108,Radwa Bakr,Female,"01263339265",radwa.bakr79@gmail.com,Suez,Canal Zone,Bronze,1980-04-26,2021-01-27
CUS02304,Tarek Gamal,Male, 01257187231,tarek.gamal19@outlook.com,Giza,Greater Cairo,Bronze,1974-01-19,2022-01-12
CUS01836,Hazem Badawi,Male,"01017464593",hazem.badawi28@outlook.com,Mansoura,Nile Delta,Bronze,1975-12-22,2022-10-07
CUS01790,Ibrahim Wahba,Male,"01163502363",ibrahim.wahba71@gmail.com,Alexandria,Alexandria,Bronze,1983-09-09,2022-08-08
CUS02710,Eman Ahmed,Female,  01277789197  ,eman.ahmed91@gmail.com,Giza,Greater Cairo,Gold,1971-10-20,2021-11-23
CUS02471,Youssef Shaaban,Male,"01023503483 ",youssef.shaaban74@hotmail.com,Cairo,Greater Cairo,Bronze,1979-12-20,2021-08-10
CUS02373,Essam Lotfy,Male,"01040695523",essam.lotfy52@outlook.com,Tanta,Nile Delta,Bronze,1982-02-21,2020-03-12
CUS02025,Eman Mostafa,Female,  01162423804  ,eman.mostafa74@gmail.com,Giza,Greater Cairo,Gold,1999-11-23,2020-07-22
CUS02919,Hany Gamal,Male,  01069185750  ,hany.gamal50@yahoo.com,Giza,Greater Cairo,Bronze,1988-03-27,2021-07-23
CUS01290,Rana Shaaban,Female,"01278682759 ",rana.shaaban3@outlook.com,Cairo,Greater Cairo,Bronze,1983-09-09,2023-02-05
CUS01506,Neveen Khalil,Female, 01254005745,neveen.khalil67@hotmail.com,Giza,Greater Cairo,Platinum,1977-08-18,2020-03-18
CUS00024,Zeinab Hamdy,Female,"01012240013",zeinab.hamdy51@hotmail.com,Giza,Greater Cairo,Bronze,1981-08-25,2023-07-23
CUS02291,Mariam Abdallah,Female,"01293613691",mariam.abdallah40@yahoo.com,Mansoura,Nile Delta,Bronze,2000-01-13,2022-07-21
CUS02223,Mohamed Bakr,Male,"01291607781",mohamed.bakr6@gmail.com,Cairo,Greater Cairo,Bronze,2002-09-26,2022-01-07
CUS01981,Ayman Barakat,Male,"01218031842",ayman.barakat30@gmail.com,Cairo,Greater Cairo,Silver,2000-11-09,2023-08-20
CUS01433,Mona Mahmoud,Female,"01073973063",mona.mahmoud97@yahoo.com,Alexandria,Alexandria,Gold,1984-06-04,2023-12-02
CUS00072,Ola Ismail,Female,"01040107903",ola.ismail22@gmail.com,Cairo,Greater Cairo,Silver,1980-07-01,2022-12-21
CUS02078,Magdy Amin,Male,  01213462647  ,magdy.amin47@gmail.com,Giza,Greater Cairo,Gold,1978-09-06,2020-03-03
CUS01187,Nadia Mansour,Female, 01031813769,nadia.mansour77@gmail.com,Tanta,Nile Delta,Silver,1970-02-28,2020-10-23
CUS01666,Aisha Hamdy,Female, 01093006072,aisha.hamdy55@yahoo.com,Luxor,Upper Egypt,Bronze,1975-01-17,2021-12-02
CUS01789,Nour Hassan,Female,"01043686408","",Cairo,Greater Cairo,Gold,1989-03-21,2021-04-08
CUS01736,Sara Khalil,Female,"01157278097","",Suez,Canal Zone,Silver,1988-09-20,2023-03-08
CUS01350,Emad Mahmoud,Male,"01245967208",emad.mahmoud14@gmail.com,Cairo,Greater Cairo,Bronze,1972-12-25,2021-06-22
CUS00426,Walid Sayed,Male,  01090972685  ,"",Alexandria,Alexandria,Silver,2003-03-24,2020-03-08
CUS01619,Tarek Ibrahim,Male, 01067040732,tarek.ibrahim47@outlook.com,Alexandria,Alexandria,Gold,1991-08-04,2021-05-08
CUS01071,Osama Ismail,Male,"01167981146 ",osama.ismail3@gmail.com,Giza,Greater Cairo,Gold,1998-09-22,2023-03-14
CUS02482,Hoda Gouda,Female,  01055306853  ,hoda.gouda93@yahoo.com,Luxor,Upper Egypt,Silver,1989-02-25,2021-04-02
CUS02155,Mahmoud Ismail,Male,"01211932801","",Cairo,Greater Cairo,Bronze,1992-10-10,2021-06-19
CUS00705,Karim Rizk,Male,  01162698234  ,karim.rizk84@outlook.com,Cairo,Greater Cairo,Bronze,1991-04-11,2021-03-04
CUS01949,Akram Shaaban,Male,  01182982115  ,akram.shaaban77@gmail.com,Giza,Greater Cairo,Bronze,1995-06-20,2021-11-13
CUS02032,Osama Gamal,Male,  01052598189  ,osama.gamal84@outlook.com,Alexandria,Alexandria,Bronze,1999-12-17,2020-11-08
CUS00188,Mohamed Gouda,Male,"01021558774 ",mohamed.gouda89@outlook.com,Alexandria,Alexandria,Gold,1973-02-13,2022-05-11
CUS00620,Shaimaa Farouk,Female,  01173265064  ,shaimaa.farouk6@yahoo.com,Zagazig,Nile Delta,Bronze,1975-11-21,2021-03-19
CUS00615,Hany Bakr,Male,"01088433683",hany.bakr99@hotmail.com,Luxor,Upper Egypt,Bronze,1997-03-09,2021-04-25
CUS01992,Bassem Rizk,Male,"01147891233",bassem.rizk66@yahoo.com,Cairo,Greater Cairo,Bronze,1985-01-10,2023-05-18
CUS02639,Wael Bakr,Male,"01211099806",wael.bakr57@outlook.com,Port Said,Canal Zone,Silver,2003-05-10,2020-06-13
CUS01595,Youssef Lotfy,Male,"01164505900",youssef.lotfy87@gmail.com,Zagazig,Nile Delta,Bronze,1993-08-04,2021-10-19
CUS02563,Eman Lotfy,Female,"01120396516",eman.lotfy57@gmail.com,Cairo,Greater Cairo,Bronze,2001-01-03,2021-01-18
CUS01561,Adel Hafez,Male, 01172715673,"",Giza,Greater Cairo,Bronze,1995-05-20,2021-10-22
CUS02282,Yasmin Ramadan,Female,  01259789130  ,"",Giza,Greater Cairo,Bronze,2003-04-28,2020-04-28
CUS02679,Fatima Hafez,Female,"01156574888",fatima.hafez96@gmail.com,Cairo,Greater Cairo,Gold,1996-11-27,2023-06-18
CUS00713,Rana Hamdy,Female, 01229554945,rana.hamdy48@outlook.com,Alexandria,Alexandria,Gold,1993-12-18,2022-05-05
CUS01177,Karim Ibrahim,Male, 01259888093,karim.ibrahim35@gmail.com,Hurghada,Red Sea,Silver,2000-08-10,2021-08-11
CUS02660,Akram Khalil,Male,  01273481608  ,akram.khalil34@outlook.com,Mansoura,Nile Delta,Bronze,1995-05-28,2022-06-28
CUS00915,Ashraf Hassan,Male, 01044160093,ashraf.hassan90@gmail.com,Alexandria,Alexandria,Silver,1991-03-08,2021-06-09
CUS01109,Magdy Khalil,Male,"01014267792",magdy.khalil54@yahoo.com,Tanta,Nile Delta,Bronze,1973-03-25,2020-10-12
CUS02137,Hossam Mohamed,Male,"01161665474 ",hossam.mohamed62@yahoo.com,Cairo,Greater Cairo,Bronze,1983-11-13,2020-11-08
CUS02190,Hany Sayed,Male,"01143745610",hany.sayed51@hotmail.com,Mansoura,Nile Delta,Gold,1974-08-04,2023-06-22
CUS00114,Hassan Younis,Male,"01010954835",hassan.younis89@hotmail.com,Hurghada,Red Sea,Bronze,1996-05-07,2023-06-04
CUS00561,Rana Hamdy,Female,"01165885406",rana.hamdy65@yahoo.com,Tanta,Nile Delta,Bronze,2003-01-22,2022-02-06
CUS00347,Mahmoud Ismail,Male, 01143557605,mahmoud.ismail91@yahoo.com,Mansoura,Nile Delta,Bronze,1991-04-22,2022-01-25
CUS02549,Noha Amin,Female,"01143601760","",Giza,Greater Cairo,Platinum,1997-12-08,2021-02-17
CUS01855,Mahmoud Mansour,Male, 01151010582,mahmoud.mansour73@outlook.com,Suez,Canal Zone,Silver,1982-08-06,2021-05-12
CUS02359,Eman Fathy,Female,"01055716058","",Alexandria,Alexandria,Bronze,2000-10-18,2022-07-25
CUS01640,Wael Shaaban,Male,  01172885745  ,wael.shaaban29@outlook.com,Port Said,Canal Zone,Silver,1976-01-02,2022-10-10
CUS00011,Magdy Ahmed,Male,"01036189702",magdy.ahmed88@outlook.com,Cairo,Greater Cairo,Bronze,1992-01-16,2023-12-27
CUS00794,Samah Saad,Female,  01127916286  ,samah.saad71@yahoo.com,Mansoura,Nile Delta,Bronze,1980-08-08,2020-05-24
CUS00095,Reem Ali,Female, 01061791391,reem.ali99@hotmail.com,Hurghada,Red Sea,Bronze,1990-07-26,2023-08-02
CUS02235,Lobna Saad,Female, 01199515976,lobna.saad90@yahoo.com,Mansoura,Nile Delta,Bronze,1999-04-25,2020-01-24
CUS01203,Walid Gouda,Male,"01034616876 ",walid.gouda36@gmail.com,Cairo,Greater Cairo,Silver,1977-09-05,2020-09-15
CUS01249,Mariam Ali,Female, 01291198356,mariam.ali16@gmail.com,Port Said,Canal Zone,Silver,1990-05-24,2020-12-18
CUS02339,Sherif Gouda,Male,"01249003770",sherif.gouda97@gmail.com,Cairo,Greater Cairo,Gold,1976-04-21,2023-09-20
CUS02040,Hana Amin,Female,"01295852507","",Cairo,Greater Cairo,Bronze,1981-09-02,2022-05-01
CUS02747,Wael Shaaban,Male,"01016589366",wael.shaaban34@outlook.com,Alexandria,Alexandria,Gold,1989-11-06,2023-06-17
CUS02500,Amr Mahmoud,Male,  01025728855  ,amr.mahmoud36@gmail.com,Giza,Greater Cairo,Silver,1985-09-21,2022-02-07
CUS00048,Hany Khalil,Male,  01049581964  ,hany.khalil49@yahoo.com,Alexandria,Alexandria,Bronze,1998-02-26,2020-09-03
CUS01145,Engy Barakat,Female,"01190362099",engy.barakat14@outlook.com,Cairo,Greater Cairo,Silver,1970-08-05,2020-09-23
CUS02591,Youssef Ahmed,Male,"01081274611",youssef.ahmed2@gmail.com,Aswan,Upper Egypt,Bronze,1972-02-23,2021-01-12
CUS00667,Engy Mohamed,Female,"01090753445",engy.mohamed8@gmail.com,Cairo,Greater Cairo,Silver,1998-02-27,2020-07-17
CUS01888,Ibrahim Salem,Male,"01274783604 ",ibrahim.salem48@gmail.com,Cairo,Greater Cairo,Bronze,1979-08-05,2021-05-04
CUS02667,Magdy Ali,Male,  01218695503  ,magdy.ali63@hotmail.com,Cairo,Greater Cairo,Platinum,1971-06-07,2020-03-21
CUS02018,Bassem Lotfy,Male,"01210112761",bassem.lotfy53@gmail.com,Suez,Canal Zone,Gold,1971-01-19,2021-01-07
CUS02429,Tamer Hamdy,Male,"01060395249",tamer.hamdy57@gmail.com,Giza,Greater Cairo,Gold,1981-04-20,2021-05-27
CUS00236,Khaled Badawi,Male,"01085495759",khaled.badawi58@yahoo.com,Zagazig,Nile Delta,Bronze,1986-06-06,2022-02-01
CUS01985,Ghada Nasser,Female,"01097161477",ghada.nasser14@gmail.com,Cairo,Greater Cairo,Gold,1994-03-11,2020-10-27
CUS02001,Ghada Gamal,Female,"01069371666",ghada.gamal24@yahoo.com,Cairo,Greater Cairo,Bronze,1980-09-23,2021-06-23
CUS00518,Emad Rizk,Male, 01298687917,emad.rizk57@gmail.com,Aswan,Upper Egypt,Bronze,1970-02-10,2023-01-12
CUS00041,Wael Saad,Male,"01157621071",wael.saad41@hotmail.com,Cairo,Greater Cairo,Bronze,1973-04-19,2020-12-23
CUS01354,Salma Mohamed,Female,"01176803099","",Zagazig,Nile Delta,Silver,1994-04-25,2021-08-18
CUS02633,Dalia Shaaban,Female,"01044373881",dalia.shaaban34@outlook.com,Cairo,Greater Cairo,Bronze,1995-04-09,2023-06-23
CUS02221,Nadia Badawi,Female,"01222721215",nadia.badawi22@outlook.com,Tanta,Nile Delta,Silver,1972-12-22,2020-10-18
CUS01141,Akram Ramadan,Male,"01023486212","",Aswan,Upper Egypt,Bronze,1970-04-16,2020-04-06
CUS01325,Zeinab Zaki,Female, 01139417237,zeinab.zaki57@hotmail.com,Ismailia,Canal Zone,Bronze,1976-05-16,2023-07-24
CUS00751,Manar Rizk,Female,  01277072182  ,manar.rizk39@gmail.com,Cairo,Greater Cairo,Bronze,2003-07-06,2023-07-13
CUS01549,Radwa Badawi,Female,"01136567299",radwa.badawi46@outlook.com,Cairo,Greater Cairo,Bronze,1995-11-08,2020-08-02
CUS02493,Adel Younis,Male,  01183327306  ,adel.younis20@outlook.com,Hurghada,Red Sea,Platinum,1986-01-25,2020-12-21
CUS00396,Ayman Hassan,Male,"01249379055",ayman.hassan67@hotmail.com,Port Said,Canal Zone,Silver,1985-05-02,2021-12-04
CUS02327,Essam Ramadan,Male, 01124687093,essam.ramadan68@outlook.com,Aswan,Upper Egypt,Bronze,1985-06-06,2023-02-02
CUS00617,Ramy Mohamed,Male,"01113412336 ",ramy.mohamed58@outlook.com,Cairo,Greater Cairo,Silver,1978-08-04,2023-04-07
CUS02848,Suzy Wahba,Female,"01181911375","",Cairo,Greater Cairo,Bronze,1983-05-07,2023-08-14
CUS00877,Adel Amin,Male,"01197687081 ",adel.amin70@yahoo.com,Tanta,Nile Delta,Bronze,1979-04-06,2022-09-10
CUS00575,Ashraf Mansour,Male,"01224284867","",Luxor,Upper Egypt,Bronze,1980-07-22,2023-01-06
CUS00785,Mona Zaki,Female,"01146111036",mona.zaki1@gmail.com,Cairo,Greater Cairo,Gold,1996-02-22,2023-01-16
CUS02007,Hoda Mahmoud,Female, 01247483872,hoda.mahmoud73@outlook.com,Giza,Greater Cairo,Bronze,1980-02-17,2020-03-08
CUS02075,Ghada Nasser,Female,"01058454479",ghada.nasser8@hotmail.com,Luxor,Upper Egypt,Silver,1971-05-22,2020-08-11
CUS01159,Mona Badawi,Female,"01011380509 ",mona.badawi9@yahoo.com,Luxor,Upper Egypt,Silver,1996-07-09,2022-04-24
CUS02558,Amr Mahmoud,Male,  01064772783  ,"",Giza,Greater Cairo,Bronze,1982-07-16,2023-09-15
CUS01697,Rania Hassan,Female,  01121413833  ,"",Cairo,Greater Cairo,Bronze,1991-04-01,2021-03-17
CUS00489,Reham Salem,Female,"01036404306 ","",Port Said,Canal Zone,Silver,1975-12-09,2022-04-26
CUS01480,Ola Khalil,Female,"01246504456",ola.khalil32@outlook.com,Giza,Greater Cairo,Bronze,2003-10-12,2023-05-11
CUS02774,Neveen Salem,Female,"01177684507","",Giza,Greater Cairo,Bronze,1974-09-27,2021-10-09
CUS01896,Samir Gouda,Male, 01151198679,samir.gouda99@yahoo.com,Zagazig,Nile Delta,Bronze,1987-03-24,2023-10-27
CUS01752,Hassan Mostafa,Male,"01053091868",hassan.mostafa21@gmail.com,Cairo,Greater Cairo,Bronze,2002-08-10,2021-05-26
CUS01017,Ramy Fathy,Male,"01295910603",ramy.fathy1@yahoo.com,Cairo,Greater Cairo,Bronze,1994-05-10,2023-09-15
CUS02825,Magdy Mansour,Male,"01233545030",magdy.mansour80@hotmail.com,Giza,Greater Cairo,Bronze,2001-10-08,2022-05-06
CUS01807,Mahmoud Nasser,Male,"01249022112 ",mahmoud.nasser28@outlook.com,Mansoura,Nile Delta,Bronze,1991-05-14,2023-05-15
CUS02559,Hossam Zaki,Male,"01143671926","",Cairo,Greater Cairo,Silver,1970-08-06,2020-07-16
CUS00131,Samir Saad,Male,"01188775038",samir.saad17@yahoo.com,Giza,Greater Cairo,Silver,1995-05-15,2022-12-23
CUS01131,Sara Gamal,Female,"01245499509",sara.gamal56@hotmail.com,Zagazig,Nile Delta,Bronze,1975-03-01,2021-12-25
CUS00440,Ahmed Zaki,Male, 01214344197,"",Cairo,Greater Cairo,Bronze,1982-09-07,2023-01-02
CUS00573,Manar Ibrahim,Female,  01288709162  ,manar.ibrahim47@hotmail.com,Giza,Greater Cairo,Silver,1992-08-22,2020-10-20
CUS02824,Aisha Saad,Female,  01085204135  ,"",Cairo,Greater Cairo,Bronze,2000-01-20,2021-11-04
CUS02708,Hossam Ibrahim,Male, 01129465805,hossam.ibrahim93@yahoo.com,Cairo,Greater Cairo,Silver,1981-03-01,2022-01-18
CUS00241,Radwa Ragab,Female, 01029278938,radwa.ragab9@outlook.com,Port Said,Canal Zone,Silver,1978-10-20,2020-01-14
CUS02322,Maged Ali,Male,"01069565923",maged.ali99@hotmail.com,Tanta,Nile Delta,Bronze,1973-12-07,2020-05-07
CUS02003,Hossam Badawi,Male,"01094293030",hossam.badawi73@outlook.com,Suez,Canal Zone,Bronze,1980-02-09,2022-04-28
CUS00333,Ali Ali,Male,"01218727939","",Cairo,Greater Cairo,Silver,1994-06-28,2023-02-04
CUS01365,Sherif Mostafa,Male, 01216060961,"",Zagazig,Nile Delta,Bronze,1984-10-06,2021-01-14
CUS02595,Bassem Mahmoud,Male,"01087213046","",Cairo,Greater Cairo,Bronze,1996-12-22,2023-05-03
CUS01048,Yasmin Ragab,Female,"01199131349","",Cairo,Greater Cairo,Bronze,1981-10-24,2022-10-17
CUS02789,Reem Sayed,Female,"01128412800",reem.sayed36@gmail.com,Port Said,Canal Zone,Bronze,1988-06-25,2021-01-01
CUS01715,Dina Ahmed,Female,"01219505341",dina.ahmed79@hotmail.com,Cairo,Greater Cairo,Bronze,2003-06-26,2021-03-03
CUS01641,Mona Badawi,Female,  01069371178  ,"",Alexandria,Alexandria,Bronze,2003-02-04,2020-05-20
CUS02308,Amira Ragab,Female,"01131069914",amira.ragab65@hotmail.com,Mansoura,Nile Delta,Bronze,2001-06-21,2020-11-11
CUS01873,Ibrahim Badawi,Male,"01262339589","",Alexandria,Alexandria,Bronze,2002-04-26,2023-12-17
CUS02315,Hossam Mohamed,Male,  01280256723  ,hossam.mohamed24@outlook.com,Sharm El Sheikh,South Sinai,Bronze,1995-03-23,2023-07-12
CUS00858,Reem Hamdy,Female,"01099062872",reem.hamdy80@hotmail.com,Alexandria,Alexandria,Bronze,1973-12-09,2023-10-02
CUS00556,Adel Barakat,Male,"01238709086",adel.barakat56@outlook.com,Giza,Greater Cairo,Bronze,1990-09-03,2023-12-26
CUS01728,Noha Wahba,Female,"01248461227 ",noha.wahba86@yahoo.com,Sharm El Sheikh,South Sinai,Silver,1980-12-27,2021-10-18
CUS00163,Ramy Gamal,Male, 01077276832,ramy.gamal4@hotmail.com,Mansoura,Nile Delta,Gold,1992-11-10,2021-03-11
CUS01427,Mona Gamal,Female,"01152832536",mona.gamal69@hotmail.com,Cairo,Greater Cairo,Silver,1971-12-26,2023-08-06
CUS01362,Wael Nasser,Male,"01255357151",wael.nasser11@hotmail.com,Cairo,Greater Cairo,Bronze,1984-11-05,2021-09-13
CUS01451,Hassan Mostafa,Male,"01250793088 ",hassan.mostafa79@outlook.com,Alexandria,Alexandria,Gold,1975-10-09,2022-06-13
CUS00681,Bassem Ali,Male,"01159230243",bassem.ali44@yahoo.com,Aswan,Upper Egypt,Silver,1987-12-13,2022-12-09
CUS00533,Khaled Attia,Male,"01226098153 ",khaled.attia36@gmail.com,Sharm El Sheikh,South Sinai,Silver,1988-02-23,2022-02-24
CUS00403,Reham Younis,Female, 01240704198,reham.younis41@gmail.com,Alexandria,Alexandria,Bronze,1987-07-17,2020-02-24
CUS00528,Lobna Mostafa,Female,  01292762623  ,lobna.mostafa58@outlook.com,Cairo,Greater Cairo,Bronze,1991-06-19,2023-12-27
CUS02838,Sara Lotfy,Female,"01145056585 ",sara.lotfy28@yahoo.com,Cairo,Greater Cairo,Bronze,1984-04-25,2021-06-10
CUS01526,Adel Ramadan,Male,  01177428547  ,adel.ramadan29@outlook.com,Cairo,Greater Cairo,Silver,2001-07-21,2022-12-09
CUS01004,Salma Gamal,Female,  01167287009  ,salma.gamal7@outlook.com,Zagazig,Nile Delta,Bronze,1984-03-08,2020-09-06
CUS01252,Manar Mohamed,Female,"01059119994",manar.mohamed1@gmail.com,Alexandria,Alexandria,Silver,1978-04-12,2023-04-22
CUS01221,Mahmoud Lotfy,Male,"01280993070 ",mahmoud.lotfy73@outlook.com,Port Said,Canal Zone,Bronze,1995-08-20,2021-03-24
CUS02648,Salma Rizk,Female,"01279208032",salma.rizk4@hotmail.com,Alexandria,Alexandria,Bronze,1995-11-07,2022-09-16
CUS02447,Fady Ramadan,Male,"01156117598",fady.ramadan55@outlook.com,Cairo,Greater Cairo,Bronze,1991-11-05,2023-03-20
CUS02130,Engy Zaki,Female,"01250825346",engy.zaki53@yahoo.com,Giza,Greater Cairo,Gold,1994-10-16,2020-10-14
CUS00544,Adel Bakr,Male, 01050554420,adel.bakr61@outlook.com,Tanta,Nile Delta,Bronze,1997-09-24,2022-07-03
CUS01179,Walid Rizk,Male,"01213409779",walid.rizk4@gmail.com,Hurghada,Red Sea,Gold,1994-02-05,2021-11-24
CUS01331,Khaled Mostafa,Male,"01089477464",khaled.mostafa83@hotmail.com,Alexandria,Alexandria,Platinum,1988-07-26,2021-12-19
CUS01919,Youssef Farouk,Male,  01273176382  ,youssef.farouk68@gmail.com,Giza,Greater Cairo,Bronze,1983-11-27,2023-07-20
CUS02530,Nader Mostafa,Male,"01173506512","",Sharm El Sheikh,South Sinai,Silver,1980-07-27,2023-11-06
CUS02780,Engy Ahmed,Female,  01098763518  ,"",Cairo,Greater Cairo,Bronze,1974-01-20,2023-02-04
CUS01989,Neveen Ahmed,Female,"01287917351",neveen.ahmed25@yahoo.com,Giza,Greater Cairo,Bronze,1976-05-28,2021-06-18
CUS02894,Mahmoud Younis,Male,"01193504533",mahmoud.younis66@hotmail.com,Mansoura,Nile Delta,Silver,1979-11-28,2021-03-09
CUS02995,Wael Fathy,Male,"01050123125",wael.fathy57@gmail.com,Cairo,Greater Cairo,Gold,1985-04-03,2023-07-06
CUS02688,Omar Saad,Male,  01032247105  ,omar.saad67@gmail.com,Giza,Greater Cairo,Bronze,1997-03-20,2021-09-11
CUS02771,Radwa Mansour,Female,"01285380078","",Cairo,Greater Cairo,Bronze,1989-11-18,2022-10-16
CUS01489,Hassan Salem,Male, 01190675884,hassan.salem98@hotmail.com,Giza,Greater Cairo,Gold,1998-09-19,2022-03-28
CUS00457,Maged Ragab,Male, 01078123659,maged.ragab54@yahoo.com,Cairo,Greater Cairo,Bronze,1995-01-12,2020-07-02
CUS01478,Karim Saad,Male,"01179443222",karim.saad48@gmail.com,Hurghada,Red Sea,Bronze,1996-04-07,2023-07-20
CUS01963,Mona Ismail,Female,  01225037335  ,mona.ismail68@yahoo.com,Aswan,Upper Egypt,Bronze,1981-04-21,2022-05-22
CUS02866,Akram Mansour,Male,"01049659642",akram.mansour50@outlook.com,Alexandria,Alexandria,Bronze,1998-07-11,2021-04-18
CUS01033,Rana Ismail,Female,"01093699313",rana.ismail74@gmail.com,Cairo,Greater Cairo,Bronze,1982-03-17,2021-04-01
CUS02465,Maged Mohamed,Male,  01239052145  ,maged.mohamed38@yahoo.com,Mansoura,Nile Delta,Silver,2002-01-14,2022-08-18
CUS02572,Essam Zaki,Male,"01229926155",essam.zaki86@gmail.com,Suez,Canal Zone,Gold,2003-07-07,2022-07-02
CUS00904,Osama Khalil,Male,"01038768529",osama.khalil22@gmail.com,Alexandria,Alexandria,Gold,1997-11-05,2020-07-02
CUS01104,Hazem Ragab,Male,  01063136530  ,"",Port Said,Canal Zone,Gold,1971-03-18,2022-02-21
CUS02100,Wael Ramadan,Male,  01259420855  ,wael.ramadan91@hotmail.com,Giza,Greater Cairo,Bronze,1974-12-12,2023-06-22
CUS01833,Ramy Abdallah,Male,"01250333457",ramy.abdallah64@yahoo.com,Alexandria,Alexandria,Silver,1996-04-25,2022-05-10
CUS02391,Heba Rizk,Female,"01122869898",heba.rizk30@gmail.com,Giza,Greater Cairo,Platinum,1997-06-19,2022-10-13
CUS00554,Bassem Hafez,Male,"01299724136",bassem.hafez28@gmail.com,Alexandria,Alexandria,Bronze,1987-12-28,2021-03-06
CUS00650,Doha Hassan,Female,  01188845892  ,doha.hassan94@yahoo.com,Alexandria,Alexandria,Silver,1973-12-25,2021-04-20
CUS00857,Tamer Ramadan,Male, 01027379520,tamer.ramadan83@hotmail.com,Cairo,Greater Cairo,Bronze,2002-08-23,2020-07-21
CUS00633,Ramy Ibrahim,Male,"01126572053",ramy.ibrahim19@hotmail.com,Alexandria,Alexandria,Bronze,1984-05-05,2022-01-21
CUS01749,Hana Wahba,Female,"01048923027",hana.wahba78@gmail.com,Hurghada,Red Sea,Silver,1975-04-02,2020-10-13
CUS01303,Ibrahim Ramadan,Male,"01111762000",ibrahim.ramadan52@gmail.com,Cairo,Greater Cairo,Silver,1974-08-01,2022-02-08
CUS00787,Hazem Amin,Male,"01246683639",hazem.amin31@gmail.com,Alexandria,Alexandria,Silver,1996-01-22,2023-04-20
CUS02068,Fatima Hassan,Female,"01288092454",fatima.hassan44@yahoo.com,Cairo,Greater Cairo,Bronze,1970-12-04,2021-05-28
CUS00498,Engy Ali,Female, 01271518719,engy.ali65@yahoo.com,Cairo,Greater Cairo,Bronze,1992-03-15,2022-12-17
CUS00783,Omar Barakat,Male,"01150241177 ",omar.barakat12@yahoo.com,Cairo,Greater Cairo,Bronze,1993-02-16,2020-06-04
CUS00962,Shaimaa Mohamed,Female,"01023437484",shaimaa.mohamed88@gmail.com,Mansoura,Nile Delta,Bronze,1976-04-04,2021-06-26
CUS02601,Dalia Nasser,Female, 01010142112,dalia.nasser98@hotmail.com,Mansoura,Nile Delta,Bronze,1998-03-11,2022-03-18
CUS01379,Hany Bakr,Male, 01238925378,"",Giza,Greater Cairo,Gold,1971-10-15,2020-05-14
CUS00495,Ahmed Salem,Male,  01037419830  ,ahmed.salem16@hotmail.com,Alexandria,Alexandria,Gold,1977-09-04,2023-08-06
CUS00305,Ashraf Hamdy,Male,"01266602596",ashraf.hamdy59@hotmail.com,Zagazig,Nile Delta,Silver,1985-03-25,2020-08-05
CUS01890,Hana Nasser,Female,"01265648320 ",hana.nasser98@gmail.com,Sharm El Sheikh,South Sinai,Bronze,1993-11-16,2022-12-19
CUS01378,Ahmed Ragab,Male,"01161415792",ahmed.ragab7@outlook.com,Alexandria,Alexandria,Silver,1978-10-14,2021-08-14
CUS02777,Karim Rizk,Male,  01197755635  ,karim.rizk71@gmail.com,Cairo,Greater Cairo,Silver,1971-12-19,2021-12-28
CUS00911,Manar Mansour,Female,"01266590557",manar.mansour32@hotmail.com,Alexandria,Alexandria,Bronze,1988-11-02,2023-01-09
CUS02439,Rana Hamdy,Female, 01160658162,rana.hamdy87@outlook.com,Alexandria,Alexandria,Bronze,1980-09-22,2021-03-21
CUS02104,Aisha Fathy,Female,  01021686682  ,aisha.fathy18@outlook.com,Tanta,Nile Delta,Gold,1990-02-26,2022-11-10
CUS01503,Maged Wahba,Male,"01150162276",maged.wahba34@hotmail.com,Cairo,Greater Cairo,Gold,1991-03-09,2020-01-24
CUS00014,Ramy Ramadan,Male,"01037775381",ramy.ramadan22@hotmail.com,Cairo,Greater Cairo,Bronze,1980-10-05,2022-05-19
CUS00317,Shaimaa Mostafa,Female,"01287424245",shaimaa.mostafa65@gmail.com,Giza,Greater Cairo,Bronze,1975-04-20,2020-11-18
CUS01469,Adel Hamdy,Male,"01114309791",adel.hamdy14@outlook.com,Luxor,Upper Egypt,Gold,1999-03-21,2023-11-25
CUS02707,Ibrahim Ali,Male,  01153703517  ,ibrahim.ali41@hotmail.com,Cairo,Greater Cairo,Silver,1995-02-21,2021-02-28
CUS02786,Nour Hamdy,Female,"01186848845",nour.hamdy44@gmail.com,Cairo,Greater Cairo,Silver,1975-06-24,2022-10-12
CUS01260,Eman Younis,Female,  01198562616  ,eman.younis87@outlook.com,Alexandria,Alexandria,Bronze,1978-04-10,2022-06-28
CUS02381,Ayman Nasser,Male,"01250669440",ayman.nasser15@hotmail.com,Aswan,Upper Egypt,Bronze,1996-08-02,2020-06-26
CUS00520,Ali Farouk,Male,"01078010697",ali.farouk8@hotmail.com,Cairo,Greater Cairo,Gold,1977-11-02,2022-01-22
CUS01084,Essam Badawi,Male,"01189034153",essam.badawi18@hotmail.com,Luxor,Upper Egypt,Bronze,1994-03-19,2023-11-26
CUS01905,Aisha Hafez,Female, 01041599206,"",Zagazig,Nile Delta,Platinum,1996-06-21,2020-11-09
CUS00687,Fatima Rizk,Female,"01018426588",fatima.rizk56@gmail.com,Alexandria,Alexandria,Silver,1988-03-03,2023-01-24
CUS01294,Hossam Bakr,Male,"01179600535",hossam.bakr46@outlook.com,Tanta,Nile Delta,Bronze,1999-09-20,2020-08-15
CUS01742,Youssef Bakr,Male,  01259254308  ,youssef.bakr68@yahoo.com,Zagazig,Nile Delta,Bronze,1978-12-28,2020-07-21
CUS02643,Rania Barakat,Female,  01243209344  ,rania.barakat70@outlook.com,Hurghada,Red Sea,Silver,2002-01-01,2023-11-06
CUS01691,Zeinab Bakr,Female,"01123873812",zeinab.bakr84@yahoo.com,Cairo,Greater Cairo,Bronze,1971-08-24,2020-06-13
CUS01282,Adel Salem,Male,"01269058283",adel.salem79@hotmail.com,Tanta,Nile Delta,Bronze,1972-04-04,2020-11-10
CUS02246,Mohamed Sayed,Male,"01199631252 ","",Alexandria,Alexandria,Bronze,1986-03-17,2023-06-19
CUS02546,Maged Khalil,Male,  01140411139  ,maged.khalil30@outlook.com,Alexandria,Alexandria,Gold,1994-03-24,2020-04-22
CUS02576,Youssef Zaki,Male,"01116734912",youssef.zaki15@outlook.com,Mansoura,Nile Delta,Bronze,1997-10-13,2022-09-18
CUS02692,Hassan Mohamed,Male,"01087753104",hassan.mohamed45@gmail.com,Alexandria,Alexandria,Gold,1991-04-25,2021-06-26
CUS00781,Dalia Mahmoud,Female,"01285351481",dalia.mahmoud71@hotmail.com,Tanta,Nile Delta,Bronze,1978-02-20,2020-10-26
CUS02539,Hussein Abdallah,Male,"01147282515",hussein.abdallah60@hotmail.com,Zagazig,Nile Delta,Gold,1973-07-10,2023-03-11
CUS01086,Ashraf Barakat,Male,"01249568600 ",ashraf.barakat80@outlook.com,Alexandria,Alexandria,Silver,1988-05-06,2022-08-06
CUS01946,Essam Khalil,Male,"01050804570",essam.khalil83@gmail.com,Alexandria,Alexandria,Silver,1973-12-11,2022-03-19
CUS01757,Wael Mansour,Male, 01064522034,wael.mansour90@yahoo.com,Port Said,Canal Zone,Bronze,1983-05-07,2021-04-15
CUS00414,Tamer Ramadan,Male,"01016839113 ",tamer.ramadan29@hotmail.com,Alexandria,Alexandria,Silver,1971-10-07,2023-08-02
CUS00722,Aisha Wahba,Female, 01072166964,aisha.wahba93@gmail.com,Cairo,Greater Cairo,Silver,1998-02-17,2022-10-04
CUS01195,Hassan Fathy,Male,  01234528574  ,hassan.fathy35@hotmail.com,Cairo,Greater Cairo,Bronze,1982-03-10,2020-08-06
CUS01750,Tarek Khalil,Male,"01224454228",tarek.khalil86@yahoo.com,Cairo,Greater Cairo,Platinum,1982-02-27,2021-06-13
CUS02744,Ghada Ramadan,Female,"01094003009",ghada.ramadan34@gmail.com,Cairo,Greater Cairo,Gold,1978-08-17,2021-04-10
CUS01509,Ali Sayed,Male,"01130768534","",Mansoura,Nile Delta,Bronze,1981-02-17,2023-02-07
CUS00275,Ghada Ramadan,Female,  01177959068  ,ghada.ramadan42@outlook.com,Alexandria,Alexandria,Silver,1976-03-23,2020-01-21
CUS02185,Ahmed Mostafa,Male, 01132312966,"",Mansoura,Nile Delta,Bronze,1980-07-20,2021-12-05
CUS02034,Ibrahim Mostafa,Male, 01190900715,ibrahim.mostafa26@outlook.com,Ismailia,Canal Zone,Silver,1997-03-09,2022-03-14
CUS02330,Akram Barakat,Male,"01284334891",akram.barakat15@gmail.com,Cairo,Greater Cairo,Silver,1977-07-27,2020-05-06
CUS02088,Adel Hassan,Male,"01024007028 ","",Mansoura,Nile Delta,Bronze,1994-11-06,2022-12-05
CUS02701,Salma Ali,Female,"01071767391",salma.ali14@yahoo.com,Alexandria,Alexandria,Silver,1999-11-24,2022-05-17
CUS02316,Ashraf Mahmoud,Male,  01232006205  ,ashraf.mahmoud26@gmail.com,Cairo,Greater Cairo,Silver,1995-09-26,2023-02-09
CUS00610,Zeinab Salem,Female,"01236842781",zeinab.salem85@hotmail.com,Tanta,Nile Delta,Bronze,1979-10-10,2022-12-01
CUS01133,Sherif Zaki,Male,"01056938936",sherif.zaki22@yahoo.com,Cairo,Greater Cairo,Silver,2001-03-09,2022-02-24
CUS02901,Osama Hassan,Male, 01048050958,osama.hassan40@gmail.com,Cairo,Greater Cairo,Bronze,1986-07-11,2022-12-11
CUS02706,Nader Farouk,Male,  01126396664  ,nader.farouk61@gmail.com,Hurghada,Red Sea,Bronze,1994-02-04,2022-04-25
CUS00165,Karim Abdallah,Male,"01228153282 ",karim.abdallah73@yahoo.com,Cairo,Greater Cairo,Silver,1989-12-23,2022-02-18
CUS02902,Hazem Wahba,Male,"01112305116",hazem.wahba11@outlook.com,Hurghada,Red Sea,Bronze,1995-05-13,2022-03-03
CUS00055,Emad Barakat,Male,"01293625419",emad.barakat73@gmail.com,Alexandria,Alexandria,Bronze,1999-01-26,2020-10-25
CUS01043,Nadia Lotfy,Female,"01210202363",nadia.lotfy39@outlook.com,Giza,Greater Cairo,Gold,1982-04-24,2020-05-17
CUS01448,Wael Mansour,Male,"01020307567",wael.mansour82@outlook.com,Aswan,Upper Egypt,Bronze,1972-09-24,2021-07-27
CUS00286,Youssef Wahba,Male,"01238507329",youssef.wahba54@gmail.com,Cairo,Greater Cairo,Bronze,1987-10-22,2021-08-22
CUS02699,Eman Ismail,Female,"01054982975",eman.ismail4@hotmail.com,Hurghada,Red Sea,Silver,1977-01-20,2021-12-03
CUS02113,Hany Ahmed,Male,"01121655092",hany.ahmed56@gmail.com,Cairo,Greater Cairo,Silver,2002-06-10,2021-11-01
CUS02127,Ramy Ahmed,Male, 01219426966,ramy.ahmed54@outlook.com,Mansoura,Nile Delta,Silver,1997-07-17,2020-07-14
CUS00985,Amira Mostafa,Female,"01217499695 ",amira.mostafa51@outlook.com,Zagazig,Nile Delta,Silver,1996-08-01,2020-07-08
CUS00363,Hossam Sayed,Male,"01253534095",hossam.sayed89@yahoo.com,Giza,Greater Cairo,Silver,1980-05-04,2022-03-21
CUS01121,Akram Lotfy,Male,"01264130831","",Suez,Canal Zone,Bronze,1985-05-24,2020-02-09
CUS01472,Wael Ramadan,Male,  01083051775  ,wael.ramadan98@hotmail.com,Zagazig,Nile Delta,Bronze,1990-05-01,2021-11-22
CUS02932,Tamer Badawi,Male,"01151544140 ",tamer.badawi82@outlook.com,Mansoura,Nile Delta,Bronze,1992-10-06,2023-05-02
CUS01773,Emad Zaki,Male,"01133317675",emad.zaki41@hotmail.com,Suez,Canal Zone,Silver,1988-02-23,2021-09-07
CUS01909,Tarek Mostafa,Male,"01011454855",tarek.mostafa52@outlook.com,Giza,Greater Cairo,Gold,1984-01-14,2022-06-26
CUS00559,Osama Saad,Male,"01073190952",osama.saad83@gmail.com,Zagazig,Nile Delta,Silver,1973-10-27,2020-06-01
CUS00724,Noha Lotfy,Female,"01055643477",noha.lotfy90@gmail.com,Zagazig,Nile Delta,Bronze,1972-05-06,2020-03-05
CUS00194,Tamer Salem,Male,"01192620697",tamer.salem73@hotmail.com,Mansoura,Nile Delta,Platinum,1998-09-10,2023-12-12
CUS01606,Hussein Mansour,Male,  01144023937  ,hussein.mansour59@yahoo.com,Alexandria,Alexandria,Bronze,1979-05-25,2020-04-08
CUS02782,Shaimaa Barakat,Female,  01218099750  ,shaimaa.barakat90@gmail.com,Aswan,Upper Egypt,Silver,1975-12-28,2020-07-15
CUS02076,Osama Wahba,Male,"01165413189",osama.wahba33@outlook.com,Luxor,Upper Egypt,Bronze,1990-03-18,2023-10-16
CUS02721,Khaled Mahmoud,Male,"01222559504",khaled.mahmoud3@gmail.com,Suez,Canal Zone,Bronze,1998-08-09,2022-04-27
CUS02281,Dalia Ali,Female,"01110959112",dalia.ali1@hotmail.com,Cairo,Greater Cairo,Bronze,2002-11-17,2021-12-13
CUS00043,Khaled Hafez,Male,"01029825571",khaled.hafez47@gmail.com,Cairo,Greater Cairo,Bronze,1981-06-02,2022-12-22
CUS01330,Youssef Hassan,Male,"01266856278","",Alexandria,Alexandria,Bronze,1976-05-18,2021-07-24
CUS00250,Hazem Ahmed,Male, 01018891570,hazem.ahmed78@yahoo.com,Luxor,Upper Egypt,Bronze,2000-02-09,2021-03-22
CUS02049,Hana Ismail,Female,"01015851616",hana.ismail18@hotmail.com,Alexandria,Alexandria,Gold,1993-04-02,2023-11-16
CUS01945,Walid Hamdy,Male,"01190165869",walid.hamdy41@gmail.com,Hurghada,Red Sea,Bronze,1970-03-17,2023-11-20
CUS00740,Bassem Nasser,Male,"01292427437","",Giza,Greater Cairo,Bronze,1971-03-03,2023-04-08
CUS01397,Rania Mostafa,Female,"01127216331",rania.mostafa1@gmail.com,Giza,Greater Cairo,Bronze,2002-05-05,2020-08-03
CUS02629,Amira Mohamed,Female, 01280058340,amira.mohamed53@yahoo.com,Alexandria,Alexandria,Bronze,1973-06-03,2022-07-17
CUS01857,Zeinab Hassan,Female,"01178234430",zeinab.hassan97@gmail.com,Zagazig,Nile Delta,Silver,1997-09-11,2020-09-11
CUS00954,Ali Mahmoud,Male,  01091928972  ,ali.mahmoud85@gmail.com,Suez,Canal Zone,Bronze,1977-10-12,2022-03-14
CUS01210,Rana Saad,Female,"01247303947",rana.saad89@gmail.com,Sharm El Sheikh,South Sinai,Bronze,1984-09-17,2023-12-18
CUS00676,Youssef Salem,Male,"01292985330 ",youssef.salem36@yahoo.com,Ismailia,Canal Zone,Gold,1980-07-04,2020-11-05
CUS00090,Hana Ali,Female,"01285414925",hana.ali90@hotmail.com,Alexandria,Alexandria,Bronze,1992-08-04,2020-07-13
CUS02547,Mona Bakr,Female,"01124657843",mona.bakr3@outlook.com,Cairo,Greater Cairo,Gold,1996-07-25,2023-09-21
CUS01349,Hany Salem,Male, 01230806860,hany.salem68@yahoo.com,Ismailia,Canal Zone,Silver,1979-03-06,2022-10-19
CUS01313,Yasmin Gamal,Female,"01288968371",yasmin.gamal9@yahoo.com,Alexandria,Alexandria,Silver,1975-02-09,2020-05-01
CUS02266,Engy Ramadan,Female, 01195094024,engy.ramadan39@outlook.com,Mansoura,Nile Delta,Silver,1994-04-27,2023-05-24
CUS02725,Rania Hassan,Female,  01077481727  ,rania.hassan52@gmail.com,Giza,Greater Cairo,Bronze,1985-11-05,2020-10-15
CUS01142,Heba Badawi,Female,"01114353181",heba.badawi15@yahoo.com,Giza,Greater Cairo,Silver,1973-02-03,2020-12-16
CUS00838,Radwa Saad,Female, 01260774044,radwa.saad72@outlook.com,Giza,Greater Cairo,Gold,1975-09-13,2023-02-22
CUS00626,Mona Lotfy,Female,"01029187023",mona.lotfy2@outlook.com,Giza,Greater Cairo,Silver,1973-04-06,2023-06-07
CUS02924,Nader Barakat,Male,"01240119082 ",nader.barakat98@outlook.com,Cairo,Greater Cairo,Bronze,1993-06-17,2023-05-05
CUS00302,Suzy Rizk,Female, 01084762274,suzy.rizk86@gmail.com,Alexandria,Alexandria,Bronze,1991-06-25,2020-08-26
CUS02781,Reham Farouk,Female,"01215071282",reham.farouk87@outlook.com,Cairo,Greater Cairo,Bronze,1980-05-25,2020-03-04
CUS02086,Wael Wahba,Male,"01091393213",wael.wahba35@yahoo.com,Alexandria,Alexandria,Silver,1995-11-14,2023-04-19
CUS01970,Yasmin Abdallah,Female,  01172310967  ,yasmin.abdallah91@outlook.com,Cairo,Greater Cairo,Bronze,1984-10-12,2023-08-14
CUS02328,Ayman Mohamed,Male,"01035940199 ","",Cairo,Greater Cairo,Bronze,1980-05-19,2022-10-02
CUS01154,Radwa Mostafa,Female, 01255226010,radwa.mostafa99@gmail.com,Tanta,Nile Delta,Gold,1990-08-08,2023-08-11
CUS00002,Zeinab Fathy,Female,"01043914361","",Port Said,Canal Zone,Silver,1978-11-10,2023-10-13
CUS01052,Hossam Badawi,Male, 01179898039,hossam.badawi52@hotmail.com,Alexandria,Alexandria,Silver,2003-08-08,2020-10-14
CUS02573,Fady Gouda,Male,  01248097542  ,"",Giza,Greater Cairo,Bronze,1983-09-23,2023-07-27
CUS02797,Ahmed Mansour,Male,"01064117511",ahmed.mansour69@hotmail.com,Cairo,Greater Cairo,Gold,1995-05-05,2023-12-19
CUS00864,Samir Attia,Male,  01137151869  ,samir.attia54@outlook.com,Giza,Greater Cairo,Bronze,1976-06-27,2020-04-26
CUS01571,Mona Farouk,Female,"01266398137",mona.farouk64@hotmail.com,Alexandria,Alexandria,Bronze,1984-03-09,2022-02-25
CUS00201,Shaimaa Rizk,Female,"01232693431",shaimaa.rizk4@hotmail.com,Mansoura,Nile Delta,Silver,1973-11-16,2023-02-05
CUS02236,Rania Barakat,Female,"01172902517",rania.barakat63@hotmail.com,Alexandria,Alexandria,Silver,1997-11-24,2023-08-21
CUS00202,Eman Rizk,Female,  01144488013  ,eman.rizk20@outlook.com,Cairo,Greater Cairo,Silver,1978-10-09,2022-03-09
CUS00956,Dina Wahba,Female, 01149330568,dina.wahba53@yahoo.com,Giza,Greater Cairo,Silver,1989-09-23,2023-06-05
CUS02854,Salma Ahmed,Female,"01291558768",salma.ahmed51@hotmail.com,Suez,Canal Zone,Bronze,1998-11-15,2020-10-28
CUS01639,Walid Ali,Male,"01047701601 ",walid.ali72@outlook.com,Sharm El Sheikh,South Sinai,Silver,1994-05-01,2022-09-09
CUS01962,Ahmed Hafez,Male,"01141856715",ahmed.hafez18@outlook.com,Giza,Greater Cairo,Gold,1971-05-03,2023-09-26
CUS02287,Engy Gouda,Female,  01115247808  ,engy.gouda79@gmail.com,Ismailia,Canal Zone,Gold,1978-06-01,2020-11-18
CUS00508,Mona Gamal,Female,"01292199318",mona.gamal93@gmail.com,Aswan,Upper Egypt,Silver,1974-07-20,2020-01-16
CUS02575,Bassem Badawi,Male,"01145280103 ",bassem.badawi24@outlook.com,Cairo,Greater Cairo,Bronze,1991-08-11,2020-06-07
CUS00582,Hana Ramadan,Female,"01047158689",hana.ramadan37@hotmail.com,Ismailia,Canal Zone,Bronze,1987-12-23,2020-07-07
CUS00332,Ayman Mohamed,Male, 01073562365,ayman.mohamed31@gmail.com,Zagazig,Nile Delta,Bronze,1991-05-08,2023-02-21
CUS01117,Reham Ragab,Female,"01117890314",reham.ragab4@yahoo.com,Cairo,Greater Cairo,Platinum,1978-04-15,2023-11-18
CUS00212,Ayman Shaaban,Male,"01061596498",ayman.shaaban46@hotmail.com,Tanta,Nile Delta,Silver,1974-09-08,2022-07-02
CUS01235,Reham Hassan,Female,"01220610410",reham.hassan34@hotmail.com,Mansoura,Nile Delta,Bronze,1992-06-18,2023-11-12
CUS01424,Eman Lotfy,Female,"01266214824 ",eman.lotfy35@yahoo.com,Cairo,Greater Cairo,Gold,1997-09-18,2022-09-24
CUS02555,Amira Mahmoud,Female,"01222574690",amira.mahmoud76@yahoo.com,Cairo,Greater Cairo,Bronze,1986-10-07,2020-05-11
CUS00529,Mariam Mansour,Female,"01089665373",mariam.mansour23@hotmail.com,Cairo,Greater Cairo,Bronze,2002-02-05,2020-04-10
CUS01211,Ahmed Lotfy,Male,"01239768686",ahmed.lotfy97@gmail.com,Giza,Greater Cairo,Gold,1994-11-09,2020-07-21
CUS00865,Mona Mohamed,Female, 01224643784,mona.mohamed23@outlook.com,Giza,Greater Cairo,Gold,1987-03-23,2023-10-17
CUS00696,Neveen Ahmed,Female, 01210409797,neveen.ahmed35@hotmail.com,Mansoura,Nile Delta,Gold,2000-04-08,2023-06-20
CUS02918,Rana Bakr,Female,"01247389079",rana.bakr39@hotmail.com,Aswan,Upper Egypt,Bronze,1988-07-11,2022-10-27
CUS00684,Hassan Mansour,Male,"01068112164","",Mansoura,Nile Delta,Bronze,1975-12-03,2022-11-17
CUS02879,Lobna Rizk,Female, 01142679457,lobna.rizk60@hotmail.com,Alexandria,Alexandria,Bronze,1994-03-16,2023-11-03
CUS00176,Mahmoud Zaki,Male,"01065963010",mahmoud.zaki90@yahoo.com,Cairo,Greater Cairo,Bronze,1991-02-02,2023-12-19
CUS02152,Lobna Lotfy,Female,  01111744307  ,"",Cairo,Greater Cairo,Silver,1977-06-20,2020-08-07
CUS02636,Ashraf Zaki,Male,"01040312385",ashraf.zaki64@yahoo.com,Mansoura,Nile Delta,Bronze,1999-09-10,2021-06-20
CUS01456,Bassem Lotfy,Male,"01060654368","",Port Said,Canal Zone,Silver,2002-08-01,2021-08-22
CUS01152,Doha Farouk,Female,"01119565463 ",doha.farouk50@hotmail.com,Aswan,Upper Egypt,Bronze,1972-03-04,2023-12-26
CUS00125,Hoda Ali,Female,"01233461307",hoda.ali2@gmail.com,Cairo,Greater Cairo,Bronze,2002-06-13,2021-07-19
CUS01357,Adel Gamal,Male,  01267599647  ,adel.gamal59@yahoo.com,Suez,Canal Zone,Bronze,1979-09-20,2021-08-25
CUS00178,Heba Barakat,Female,"01291171931",heba.barakat41@hotmail.com,Giza,Greater Cairo,Silver,1975-08-24,2022-03-20
CUS02574,Sara Hafez,Female,  01164475620  ,sara.hafez49@outlook.com,Alexandria,Alexandria,Bronze,1982-02-15,2020-09-03
CUS01254,Osama Ahmed,Male, 01259038710,osama.ahmed60@gmail.com,Cairo,Greater Cairo,Bronze,1994-05-24,2022-12-15
CUS00458,Tarek Barakat,Male, 01267716265,tarek.barakat7@outlook.com,Alexandria,Alexandria,Platinum,1990-06-06,2021-11-13
CUS01098,Doha Nasser,Female,"01250213388 ",doha.nasser5@yahoo.com,Cairo,Greater Cairo,Platinum,1991-09-28,2020-03-16
CUS00606,Zeinab Saad,Female,  01159766743  ,zeinab.saad58@hotmail.com,Alexandria,Alexandria,Silver,1984-05-16,2023-10-13
CUS00622,Sherif Zaki,Male, 01193471826,sherif.zaki5@yahoo.com,Cairo,Greater Cairo,Bronze,1995-11-12,2023-01-18
CUS01519,Reham Wahba,Female, 01244840947,reham.wahba46@outlook.com,Cairo,Greater Cairo,Silver,1991-07-13,2021-04-17
CUS02934,Wael Attia,Male,  01012775857  ,wael.attia15@yahoo.com,Alexandria,Alexandria,Bronze,1972-01-16,2023-09-27
CUS01846,Ayman Khalil,Male,  01263296865  ,ayman.khalil24@yahoo.com,Cairo,Greater Cairo,Bronze,1972-07-13,2022-11-09
CUS00437,Noha Wahba,Female,"01170974645",noha.wahba91@yahoo.com,Cairo,Greater Cairo,Platinum,1980-01-13,2023-03-09
CUS01035,Doha Amin,Female, 01259686746,doha.amin95@hotmail.com,Cairo,Greater Cairo,Bronze,1973-03-09,2023-03-08
CUS00765,Mahmoud Mahmoud,Male,"01032808207",mahmoud.mahmoud38@gmail.com,Cairo,Greater Cairo,Bronze,1972-10-01,2022-03-03
CUS01930,Essam Mostafa,Male,"01020771474",essam.mostafa82@gmail.com,Cairo,Greater Cairo,Bronze,1981-06-05,2021-07-26
CUS01443,Engy Nasser,Female,"01125288519",engy.nasser63@gmail.com,Tanta,Nile Delta,Bronze,1999-07-25,2023-11-10
CUS00283,Maged Abdallah,Male,  01268106835  ,maged.abdallah36@hotmail.com,Giza,Greater Cairo,Silver,1975-06-23,2023-05-09
CUS02895,Ibrahim Farouk,Male, 01147013272,ibrahim.farouk44@outlook.com,Cairo,Greater Cairo,Gold,1976-04-16,2021-06-23
CUS01375,Ghada Nasser,Female,"01023201902",ghada.nasser46@yahoo.com,Cairo,Greater Cairo,Bronze,2003-03-02,2023-07-10
CUS02514,Fatima Attia,Female,"01233410233",fatima.attia53@gmail.com,Alexandria,Alexandria,Silver,1976-05-20,2022-09-22
CUS01841,Essam Wahba,Male,"01025516055 ",essam.wahba59@outlook.com,Giza,Greater Cairo,Bronze,1995-01-23,2021-09-05
CUS01367,Hussein Lotfy,Male,"01160542762","",Tanta,Nile Delta,Bronze,1979-03-27,2022-06-20
CUS00888,Akram Abdallah,Male,"01253840780",akram.abdallah76@yahoo.com,Cairo,Greater Cairo,Bronze,1991-01-19,2022-06-24
CUS01877,Aisha Mostafa,Female,  01138857058  ,"",Alexandria,Alexandria,Silver,1979-11-20,2021-04-03
CUS01973,Mohamed Fathy,Male, 01215375433,mohamed.fathy41@hotmail.com,Cairo,Greater Cairo,Silver,1995-05-24,2021-10-04
CUS00200,Shaimaa Ahmed,Female,"01072930506",shaimaa.ahmed46@hotmail.com,Hurghada,Red Sea,Silver,1991-09-25,2022-03-02
CUS01601,Dina Gamal,Female,"01032302166 ",dina.gamal31@outlook.com,Cairo,Greater Cairo,Silver,1985-10-01,2022-01-02
CUS01074,Noha Mansour,Female, 01141663551,noha.mansour4@hotmail.com,Cairo,Greater Cairo,Gold,1977-10-01,2023-05-16
CUS02801,Akram Younis,Male,"01141548797","",Hurghada,Red Sea,Bronze,1993-12-05,2020-06-14
CUS00510,Radwa Ramadan,Female,"01092631573",radwa.ramadan8@yahoo.com,Zagazig,Nile Delta,Bronze,1978-02-15,2021-02-19
CUS00359,Rana Ibrahim,Female,"01069144114 ",rana.ibrahim28@outlook.com,Port Said,Canal Zone,Silver,1970-11-09,2020-11-26
CUS02806,Samir Shaaban,Male,  01155695129  ,samir.shaaban93@hotmail.com,Ismailia,Canal Zone,Silver,1972-08-06,2023-07-02
CUS02371,Ayman Ahmed,Male,"01073151137",ayman.ahmed22@gmail.com,Mansoura,Nile Delta,Silver,1975-04-17,2023-06-06
CUS02469,Hossam Barakat,Male,"01115381194",hossam.barakat31@outlook.com,Alexandria,Alexandria,Bronze,1973-05-24,2023-08-22
CUS01908,Khaled Gouda,Male,"01192734671",khaled.gouda41@yahoo.com,Giza,Greater Cairo,Bronze,1971-12-06,2020-05-28
CUS02474,Ramy Barakat,Male,  01057115103  ,ramy.barakat84@gmail.com,Zagazig,Nile Delta,Silver,1999-01-25,2023-04-04
CUS02970,Hazem Lotfy,Male,"01035077123",hazem.lotfy49@outlook.com,Alexandria,Alexandria,Silver,1995-01-15,2023-01-13
CUS01809,Sara Ali,Female,"01179945393",sara.ali54@outlook.com,Cairo,Greater Cairo,Bronze,1972-05-04,2020-02-27
CUS00614,Yasmin Hafez,Female,"01255608488",yasmin.hafez3@outlook.com,Cairo,Greater Cairo,Gold,1974-03-21,2022-01-20
CUS01361,Walid Sayed,Male, 01171543645,walid.sayed64@outlook.com,Suez,Canal Zone,Bronze,1990-09-11,2020-03-09
CUS01650,Ali Mahmoud,Male,  01217433350  ,"",Tanta,Nile Delta,Bronze,1977-11-25,2023-04-18
CUS02553,Tarek Gouda,Male,"01160133318","",Hurghada,Red Sea,Silver,2002-12-04,2022-02-17
CUS01024,Khaled Gouda,Male,"01296240962",khaled.gouda32@yahoo.com,Ismailia,Canal Zone,Silver,1983-10-22,2020-01-25
CUS01577,Magdy Ibrahim,Male,  01057994970  ,magdy.ibrahim5@outlook.com,Cairo,Greater Cairo,Bronze,1975-01-15,2021-05-07
CUS02009,Nader Hassan,Male,"01039666825",nader.hassan64@hotmail.com,Cairo,Greater Cairo,Silver,1980-12-09,2023-06-11
CUS00050,Hossam Salem,Male, 01121761279,hossam.salem4@yahoo.com,Cairo,Greater Cairo,Platinum,1973-06-01,2021-11-10
CUS00026,Nour Amin,Female,"01192181084",nour.amin16@gmail.com,Hurghada,Red Sea,Bronze,1975-07-04,2021-12-01
CUS00644,Heba Younis,Female, 01115472438,"",Giza,Greater Cairo,Bronze,1975-06-08,2021-12-08
CUS01966,Mohamed Amin,Male,"01122439236",mohamed.amin39@gmail.com,Alexandria,Alexandria,Bronze,1996-05-18,2022-01-18
CUS00665,Hassan Ibrahim,Male,"01168801935",hassan.ibrahim65@yahoo.com,Cairo,Greater Cairo,Bronze,1985-07-20,2021-12-11
CUS02243,Akram Ramadan,Male,"01220526520",akram.ramadan82@hotmail.com,Alexandria,Alexandria,Bronze,1983-12-14,2021-12-03
CUS00917,Sara Barakat,Female,"01282241369",sara.barakat94@gmail.com,Giza,Greater Cairo,Silver,1978-12-09,2023-08-27
CUS02998,Doha Mahmoud,Female, 01122335410,doha.mahmoud89@outlook.com,Giza,Greater Cairo,Silver,1995-07-06,2023-03-27
CUS00276,Mariam Hassan,Female,"01152107027",mariam.hassan99@yahoo.com,Alexandria,Alexandria,Bronze,1995-04-21,2023-06-15
CUS01025,Amr Mostafa,Male,"01150447664",amr.mostafa53@hotmail.com,Port Said,Canal Zone,Silver,2000-01-16,2022-08-26
CUS00969,Nour Ibrahim,Female,  01145268115  ,nour.ibrahim35@yahoo.com,Alexandria,Alexandria,Silver,1994-12-15,2021-11-07
CUS02487,Omar Salem,Male,  01239392062  ,omar.salem92@outlook.com,Alexandria,Alexandria,Silver,1979-10-28,2023-10-18
CUS01242,Mona Younis,Female,  01029695117  ,mona.younis61@outlook.com,Hurghada,Red Sea,Bronze,1999-11-22,2022-06-23
CUS01271,Hoda Ahmed,Female,"01119045273 ",hoda.ahmed26@hotmail.com,Tanta,Nile Delta,Bronze,1991-11-18,2022-07-10
CUS01447,Amr Ibrahim,Male, 01042825252,amr.ibrahim1@gmail.com,Tanta,Nile Delta,Silver,1973-06-04,2021-09-22
CUS00608,Doha Ismail,Female,  01146770694  ,doha.ismail93@outlook.com,Giza,Greater Cairo,Silver,1983-10-17,2020-11-13
CUS01231,Youssef Ibrahim,Male,  01066243095  ,youssef.ibrahim19@hotmail.com,Suez,Canal Zone,Silver,2001-06-02,2020-10-07
CUS02476,Essam Bakr,Male,  01256696130  ,essam.bakr18@gmail.com,Luxor,Upper Egypt,Silver,1982-02-03,2023-06-15
CUS01398,Tamer Saad,Male,"01248959030",tamer.saad85@outlook.com,Cairo,Greater Cairo,Silver,1979-04-10,2023-08-04
CUS01671,Ibrahim Gamal,Male,"01097804827",ibrahim.gamal54@gmail.com,Giza,Greater Cairo,Gold,1970-06-27,2021-02-11
CUS00673,Zeinab Ahmed,Female,"01231034514",zeinab.ahmed4@yahoo.com,Cairo,Greater Cairo,Bronze,1982-04-11,2023-10-22
CUS00395,Doha Mostafa,Female,  01097595925  ,"",Giza,Greater Cairo,Bronze,1972-03-19,2020-09-10
CUS01051,Ahmed Sayed,Male,"01184661566",ahmed.sayed87@gmail.com,Luxor,Upper Egypt,Silver,1977-09-11,2020-07-06
CUS01974,Fady Amin,Male,"01058546163",fady.amin75@yahoo.com,Alexandria,Alexandria,Silver,1995-12-05,2023-02-22
CUS00907,Engy Wahba,Female,  01233162629  ,engy.wahba41@outlook.com,Aswan,Upper Egypt,Bronze,1993-08-01,2020-03-27
CUS01740,Fady Lotfy,Male,"01293348528 ",fady.lotfy46@outlook.com,Giza,Greater Cairo,Silver,1993-10-14,2022-10-11
CUS02627,Hossam Salem,Male,"01120106846",hossam.salem91@hotmail.com,Cairo,Greater Cairo,Silver,1991-12-19,2021-04-26
CUS02296,Mohamed Farouk,Male,"01034244164",mohamed.farouk34@outlook.com,Cairo,Greater Cairo,Bronze,1988-07-20,2023-03-12
CUS02145,Reham Ismail,Female,"01297398934",reham.ismail76@yahoo.com,Alexandria,Alexandria,Silver,1979-04-19,2023-01-04
CUS00557,Ayman Gamal,Male,"01172555645",ayman.gamal25@outlook.com,Cairo,Greater Cairo,Platinum,1981-01-28,2022-03-24
CUS01537,Mohamed Gouda,Male,"01286439410",mohamed.gouda48@gmail.com,Cairo,Greater Cairo,Silver,1991-02-22,2021-10-22
CUS00349,Radwa Ragab,Female,"01214040500 ",radwa.ragab2@outlook.com,Giza,Greater Cairo,Bronze,1983-08-15,2022-06-08
CUS02384,Amr Hassan,Male,"01138966370",amr.hassan61@yahoo.com,Giza,Greater Cairo,Silver,1991-01-19,2021-08-13
CUS02940,Mariam Ragab,Female,  01040486924  ,mariam.ragab64@gmail.com,Cairo,Greater Cairo,Bronze,1983-04-12,2021-03-01
CUS00825,Zeinab Hassan,Female,  01256411493  ,"",Alexandria,Alexandria,Silver,1983-07-12,2020-09-21
CUS01629,Fady Younis,Male,  01029427697  ,fady.younis69@outlook.com,Cairo,Greater Cairo,Bronze,1989-05-05,2021-12-03
CUS00266,Adel Ramadan,Male,"01143724189",adel.ramadan3@yahoo.com,Zagazig,Nile Delta,Platinum,1990-04-14,2023-04-22
CUS00245,Youssef Ahmed,Male,  01257779407  ,"",Cairo,Greater Cairo,Silver,1987-06-14,2021-11-06
CUS00546,Hany Badawi,Male, 01096277647,"",Giza,Greater Cairo,Gold,1993-08-19,2021-04-28
CUS01194,Radwa Nasser,Female,"01093708333",radwa.nasser61@hotmail.com,Mansoura,Nile Delta,Silver,1986-10-10,2022-02-17
CUS02893,Ali Wahba,Male,"01147839392",ali.wahba15@outlook.com,Hurghada,Red Sea,Silver,1979-03-02,2020-07-09
CUS00935,Hana Hamdy,Female,"01239184664",hana.hamdy84@hotmail.com,Cairo,Greater Cairo,Bronze,1974-08-20,2021-11-20
CUS00137,Eman Younis,Female,  01034482277  ,eman.younis90@outlook.com,Alexandria,Alexandria,Bronze,1987-07-07,2021-06-01
CUS02277,Tamer Gouda,Male,  01143225726  ,tamer.gouda66@yahoo.com,Zagazig,Nile Delta,Bronze,1982-08-28,2023-07-14
CUS02541,Ibrahim Hassan,Male,"01254955799",ibrahim.hassan20@hotmail.com,Mansoura,Nile Delta,Bronze,1979-09-12,2022-03-01
CUS01600,Engy Zaki,Female, 01295546549,engy.zaki79@outlook.com,Suez,Canal Zone,Silver,1980-03-19,2023-12-16
CUS02399,Omar Mahmoud,Male, 01178606375,omar.mahmoud12@yahoo.com,Mansoura,Nile Delta,Bronze,1971-02-24,2023-01-23
CUS01701,Osama Hassan,Male, 01291335378,osama.hassan7@outlook.com,Ismailia,Canal Zone,Silver,1998-01-26,2020-03-20
CUS02239,Maged Rizk,Male,  01116429227  ,maged.rizk45@yahoo.com,Cairo,Greater Cairo,Silver,1993-08-22,2020-02-10
CUS02675,Youssef Rizk,Male,  01141830633  ,"",Suez,Canal Zone,Bronze,1972-06-24,2021-10-01
CUS01667,Magdy Abdallah,Male,"01030607888",magdy.abdallah86@hotmail.com,Cairo,Greater Cairo,Bronze,1978-04-11,2021-11-09
CUS01895,Heba Ragab,Female,"01046637295",heba.ragab39@gmail.com,Alexandria,Alexandria,Silver,1998-07-13,2021-05-06
CUS00429,Samir Farouk,Male,  01076011040  ,samir.farouk46@gmail.com,Giza,Greater Cairo,Gold,1994-11-23,2022-02-12
CUS01725,Zeinab Ismail,Female, 01220267379,zeinab.ismail72@outlook.com,Tanta,Nile Delta,Bronze,1974-02-05,2020-07-14
CUS02858,Samir Younis,Male,"01038284627",samir.younis70@hotmail.com,Cairo,Greater Cairo,Silver,1978-07-08,2023-06-03
CUS01014,Mahmoud Barakat,Male,"01067225399",mahmoud.barakat99@yahoo.com,Cairo,Greater Cairo,Bronze,2000-04-03,2021-08-21
CUS02094,Rana Rizk,Female,"01013450881",rana.rizk31@outlook.com,Alexandria,Alexandria,Bronze,1990-12-07,2023-03-10
CUS02097,Youssef Bakr,Male,"01020924873 ","",Alexandria,Alexandria,Gold,1970-03-24,2023-03-18
CUS01670,Mohamed Younis,Male,  01213686869  ,mohamed.younis19@outlook.com,Aswan,Upper Egypt,Silver,1988-12-11,2021-09-01
CUS00113,Fatima Ramadan,Female,"01081110769 ",fatima.ramadan45@gmail.com,Port Said,Canal Zone,Bronze,2003-07-12,2023-03-09
CUS01465,Reem Gouda,Female,"01249708789 ",reem.gouda54@yahoo.com,Sharm El Sheikh,South Sinai,Gold,1980-10-12,2020-03-16
CUS00118,Ali Mansour,Male,"01098165507",ali.mansour66@yahoo.com,Cairo,Greater Cairo,Bronze,2001-08-01,2021-11-02
CUS02588,Manar Amin,Female,"01118999119",manar.amin98@outlook.com,Tanta,Nile Delta,Silver,1975-08-25,2020-07-08
CUS01762,Ibrahim Saad,Male,"01133926002",ibrahim.saad9@gmail.com,Aswan,Upper Egypt,Bronze,1986-02-12,2023-09-13
CUS01170,Ayman Ahmed,Male,"01170741910 ",ayman.ahmed71@hotmail.com,Giza,Greater Cairo,Bronze,1978-07-23,2022-04-19
CUS00883,Dina Mohamed,Female,"01088769634",dina.mohamed36@yahoo.com,Cairo,Greater Cairo,Bronze,1979-11-19,2020-10-27
CUS00056,Ramy Ragab,Male,"01186775659",ramy.ragab78@outlook.com,Port Said,Canal Zone,Silver,1986-07-21,2020-07-11
CUS00625,Salma Mahmoud,Female,  01192545856  ,salma.mahmoud43@outlook.com,Mansoura,Nile Delta,Bronze,1976-12-13,2022-03-11
CUS02056,Mohamed Ismail,Male,"01051795025",mohamed.ismail82@hotmail.com,Mansoura,Nile Delta,Platinum,1993-11-25,2020-02-23
CUS00604,Hossam Khalil,Male,  01150888220  ,hossam.khalil24@yahoo.com,Cairo,Greater Cairo,Bronze,1981-02-25,2020-04-07
CUS01470,Hassan Ragab,Male, 01037675125,hassan.ragab4@outlook.com,Hurghada,Red Sea,Silver,1995-09-03,2021-02-16
CUS00476,Sherif Attia,Male, 01055694444,sherif.attia98@hotmail.com,Sharm El Sheikh,South Sinai,Gold,1994-04-16,2023-11-05
CUS00869,Mona Ali,Female,"01240812818",mona.ali83@gmail.com,Luxor,Upper Egypt,Bronze,1979-05-12,2022-06-03
CUS02396,Bassem Mahmoud,Male,"01160922178",bassem.mahmoud80@outlook.com,Giza,Greater Cairo,Silver,1973-05-01,2022-03-27
CUS00895,Magdy Shaaban,Male,"01066882181",magdy.shaaban86@hotmail.com,Mansoura,Nile Delta,Silver,1987-02-16,2023-02-05
CUS02554,Khaled Younis,Male,"01234774343",khaled.younis34@outlook.com,Port Said,Canal Zone,Bronze,1988-07-26,2020-09-15
CUS00091,Doha Ahmed,Female,"01093290380",doha.ahmed82@hotmail.com,Cairo,Greater Cairo,Bronze,1970-12-09,2021-12-07
CUS01157,Bassem Rizk,Male,"01074579455",bassem.rizk30@gmail.com,Cairo,Greater Cairo,Gold,2000-09-21,2021-08-10
CUS00851,Manar Mostafa,Female,"01064044021",manar.mostafa19@gmail.com,Cairo,Greater Cairo,Silver,1999-08-23,2022-01-13
CUS01123,Shaimaa Mahmoud,Female,  01142875807  ,shaimaa.mahmoud76@hotmail.com,Luxor,Upper Egypt,Bronze,1997-08-09,2021-04-14
CUS00826,Samir Farouk,Male,"01156030008",samir.farouk22@yahoo.com,Suez,Canal Zone,Silver,1984-07-17,2021-10-20
CUS01631,Rania Rizk,Female,"01099863623",rania.rizk12@gmail.com,Zagazig,Nile Delta,Silver,1977-10-25,2020-10-26
CUS01441,Ashraf Salem,Male,"01226979489 ","",Ismailia,Canal Zone,Bronze,1977-11-15,2023-04-28
CUS00551,Hoda Attia,Female,  01228164926  ,hoda.attia23@yahoo.com,Alexandria,Alexandria,Bronze,1983-06-24,2023-02-01
CUS00992,Eman Hafez,Female,"01159757038",eman.hafez94@outlook.com,Tanta,Nile Delta,Gold,1982-06-08,2020-07-07
CUS01907,Hazem Ibrahim,Male,  01130280473  ,hazem.ibrahim84@hotmail.com,Port Said,Canal Zone,Silver,2001-01-02,2023-06-20
CUS02877,Hossam Gamal,Male,"01050185344",hossam.gamal50@yahoo.com,Alexandria,Alexandria,Bronze,1972-12-18,2021-09-12
CUS00155,Fatima Lotfy,Female,"01052857940",fatima.lotfy7@outlook.com,Ismailia,Canal Zone,Silver,1973-05-17,2023-10-19
CUS01687,Nader Abdallah,Male, 01035137242,nader.abdallah88@outlook.com,Port Said,Canal Zone,Bronze,1991-11-25,2022-04-06
CUS00570,Amira Abdallah,Female, 01022133101,amira.abdallah22@outlook.com,Giza,Greater Cairo,Bronze,1978-11-11,2020-11-05
CUS00181,Aisha Mansour,Female,"01174304823",aisha.mansour81@outlook.com,Giza,Greater Cairo,Gold,1982-06-27,2022-08-26
CUS01061,Youssef Hassan,Male, 01245755742,youssef.hassan53@gmail.com,Luxor,Upper Egypt,Bronze,2003-02-28,2023-09-23
CUS01885,Tarek Mansour,Male, 01026937073,tarek.mansour32@outlook.com,Cairo,Greater Cairo,Bronze,1993-05-23,2023-10-02
CUS01155,Tarek Fathy,Male,  01144842564  ,tarek.fathy77@outlook.com,Mansoura,Nile Delta,Bronze,2002-02-11,2021-04-24
CUS02521,Rana Salem,Female, 01020088018,"",Tanta,Nile Delta,Bronze,1982-09-21,2020-10-10
CUS01735,Maged Farouk,Male,"01161017988",maged.farouk34@outlook.com,Cairo,Greater Cairo,Bronze,2003-07-27,2023-12-08
CUS02961,Sherif Hamdy,Male,"01185579536",sherif.hamdy40@hotmail.com,Cairo,Greater Cairo,Gold,1982-07-05,2021-09-16
CUS01637,Hany Shaaban,Male,"01264293820","",Giza,Greater Cairo,Gold,1988-02-06,2021-07-25
CUS01521,Heba Ismail,Female, 01189070577,"",Cairo,Greater Cairo,Bronze,1994-01-09,2020-04-17
CUS02992,Fady Nasser,Male,  01163476495  ,fady.nasser49@yahoo.com,Hurghada,Red Sea,Bronze,2003-07-18,2020-11-28
CUS01364,Amr Mostafa,Male,"01233634793",amr.mostafa1@outlook.com,Mansoura,Nile Delta,Bronze,1992-11-08,2021-03-27
CUS02436,Yasmin Ismail,Female,  01113965137  ,yasmin.ismail60@outlook.com,Giza,Greater Cairo,Bronze,1982-01-19,2020-11-22
CUS00647,Heba Wahba,Female, 01091079800,heba.wahba29@outlook.com,Alexandria,Alexandria,Bronze,2000-09-11,2022-10-27
CUS00976,Youssef Ibrahim,Male,"01080095741",youssef.ibrahim13@outlook.com,Cairo,Greater Cairo,Bronze,1992-09-26,2020-02-17
CUS01516,Karim Khalil,Male,"01298719014",karim.khalil95@yahoo.com,Cairo,Greater Cairo,Bronze,1979-01-02,2022-04-18
CUS02392,Nadia Salem,Female,"01084843081",nadia.salem96@hotmail.com,Cairo,Greater Cairo,Bronze,1983-10-10,2021-09-17
CUS01239,Sherif Amin,Male,  01036855295  ,sherif.amin3@gmail.com,Ismailia,Canal Zone,Silver,1991-12-14,2023-08-02
CUS01518,Mohamed Mansour,Male,"01158132110",mohamed.mansour52@hotmail.com,Suez,Canal Zone,Bronze,1981-05-01,2020-12-19
CUS01594,Hoda Badawi,Female,"01271886181",hoda.badawi40@yahoo.com,Cairo,Greater Cairo,Gold,1985-11-14,2022-05-20
CUS01498,Tarek Ragab,Male,"01290242618",tarek.ragab11@gmail.com,Alexandria,Alexandria,Silver,1974-02-20,2020-11-11
CUS02967,Ibrahim Bakr,Male,"01221940949 ",ibrahim.bakr8@outlook.com,Zagazig,Nile Delta,Platinum,1980-03-20,2021-10-17
CUS02869,Engy Attia,Female, 01027978174,engy.attia68@yahoo.com,Giza,Greater Cairo,Bronze,1991-10-20,2020-01-07
CUS01780,Sherif Hamdy,Male,"01164024116","",Aswan,Upper Egypt,Silver,1999-02-14,2020-01-07
CUS02191,Hoda Younis,Female,"01160605064",hoda.younis8@hotmail.com,Cairo,Greater Cairo,Bronze,1987-10-13,2023-05-04
CUS01180,Doha Abdallah,Female,  01024212949  ,doha.abdallah41@gmail.com,Alexandria,Alexandria,Silver,1987-01-07,2022-04-24
CUS01452,Dalia Ramadan,Female,"01169880867",dalia.ramadan65@outlook.com,Mansoura,Nile Delta,Silver,2001-02-08,2021-07-08
CUS01878,Mahmoud Lotfy,Male,"01050393690",mahmoud.lotfy8@hotmail.com,Alexandria,Alexandria,Silver,2003-03-26,2022-09-10
CUS02523,Ahmed Ramadan,Male, 01140694296,ahmed.ramadan91@yahoo.com,Giza,Greater Cairo,Platinum,1983-12-22,2023-03-11
CUS01178,Mariam Mansour,Female,  01240746598  ,mariam.mansour55@hotmail.com,Cairo,Greater Cairo,Silver,1995-08-03,2023-06-05
CUS02820,Youssef Attia,Male, 01190108427,youssef.attia78@yahoo.com,Giza,Greater Cairo,Bronze,1981-10-03,2022-04-18
CUS01967,Akram Rizk,Male,"01283840258",akram.rizk98@gmail.com,Cairo,Greater Cairo,Silver,1997-02-14,2022-10-20
CUS02442,Hazem Mohamed,Male, 01265703311,hazem.mohamed61@hotmail.com,Alexandria,Alexandria,Silver,1997-12-14,2021-11-01
CUS02583,Ayman Wahba,Male,"01079707613",ayman.wahba39@gmail.com,Alexandria,Alexandria,Bronze,1995-10-28,2021-06-19
CUS01872,Ola Attia,Female, 01198574862,ola.attia80@yahoo.com,Cairo,Greater Cairo,Bronze,1983-07-28,2023-03-17
CUS01484,Ayman Bakr,Male,"01082856005","",Cairo,Greater Cairo,Bronze,1970-11-11,2023-11-10
CUS00868,Eman Hafez,Female, 01192362416,eman.hafez16@gmail.com,Cairo,Greater Cairo,Bronze,1997-06-26,2023-06-01
CUS02329,Nader Ismail,Male,"01193757881",nader.ismail99@hotmail.com,Mansoura,Nile Delta,Bronze,1979-03-23,2021-07-04
CUS02255,Noha Badawi,Female, 01144314984,noha.badawi81@hotmail.com,Luxor,Upper Egypt,Platinum,1991-07-23,2023-07-07
CUS02132,Mariam Gouda,Female,  01211339690  ,mariam.gouda12@outlook.com,Cairo,Greater Cairo,Silver,1988-07-19,2021-08-22
CUS02690,Youssef Mansour,Male,"01162059096 ",youssef.mansour29@yahoo.com,Giza,Greater Cairo,Bronze,1979-05-26,2022-01-09
CUS01651,Hazem Mahmoud,Male,  01010162044  ,hazem.mahmoud25@hotmail.com,Cairo,Greater Cairo,Bronze,1978-02-28,2023-10-20
CUS00773,Salma Bakr,Female,"01197517299",salma.bakr51@hotmail.com,Cairo,Greater Cairo,Bronze,1984-08-09,2020-09-08
CUS01558,Hussein Mostafa,Male,"01237790964",hussein.mostafa51@hotmail.com,Giza,Greater Cairo,Silver,1981-08-06,2023-08-02
CUS01821,Ghada Wahba,Female, 01071301736,ghada.wahba80@hotmail.com,Cairo,Greater Cairo,Bronze,1972-07-27,2020-08-09
CUS02205,Suzy Khalil,Female,"01033684726",suzy.khalil40@yahoo.com,Zagazig,Nile Delta,Bronze,1996-09-24,2023-04-24
CUS02672,Suzy Lotfy,Female, 01037867319,suzy.lotfy96@outlook.com,Giza,Greater Cairo,Bronze,1984-05-09,2021-04-24
CUS00762,Doha Ahmed,Female,"01130675696 ",doha.ahmed40@yahoo.com,Giza,Greater Cairo,Silver,1997-07-27,2023-08-13
CUS00677,Mahmoud Abdallah,Male,"01132878479",mahmoud.abdallah57@yahoo.com,Cairo,Greater Cairo,Gold,1994-08-13,2023-01-16
CUS02180,Zeinab Lotfy,Female,"01152875790",zeinab.lotfy10@outlook.com,Alexandria,Alexandria,Bronze,2001-09-18,2022-01-28
CUS00416,Heba Ramadan,Female, 01154866590,heba.ramadan17@hotmail.com,Giza,Greater Cairo,Bronze,1981-05-16,2022-12-26
CUS01533,Neveen Barakat,Female,"01124002515",neveen.barakat45@yahoo.com,Tanta,Nile Delta,Silver,1995-07-24,2021-07-02
CUS02292,Reham Ali,Female, 01085487077,reham.ali47@hotmail.com,Giza,Greater Cairo,Silver,1984-11-13,2020-08-02
CUS02111,Aisha Saad,Female,"01013009431 ",aisha.saad9@outlook.com,Cairo,Greater Cairo,Bronze,1973-09-12,2023-04-15
CUS02023,Reham Wahba,Female,"01044660244",reham.wahba92@yahoo.com,Port Said,Canal Zone,Silver,2000-03-14,2021-02-11
CUS02475,Sherif Fathy,Male,"01084663795",sherif.fathy64@hotmail.com,Alexandria,Alexandria,Bronze,1994-10-07,2023-03-06
CUS02184,Ahmed Mansour,Male,"01057853708",ahmed.mansour88@hotmail.com,Giza,Greater Cairo,Bronze,2002-11-18,2021-02-28
CUS02762,Walid Ismail,Male,"01135888722",walid.ismail3@hotmail.com,Cairo,Greater Cairo,Bronze,1978-07-28,2021-10-10
CUS01262,Reem Nasser,Female,"01193942023",reem.nasser60@yahoo.com,Hurghada,Red Sea,Gold,1979-03-25,2021-02-14
CUS00253,Doha Mostafa,Female,"01076547299","",Luxor,Upper Egypt,Bronze,1999-02-17,2022-08-04
CUS01114,Aisha Saad,Female,"01173680989",aisha.saad54@hotmail.com,Alexandria,Alexandria,Gold,1989-12-27,2022-02-08
CUS00627,Manar Badawi,Female,"01183266696 ",manar.badawi44@hotmail.com,Alexandria,Alexandria,Gold,1983-08-20,2021-05-11
CUS01274,Zeinab Saad,Female, 01263498812,zeinab.saad13@yahoo.com,Cairo,Greater Cairo,Bronze,1991-08-22,2022-08-14
CUS00446,Khaled Badawi,Male,"01252096774 ",khaled.badawi88@gmail.com,Port Said,Canal Zone,Bronze,1993-09-28,2020-12-26
CUS01321,Hussein Ismail,Male,"01134365277",hussein.ismail32@hotmail.com,Cairo,Greater Cairo,Bronze,1984-11-06,2022-07-22
CUS02366,Nadia Saad,Female,"01269954826",nadia.saad94@outlook.com,Cairo,Greater Cairo,Bronze,1990-07-11,2022-05-06
CUS01576,Essam Ali,Male,"01190013011 ",essam.ali53@yahoo.com,Cairo,Greater Cairo,Bronze,1998-08-15,2023-04-16
CUS02121,Akram Mahmoud,Male,"01061552098",akram.mahmoud90@hotmail.com,Hurghada,Red Sea,Platinum,1989-10-12,2022-07-22
CUS00731,Akram Younis,Male,"01214149208 ",akram.younis99@gmail.com,Cairo,Greater Cairo,Bronze,2001-02-14,2022-05-13
CUS00523,Hazem Gamal,Male,"01214375434",hazem.gamal10@yahoo.com,Ismailia,Canal Zone,Bronze,1983-07-27,2023-09-24
CUS00970,Tarek Farouk,Male,"01171535643 ",tarek.farouk28@yahoo.com,Alexandria,Alexandria,Bronze,1971-01-13,2022-01-03
CUS00167,Emad Farouk,Male,  01058219240  ,emad.farouk61@hotmail.com,Giza,Greater Cairo,Bronze,1984-04-22,2021-07-16
CUS01341,Shaimaa Bakr,Female, 01091546931,shaimaa.bakr49@hotmail.com,Cairo,Greater Cairo,Bronze,1978-08-23,2023-04-20
CUS00959,Ghada Salem,Female,"01146642579",ghada.salem76@yahoo.com,Cairo,Greater Cairo,Silver,1996-09-02,2022-05-18
CUS01881,Maged Ragab,Male, 01220638875,"",Tanta,Nile Delta,Silver,2003-09-22,2020-10-14
CUS00605,Akram Gouda,Male,"01238224904",akram.gouda22@yahoo.com,Cairo,Greater Cairo,Platinum,1976-11-10,2021-06-17
CUS00345,Rana Hamdy,Female, 01021278067,"",Giza,Greater Cairo,Bronze,1986-09-03,2022-07-15
CUS00987,Amira Farouk,Female,"01196868831",amira.farouk50@yahoo.com,Tanta,Nile Delta,Bronze,1996-06-01,2023-02-03
CUS00086,Hossam Hassan,Male,"01268090825",hossam.hassan23@yahoo.com,Giza,Greater Cairo,Silver,2003-12-02,2021-02-13
CUS02053,Zeinab Bakr,Female,"01240691047",zeinab.bakr51@hotmail.com,Cairo,Greater Cairo,Bronze,1996-01-02,2022-11-05
CUS00428,Emad Mostafa,Male,  01249827566  ,"",Suez,Canal Zone,Bronze,1971-01-04,2021-01-08
CUS00592,Hoda Lotfy,Female,  01282120748  ,hoda.lotfy4@outlook.com,Mansoura,Nile Delta,Bronze,1974-07-09,2023-12-02
CUS02821,Ghada Gouda,Female,"01160246656",ghada.gouda47@yahoo.com,Port Said,Canal Zone,Bronze,1994-02-16,2023-07-01
CUS02842,Hoda Amin,Female,"01076861330",hoda.amin48@yahoo.com,Zagazig,Nile Delta,Bronze,1994-08-03,2020-03-04
CUS00378,Mona Sayed,Female,"01060421010",mona.sayed61@hotmail.com,Cairo,Greater Cairo,Silver,1983-09-26,2023-06-12
CUS02727,Manar Ibrahim,Female,"01032669627",manar.ibrahim14@gmail.com,Cairo,Greater Cairo,Silver,1997-11-05,2022-05-25
CUS02738,Nadia Gamal,Female,"01036749817",nadia.gamal97@hotmail.com,Alexandria,Alexandria,Bronze,1987-02-17,2021-06-01
CUS00886,Mahmoud Badawi,Male,"01281022010",mahmoud.badawi94@yahoo.com,Cairo,Greater Cairo,Bronze,1978-12-11,2020-05-19
CUS02064,Wael Mohamed,Male, 01235583776,wael.mohamed27@outlook.com,Giza,Greater Cairo,Bronze,1977-07-19,2023-10-26
CUS00571,Adel Mahmoud,Male,  01068592599  ,adel.mahmoud48@gmail.com,Alexandria,Alexandria,Bronze,1981-04-28,2023-03-12
CUS02531,Reham Younis,Female, 01267885778,reham.younis98@outlook.com,Tanta,Nile Delta,Gold,1982-12-20,2021-01-05
CUS02393,Essam Amin,Male,  01253554139  ,essam.amin58@outlook.com,Giza,Greater Cairo,Bronze,1989-11-18,2021-11-26
CUS00040,Ola Wahba,Female, 01013498112,ola.wahba8@outlook.com,Giza,Greater Cairo,Platinum,1990-07-09,2022-10-08
CUS01624,Lobna Farouk,Female,"01193008473",lobna.farouk36@gmail.com,Port Said,Canal Zone,Platinum,1990-03-20,2023-10-19
CUS00329,Hany Barakat,Male,"01213102778",hany.barakat72@outlook.com,Giza,Greater Cairo,Silver,1987-04-28,2020-07-21
CUS00062,Fatima Gouda,Female, 01211135982,fatima.gouda91@hotmail.com,Cairo,Greater Cairo,Bronze,1978-11-06,2023-07-28
CUS00585,Dina Fathy,Female,"01281080601 ",dina.fathy4@yahoo.com,Mansoura,Nile Delta,Silver,1992-02-07,2021-10-12
CUS00146,Yasmin Younis,Female,  01124826245  ,yasmin.younis23@gmail.com,Cairo,Greater Cairo,Bronze,1990-07-21,2021-02-16
CUS00377,Dina Younis,Female, 01118625158,dina.younis13@gmail.com,Aswan,Upper Egypt,Platinum,1975-07-04,2020-05-25
CUS00335,Dalia Barakat,Female,  01023782772  ,dalia.barakat74@yahoo.com,Cairo,Greater Cairo,Bronze,1991-10-07,2022-06-14
CUS01814,Eman Gamal,Female,  01245592724  ,eman.gamal87@gmail.com,Cairo,Greater Cairo,Silver,1980-03-02,2023-08-12
CUS01562,Nadia Ali,Female,  01050046248  ,nadia.ali77@outlook.com,Cairo,Greater Cairo,Bronze,2001-11-01,2020-02-18
CUS02799,Hossam Rizk,Male, 01047068493,hossam.rizk50@outlook.com,Ismailia,Canal Zone,Silver,2002-10-09,2020-05-10
CUS00108,Ola Fathy,Female,"01228652010 ",ola.fathy20@yahoo.com,Zagazig,Nile Delta,Silver,2000-10-01,2021-06-20
CUS02597,Ali Farouk,Male,"01133289986 ",ali.farouk97@yahoo.com,Cairo,Greater Cairo,Bronze,1987-12-14,2020-05-22
CUS01172,Heba Khalil,Female,"01059848952",heba.khalil5@hotmail.com,Ismailia,Canal Zone,Gold,1972-03-06,2022-09-19
CUS02220,Karim Saad,Male,  01160560759  ,karim.saad99@hotmail.com,Cairo,Greater Cairo,Bronze,1996-02-13,2021-03-26
CUS02141,Omar Wahba,Male,"01290449200",omar.wahba1@gmail.com,Aswan,Upper Egypt,Silver,1992-03-26,2022-02-09
CUS00721,Wael Sayed,Male,"01142397292",wael.sayed91@outlook.com,Port Said,Canal Zone,Bronze,1999-07-24,2021-10-14
CUS00736,Essam Saad,Male,"01044188706",essam.saad51@gmail.com,Luxor,Upper Egypt,Gold,1999-09-11,2020-04-26
CUS02440,Dalia Badawi,Female,  01084841091  ,"",Cairo,Greater Cairo,Bronze,1970-04-04,2022-12-09
CUS01143,Dalia Ragab,Female,"01262070271",dalia.ragab92@gmail.com,Tanta,Nile Delta,Silver,1972-12-04,2022-02-19
CUS00151,Doha Amin,Female,"01244103265 ","",Suez,Canal Zone,Bronze,1983-07-25,2020-05-20
CUS01075,Samir Bakr,Male, 01268662999,samir.bakr29@hotmail.com,Ismailia,Canal Zone,Bronze,1993-10-08,2020-08-27
CUS02383,Hana Fathy,Female,"01246116215 ",hana.fathy50@outlook.com,Suez,Canal Zone,Bronze,1986-05-24,2021-04-27
CUS01859,Hossam Shaaban,Male,"01189796198 ",hossam.shaaban57@outlook.com,Aswan,Upper Egypt,Gold,2001-11-14,2023-10-09
CUS01288,Doha Saad,Female,"01247657195",doha.saad10@outlook.com,Giza,Greater Cairo,Bronze,1998-01-22,2023-08-11
CUS02188,Osama Sayed,Male,"01242989642",osama.sayed3@hotmail.com,Hurghada,Red Sea,Silver,1988-09-14,2020-05-22
CUS00018,Maged Mohamed,Male,"01110090721",maged.mohamed84@hotmail.com,Alexandria,Alexandria,Silver,1977-03-15,2021-05-03
CUS02840,Ashraf Sayed,Male,"01233621676 ","",Giza,Greater Cairo,Silver,2002-02-14,2022-06-08
CUS00327,Karim Badawi,Male,"01047733231",karim.badawi81@hotmail.com,Alexandria,Alexandria,Platinum,1970-04-24,2021-04-16
CUS01073,Ayman Shaaban,Male,  01060711458  ,ayman.shaaban79@outlook.com,Cairo,Greater Cairo,Gold,1993-03-10,2023-03-11
CUS02939,Fady Rizk,Male,"01272626684","",Port Said,Canal Zone,Platinum,2003-01-11,2021-05-05
CUS02550,Omar Ismail,Male,"01226014825",omar.ismail14@hotmail.com,Cairo,Greater Cairo,Bronze,1992-11-16,2023-07-06
CUS02647,Suzy Saad,Female,"01017115745",suzy.saad47@hotmail.com,Port Said,Canal Zone,Platinum,1990-06-20,2022-08-28
CUS00936,Hazem Wahba,Male,"01193496702",hazem.wahba20@gmail.com,Cairo,Greater Cairo,Silver,1986-09-24,2022-06-16
CUS02705,Ramy Mostafa,Male, 01240594151,ramy.mostafa16@hotmail.com,Hurghada,Red Sea,Bronze,1987-02-09,2021-08-16
CUS01319,Yasmin Mohamed,Female,"01037622902",yasmin.mohamed36@gmail.com,Cairo,Greater Cairo,Gold,1976-07-14,2020-06-08
CUS00132,Walid Sayed,Male,  01217224328  ,"",Cairo,Greater Cairo,Bronze,1976-02-16,2022-10-05
CUS01856,Tarek Hamdy,Male,"01075618063",tarek.hamdy80@gmail.com,Cairo,Greater Cairo,Bronze,1998-10-07,2023-11-16
CUS00075,Amira Gamal,Female,"01083569939",amira.gamal1@gmail.com,Tanta,Nile Delta,Silver,1996-05-06,2020-02-27
CUS01247,Nour Amin,Female,"01013128008",nour.amin59@hotmail.com,Cairo,Greater Cairo,Bronze,1971-03-12,2023-12-20
CUS02317,Amira Hassan,Female,"01199249717 ","",Cairo,Greater Cairo,Bronze,1979-01-02,2021-11-10
CUS02717,Manar Gouda,Female, 01266025173,manar.gouda83@hotmail.com,Mansoura,Nile Delta,Silver,1983-07-01,2020-07-13
CUS02303,Amira Gamal,Female, 01157408620,amira.gamal56@yahoo.com,Alexandria,Alexandria,Bronze,1982-05-05,2020-04-18
CUS00365,Ayman Amin,Male, 01176937935,"",Port Said,Canal Zone,Bronze,1975-01-05,2023-12-11
CUS00474,Nader Lotfy,Male,"01088309763",nader.lotfy53@outlook.com,Suez,Canal Zone,Bronze,1987-12-06,2020-09-17
CUS02262,Amira Hassan,Female,"01233801615",amira.hassan70@outlook.com,Mansoura,Nile Delta,Silver,1979-03-18,2023-02-12
CUS00524,Nour Gouda,Female,  01146129093  ,nour.gouda99@hotmail.com,Aswan,Upper Egypt,Silver,2003-09-15,2021-08-11
CUS02326,Neveen Mohamed,Female,"01010762307",neveen.mohamed30@hotmail.com,Port Said,Canal Zone,Bronze,1974-10-23,2021-07-08
CUS00385,Karim Mostafa,Male,"01161028923",karim.mostafa50@outlook.com,Zagazig,Nile Delta,Silver,1993-03-28,2022-06-26
CUS01634,Fatima Zaki,Female,"01258473870 ","",Hurghada,Red Sea,Bronze,1989-08-02,2023-08-04
CUS02917,Mahmoud Nasser,Male, 01130519904,mahmoud.nasser87@hotmail.com,Zagazig,Nile Delta,Bronze,1975-01-05,2021-11-12
CUS00010,Ibrahim Mansour,Male,"01262138657 ",ibrahim.mansour82@yahoo.com,Tanta,Nile Delta,Bronze,1993-12-05,2021-08-10
CUS02552,Reham Bakr,Female,"01073541182",reham.bakr78@hotmail.com,Cairo,Greater Cairo,Bronze,1981-07-13,2021-09-07
CUS02095,Omar Saad,Male,"01189233826 ",omar.saad81@outlook.com,Giza,Greater Cairo,Gold,1996-01-14,2021-12-15
CUS00815,Noha Abdallah,Female,"01026429653",noha.abdallah68@gmail.com,Luxor,Upper Egypt,Bronze,1974-01-09,2022-11-24
CUS01828,Nour Hafez,Female, 01140556252,"",Ismailia,Canal Zone,Bronze,1979-01-21,2022-06-14
CUS00500,Hazem Barakat,Male,"01189034390",hazem.barakat6@gmail.com,Ismailia,Canal Zone,Silver,1986-03-23,2021-04-04
CUS01066,Ashraf Attia,Male,"01179657329",ashraf.attia69@gmail.com,Zagazig,Nile Delta,Silver,1985-05-27,2023-05-25
CUS00885,Maged Ragab,Male,"01025457307","",Hurghada,Red Sea,Gold,1999-11-05,2023-02-05
CUS00265,Manar Farouk,Female,"01222714930",manar.farouk55@yahoo.com,Luxor,Upper Egypt,Gold,1975-12-28,2022-02-21
CUS01016,Ghada Zaki,Female,"01287607161","",Port Said,Canal Zone,Bronze,1982-01-17,2020-10-03
CUS01782,Mona Wahba,Female,  01189707590  ,mona.wahba70@outlook.com,Suez,Canal Zone,Silver,1985-05-17,2023-11-06
CUS00997,Yasmin Mostafa,Female,  01269946219  ,yasmin.mostafa47@hotmail.com,Suez,Canal Zone,Silver,1975-06-24,2021-07-17
CUS01013,Sara Fathy,Female,  01222053475  ,sara.fathy92@outlook.com,Port Said,Canal Zone,Silver,1976-03-24,2023-08-18
CUS02853,Tarek Fathy,Male,  01059668050  ,tarek.fathy3@yahoo.com,Cairo,Greater Cairo,Bronze,1986-01-10,2022-05-15
CUS01082,Sara Gamal,Female,  01136346840  ,sara.gamal9@hotmail.com,Cairo,Greater Cairo,Silver,1981-08-18,2021-02-15
CUS00636,Zeinab Ahmed,Female,"01247026058",zeinab.ahmed33@hotmail.com,Giza,Greater Cairo,Silver,1976-05-27,2020-01-04
CUS00370,Bassem Gouda,Male,  01272982807  ,bassem.gouda94@hotmail.com,Cairo,Greater Cairo,Gold,1974-06-05,2023-07-14
CUS01596,Eman Mohamed,Female,"01188004977",eman.mohamed73@hotmail.com,Alexandria,Alexandria,Bronze,1988-03-10,2020-10-03
CUS02519,Fady Barakat,Male,"01192011499",fady.barakat15@outlook.com,Tanta,Nile Delta,Bronze,1975-02-18,2022-03-28
CUS02560,Hazem Amin,Male,"01090763816",hazem.amin97@gmail.com,Alexandria,Alexandria,Bronze,1998-10-21,2021-03-26
CUS01505,Sherif Hamdy,Male,  01011162685  ,sherif.hamdy54@hotmail.com,Giza,Greater Cairo,Platinum,1974-09-22,2020-06-07
CUS02332,Ashraf Shaaban,Male,"01217181290",ashraf.shaaban1@gmail.com,Cairo,Greater Cairo,Gold,1990-05-11,2020-08-13
CUS01694,Reem Shaaban,Female,"01066920243",reem.shaaban20@gmail.com,Cairo,Greater Cairo,Silver,1994-12-22,2023-06-11
CUS01446,Ashraf Attia,Male,"01082003712",ashraf.attia13@gmail.com,Cairo,Greater Cairo,Silver,1992-05-21,2020-04-27
CUS01683,Bassem Hafez,Male,"01170656290",bassem.hafez94@hotmail.com,Mansoura,Nile Delta,Silver,1988-11-08,2021-06-19
CUS01987,Ayman Badawi,Male,"01136865874",ayman.badawi16@outlook.com,Zagazig,Nile Delta,Silver,1985-12-25,2020-11-11
CUS00401,Ramy Younis,Male, 01032917330,ramy.younis87@outlook.com,Cairo,Greater Cairo,Bronze,1987-10-04,2023-10-05
CUS01590,Ayman Fathy,Male,  01092869403  ,"",Tanta,Nile Delta,Silver,2000-11-05,2021-09-24
CUS02268,Hossam Amin,Male,  01132090814  ,hossam.amin33@outlook.com,Tanta,Nile Delta,Silver,1988-06-02,2021-07-01
CUS01258,Manar Younis,Female, 01227900806,manar.younis59@outlook.com,Alexandria,Alexandria,Bronze,1986-01-06,2021-05-06
CUS01435,Rana Ramadan,Female,"01113858404",rana.ramadan57@outlook.com,Cairo,Greater Cairo,Silver,1986-02-06,2021-01-19
CUS01283,Eman Barakat,Female,"01280059269",eman.barakat67@outlook.com,Alexandria,Alexandria,Bronze,1980-04-01,2022-02-19
CUS02039,Fady Barakat,Male,  01131424500  ,fady.barakat45@gmail.com,Cairo,Greater Cairo,Bronze,1988-02-22,2023-05-12
CUS02730,Zeinab Mahmoud,Female,"01040144463",zeinab.mahmoud83@gmail.com,Alexandria,Alexandria,Bronze,1989-05-09,2020-09-11
CUS01820,Mahmoud Ibrahim,Male,"01084062798",mahmoud.ibrahim73@hotmail.com,Giza,Greater Cairo,Silver,2001-02-09,2020-07-01
CUS01679,Omar Abdallah,Male,"01288747091",omar.abdallah36@outlook.com,Cairo,Greater Cairo,Silver,2002-11-19,2020-12-04
CUS02843,Adel Hassan,Male,"01128847760",adel.hassan35@gmail.com,Suez,Canal Zone,Bronze,1994-10-25,2023-03-20
CUS02815,Osama Ragab,Male,"01032725140 ",osama.ragab40@yahoo.com,Alexandria,Alexandria,Bronze,1972-05-28,2023-10-08
CUS00961,Nader Gamal,Male,"01037647507","",Cairo,Greater Cairo,Bronze,1975-06-13,2022-06-04
CUS00780,Suzy Attia,Female,"01136724504",suzy.attia3@hotmail.com,Mansoura,Nile Delta,Gold,1994-06-21,2022-07-24
CUS00392,Amr Lotfy,Male, 01261284717,amr.lotfy11@gmail.com,Giza,Greater Cairo,Gold,1975-08-28,2023-11-22
CUS00764,Ayman Fathy,Male,  01016893126  ,ayman.fathy47@hotmail.com,Zagazig,Nile Delta,Gold,1975-12-21,2020-01-06
CUS02318,Fady Badawi,Male,  01292684135  ,fady.badawi43@yahoo.com,Giza,Greater Cairo,Gold,2003-12-18,2021-10-26
CUS02450,Hazem Ragab,Male,  01121660380  ,hazem.ragab71@gmail.com,Giza,Greater Cairo,Silver,1981-10-14,2022-04-16
CUS02254,Shaimaa Attia,Female,  01119660505  ,shaimaa.attia78@yahoo.com,Aswan,Upper Egypt,Bronze,1994-05-24,2023-11-08
CUS00776,Nadia Khalil,Female,"01131724678","",Cairo,Greater Cairo,Silver,1988-11-09,2022-05-18
CUS02140,Reem Ahmed,Female,  01184551091  ,reem.ahmed51@hotmail.com,Luxor,Upper Egypt,Gold,1993-07-17,2021-05-28
CUS01268,Lobna Nasser,Female, 01089252562,lobna.nasser71@gmail.com,Alexandria,Alexandria,Bronze,1978-03-24,2020-06-20
CUS02048,Fatima Ahmed,Female,"01069248631 ",fatima.ahmed7@outlook.com,Tanta,Nile Delta,Bronze,1999-11-05,2022-11-16
CUS01295,Youssef Nasser,Male,  01194842464  ,youssef.nasser5@hotmail.com,Hurghada,Red Sea,Silver,1976-06-11,2021-11-03
CUS02343,Doha Shaaban,Female,"01093235590 ",doha.shaaban46@gmail.com,Cairo,Greater Cairo,Bronze,1998-05-21,2022-08-19
CUS02008,Dalia Gamal,Female,  01193356597  ,dalia.gamal68@gmail.com,Hurghada,Red Sea,Bronze,1977-08-12,2023-01-20
CUS00569,Ghada Gouda,Female,  01078043121  ,ghada.gouda76@gmail.com,Suez,Canal Zone,Gold,1995-05-02,2021-09-06
CUS01092,Aisha Mostafa,Female,  01220713289  ,aisha.mostafa61@hotmail.com,Mansoura,Nile Delta,Bronze,1977-10-08,2021-11-28
CUS00255,Magdy Barakat,Male,"01163770881",magdy.barakat22@gmail.com,Cairo,Greater Cairo,Bronze,1975-02-05,2022-04-11
CUS00965,Magdy Younis,Male,"01135670862",magdy.younis91@hotmail.com,Giza,Greater Cairo,Silver,1972-08-04,2020-04-22
CUS00175,Ashraf Badawi,Male,"01042844845",ashraf.badawi27@gmail.com,Mansoura,Nile Delta,Silver,1975-10-20,2021-03-02
CUS00760,Mohamed Ramadan,Male,"01250341681",mohamed.ramadan39@hotmail.com,Hurghada,Red Sea,Bronze,2000-05-11,2020-03-18
CUS01815,Tamer Badawi,Male,  01163610121  ,tamer.badawi54@yahoo.com,Cairo,Greater Cairo,Gold,1986-09-01,2020-11-08
CUS00355,Zeinab Amin,Female,"01171448654 ","",Cairo,Greater Cairo,Bronze,1981-10-24,2020-04-28
CUS00300,Neveen Gouda,Female,"01121568480",neveen.gouda13@outlook.com,Cairo,Greater Cairo,Bronze,1980-10-07,2023-05-08
CUS00089,Zeinab Younis,Female,"01013391969 ",zeinab.younis21@hotmail.com,Suez,Canal Zone,Bronze,1997-01-17,2022-03-27
CUS00830,Amr Ramadan,Male,"01166971876",amr.ramadan68@hotmail.com,Giza,Greater Cairo,Bronze,1976-08-21,2022-12-02
CUS01150,Shaimaa Salem,Female, 01111294689,shaimaa.salem84@hotmail.com,Luxor,Upper Egypt,Bronze,1994-02-01,2021-05-28
CUS00292,Radwa Younis,Female,  01078909330  ,radwa.younis73@hotmail.com,Cairo,Greater Cairo,Bronze,1973-09-03,2022-05-19
CUS01726,Shaimaa Gamal,Female, 01160561023,shaimaa.gamal67@gmail.com,Cairo,Greater Cairo,Silver,2002-06-17,2021-11-28
CUS02072,Magdy Lotfy,Male,"01215762109",magdy.lotfy73@hotmail.com,Alexandria,Alexandria,Platinum,1980-06-05,2022-03-17
CUS00745,Osama Gouda,Male,"01296571635","",Cairo,Greater Cairo,Silver,1980-03-08,2023-06-02
CUS01223,Yasmin Amin,Female,"01274083494",yasmin.amin58@yahoo.com,Giza,Greater Cairo,Bronze,1983-06-25,2022-07-01
CUS00795,Hussein Saad,Male,  01112724561  ,hussein.saad33@yahoo.com,Cairo,Greater Cairo,Platinum,2003-05-24,2021-11-16
CUS01245,Engy Hassan,Female, 01116498646,"",Hurghada,Red Sea,Gold,1983-07-17,2023-04-14
CUS00388,Hana Farouk,Female, 01162587561,hana.farouk3@outlook.com,Cairo,Greater Cairo,Bronze,1973-03-28,2022-07-22
CUS00044,Adel Bakr,Male,"01195800828",adel.bakr89@hotmail.com,Suez,Canal Zone,Gold,1978-03-24,2021-11-19
CUS02233,Ashraf Amin,Male,"01140963485",ashraf.amin91@hotmail.com,Suez,Canal Zone,Gold,1975-03-16,2022-11-16
CUS00394,Akram Fathy,Male,"01282340910",akram.fathy85@gmail.com,Hurghada,Red Sea,Bronze,1974-09-27,2021-10-23
CUS01710,Ola Salem,Female,"01292615050","",Mansoura,Nile Delta,Bronze,1994-11-22,2020-07-10
CUS00638,Heba Sayed,Female,"01291041439 ",heba.sayed57@outlook.com,Cairo,Greater Cairo,Gold,1977-04-12,2020-07-27
CUS02711,Engy Zaki,Female,"01244479846",engy.zaki91@hotmail.com,Hurghada,Red Sea,Bronze,1974-06-23,2020-03-13
CUS02983,Wael Rizk,Male,"01171569070",wael.rizk80@outlook.com,Tanta,Nile Delta,Bronze,1975-01-14,2023-07-12
CUS02726,Ola Mostafa,Female,"01212479847",ola.mostafa7@hotmail.com,Giza,Greater Cairo,Silver,1995-07-03,2021-10-10
CUS02982,Ashraf Ramadan,Male,"01149346656","",Cairo,Greater Cairo,Silver,1984-09-16,2022-12-08
CUS00599,Ghada Wahba,Female,"01282172776",ghada.wahba32@yahoo.com,Cairo,Greater Cairo,Silver,1974-05-18,2022-12-06
CUS02670,Tarek Barakat,Male, 01156644531,tarek.barakat23@outlook.com,Giza,Greater Cairo,Bronze,1973-12-06,2022-04-11
CUS00680,Nadia Badawi,Female,"01198139894",nadia.badawi80@gmail.com,Luxor,Upper Egypt,Bronze,1997-06-02,2020-05-13
CUS00228,Noha Hamdy,Female,  01094195455  ,"",Giza,Greater Cairo,Gold,1999-12-21,2023-05-23
CUS00366,Mahmoud Barakat,Male, 01113180065,mahmoud.barakat7@yahoo.com,Giza,Greater Cairo,Bronze,1996-11-27,2021-10-28
CUS01019,Nader Ali,Male,"01152242979",nader.ali35@outlook.com,Suez,Canal Zone,Bronze,1971-07-08,2021-08-15
CUS02016,Amr Ramadan,Male,"01099688354",amr.ramadan44@outlook.com,Giza,Greater Cairo,Bronze,1978-01-27,2020-03-12
CUS02859,Samir Ismail,Male, 01121971638,samir.ismail99@hotmail.com,Cairo,Greater Cairo,Bronze,1973-09-05,2022-10-02
CUS02594,Amira Amin,Female,"01168504096","",Alexandria,Alexandria,Bronze,1984-04-27,2022-05-26
CUS02509,Samir Hafez,Male,  01161465683  ,samir.hafez85@yahoo.com,Aswan,Upper Egypt,Bronze,1977-03-21,2022-07-27
CUS01589,Magdy Salem,Male, 01120130392,magdy.salem80@outlook.com,Giza,Greater Cairo,Bronze,1984-03-13,2020-02-12
CUS01335,Emad Nasser,Male,"01198153057",emad.nasser37@gmail.com,Ismailia,Canal Zone,Bronze,2000-11-14,2022-02-24
CUS02807,Hany Badawi,Male, 01086984297,hany.badawi50@yahoo.com,Zagazig,Nile Delta,Silver,1980-06-02,2021-01-12
CUS00913,Hany Saad,Male,"01240595207",hany.saad62@yahoo.com,Mansoura,Nile Delta,Bronze,1995-09-23,2023-10-19
CUS00574,Salma Abdallah,Female,"01050525421 ",salma.abdallah37@hotmail.com,Mansoura,Nile Delta,Bronze,2001-04-02,2023-11-27
CUS02978,Ghada Mostafa,Female,  01071171240  ,ghada.mostafa25@outlook.com,Cairo,Greater Cairo,Gold,1994-04-20,2021-09-03
CUS01607,Omar Shaaban,Male,  01053842699  ,omar.shaaban46@hotmail.com,Cairo,Greater Cairo,Silver,1973-03-08,2023-01-26
CUS01739,Mohamed Mostafa,Male,"01147608279","",Giza,Greater Cairo,Silver,1993-04-07,2023-08-06
CUS02965,Hussein Abdallah,Male,"01254242207",hussein.abdallah74@yahoo.com,Luxor,Upper Egypt,Gold,1990-12-13,2021-02-25
CUS01965,Hussein Mohamed,Male,"01017226037",hussein.mohamed34@gmail.com,Alexandria,Alexandria,Gold,2002-07-06,2020-04-27
CUS02156,Mona Farouk,Female,"01270083672",mona.farouk81@outlook.com,Cairo,Greater Cairo,Silver,1978-04-18,2021-12-17
CUS00618,Rania Mahmoud,Female,  01279322944  ,rania.mahmoud78@hotmail.com,Cairo,Greater Cairo,Bronze,1981-09-19,2022-07-07
CUS01196,Nader Ismail,Male,"01170214805",nader.ismail99@hotmail.com,Luxor,Upper Egypt,Silver,2002-07-19,2021-07-27
CUS00425,Amr Mansour,Male,"01234213769",amr.mansour51@yahoo.com,Cairo,Greater Cairo,Bronze,1982-10-16,2020-03-03
CUS00070,Samah Hassan,Female,"01260076822",samah.hassan3@gmail.com,Ismailia,Canal Zone,Gold,1972-09-07,2021-04-23
CUS00597,Yasmin Wahba,Female,"01175128586",yasmin.wahba49@gmail.com,Mansoura,Nile Delta,Bronze,1990-09-12,2020-06-08
CUS01727,Nader Abdallah,Male,"01282517098 ",nader.abdallah79@hotmail.com,Alexandria,Alexandria,Silver,1974-03-22,2023-10-23
CUS00631,Tamer Ramadan,Male,"01149795077 ",tamer.ramadan42@yahoo.com,Tanta,Nile Delta,Bronze,1982-05-02,2022-01-03
CUS02779,Lobna Bakr,Female,"01086797379 ","",Giza,Greater Cairo,Silver,1980-06-11,2022-02-05
CUS00060,Reham Shaaban,Female,"01059991642",reham.shaaban71@hotmail.com,Giza,Greater Cairo,Gold,1977-11-01,2022-03-27
CUS01934,Ahmed Amin,Male,"01160133229",ahmed.amin62@outlook.com,Mansoura,Nile Delta,Bronze,1987-11-24,2023-10-03
CUS02320,Walid Zaki,Male,  01183293374  ,walid.zaki23@hotmail.com,Giza,Greater Cairo,Bronze,1993-10-09,2023-04-13
CUS01346,Noha Badawi,Female,  01164251790  ,"",Giza,Greater Cairo,Bronze,1975-08-05,2023-01-16
CUS01777,Adel Mansour,Male,"01299994804",adel.mansour91@yahoo.com,Tanta,Nile Delta,Silver,1989-08-07,2021-08-24
CUS01103,Ola Wahba,Female, 01064318314,ola.wahba30@gmail.com,Suez,Canal Zone,Gold,1984-12-08,2020-10-04
CUS02763,Mariam Ibrahim,Female,"01045749728 ",mariam.ibrahim44@gmail.com,Mansoura,Nile Delta,Bronze,1975-10-27,2023-10-22
CUS00942,Mariam Ismail,Female,"01252465445",mariam.ismail99@gmail.com,Alexandria,Alexandria,Bronze,1990-05-14,2023-07-06
CUS02234,Mona Khalil,Female,"01070981857",mona.khalil38@hotmail.com,Luxor,Upper Egypt,Bronze,1978-09-01,2020-03-24
CUS00019,Tarek Khalil,Male,"01141426254 ",tarek.khalil10@yahoo.com,Giza,Greater Cairo,Bronze,1973-07-21,2021-09-22
CUS02054,Noha Abdallah,Female,"01155434240 ",noha.abdallah26@outlook.com,Port Said,Canal Zone,Bronze,1990-02-24,2021-04-16
CUS01158,Reham Bakr,Female,  01116685457  ,reham.bakr88@outlook.com,Suez,Canal Zone,Silver,1999-11-06,2021-08-06
CUS01581,Yasmin Barakat,Female,"01165055720",yasmin.barakat4@outlook.com,Cairo,Greater Cairo,Silver,1970-06-08,2023-09-17
CUS02067,Ayman Gouda,Male,"01034552779",ayman.gouda13@outlook.com,Cairo,Greater Cairo,Bronze,1981-01-27,2023-11-11
CUS00270,Adel Ibrahim,Male,"01222120705 ",adel.ibrahim74@gmail.com,Giza,Greater Cairo,Bronze,1996-06-22,2022-08-03
CUS00066,Noha Younis,Female,"01244715663",noha.younis43@gmail.com,Alexandria,Alexandria,Silver,1976-08-05,2021-06-08
CUS01808,Ibrahim Mahmoud,Male,"01025541386",ibrahim.mahmoud88@outlook.com,Cairo,Greater Cairo,Silver,1997-02-06,2022-06-18
CUS00837,Aisha Younis,Female,"01225811556",aisha.younis4@yahoo.com,Suez,Canal Zone,Bronze,1970-06-14,2023-10-25
CUS02529,Ahmed Sayed,Male,"01280102161","",Cairo,Greater Cairo,Bronze,1994-06-04,2020-08-25
CUS02107,Lobna Ragab,Female,  01216895902  ,lobna.ragab21@outlook.com,Luxor,Upper Egypt,Silver,1999-10-28,2021-10-09
CUS01463,Nour Shaaban,Female,"01025277822","",Cairo,Greater Cairo,Silver,2003-03-23,2023-06-07
CUS02986,Ibrahim Fathy,Male, 01017110750,ibrahim.fathy56@hotmail.com,Ismailia,Canal Zone,Bronze,1982-11-24,2020-09-09
CUS01764,Wael Lotfy,Male,"01077086297",wael.lotfy87@hotmail.com,Alexandria,Alexandria,Gold,2002-05-28,2022-05-11
CUS00307,Shaimaa Bakr,Female,"01180839007",shaimaa.bakr70@outlook.com,Alexandria,Alexandria,Silver,1992-01-27,2022-11-13
CUS00874,Maged Bakr,Male, 01294253102,maged.bakr5@hotmail.com,Giza,Greater Cairo,Silver,1986-12-12,2021-10-03
CUS01097,Zeinab Lotfy,Female,  01049592252  ,zeinab.lotfy91@outlook.com,Cairo,Greater Cairo,Silver,1996-01-11,2020-01-04
CUS02997,Ghada Mohamed,Female,  01141667840  ,ghada.mohamed94@hotmail.com,Cairo,Greater Cairo,Gold,2001-11-19,2023-02-20
CUS00214,Magdy Ismail,Male, 01089583788,magdy.ismail64@outlook.com,Cairo,Greater Cairo,Bronze,1978-01-07,2020-01-11
CUS00591,Magdy Amin,Male,"01224919279",magdy.amin32@outlook.com,Cairo,Greater Cairo,Bronze,1981-08-17,2020-01-24
CUS00208,Hana Mostafa,Female,"01227435856 ",hana.mostafa24@gmail.com,Mansoura,Nile Delta,Bronze,1977-02-28,2021-05-10
CUS02960,Hana Sayed,Female,"01158607023",hana.sayed13@gmail.com,Hurghada,Red Sea,Bronze,1981-06-06,2020-08-12
CUS01406,Tamer Mohamed,Male,"01050828255","",Alexandria,Alexandria,Bronze,1995-11-02,2020-09-25
CUS00884,Ashraf Gouda,Male,  01277090777  ,"",Cairo,Greater Cairo,Bronze,1975-04-22,2021-12-05
CUS00887,Sherif Hassan,Male,"01250461969",sherif.hassan13@gmail.com,Mansoura,Nile Delta,Silver,1981-08-21,2022-01-26
CUS01567,Dina Salem,Female,"01254348094 ",dina.salem75@gmail.com,Mansoura,Nile Delta,Silver,1985-04-03,2021-06-26
CUS02219,Akram Rizk,Male,"01070980810",akram.rizk43@gmail.com,Luxor,Upper Egypt,Bronze,1991-04-03,2020-10-16
CUS02720,Ahmed Mansour,Male,  01088015533  ,ahmed.mansour40@yahoo.com,Cairo,Greater Cairo,Bronze,1972-08-13,2023-08-17
CUS02700,Tarek Khalil,Male,"01147812528 ",tarek.khalil86@outlook.com,Hurghada,Red Sea,Silver,1995-05-19,2022-05-06
CUS02846,Bassem Gouda,Male,"01166125192","",Giza,Greater Cairo,Silver,1991-05-12,2021-06-22
CUS02731,Maged Zaki,Male,"01024050955",maged.zaki3@gmail.com,Zagazig,Nile Delta,Bronze,1998-07-25,2021-05-19
CUS01171,Neveen Mohamed,Female,"01283300539 ",neveen.mohamed47@outlook.com,Mansoura,Nile Delta,Silver,1998-12-01,2020-03-02
CUS01899,Fatima Lotfy,Female,"01166143204",fatima.lotfy85@yahoo.com,Giza,Greater Cairo,Silver,1987-10-13,2021-10-26
CUS00914,Omar Mahmoud,Male,"01088718420",omar.mahmoud77@yahoo.com,Giza,Greater Cairo,Bronze,1989-02-07,2021-12-14
CUS02817,Radwa Hamdy,Female,"01215972535",radwa.hamdy22@outlook.com,Alexandria,Alexandria,Bronze,1986-05-03,2023-01-11
CUS00984,Youssef Barakat,Male, 01045389275,youssef.barakat80@outlook.com,Cairo,Greater Cairo,Silver,1983-02-26,2023-03-05
CUS01884,Hana Hamdy,Female,"01018321907",hana.hamdy43@hotmail.com,Hurghada,Red Sea,Bronze,1991-09-17,2023-08-21
CUS01487,Khaled Hafez,Male, 01082332254,khaled.hafez97@outlook.com,Giza,Greater Cairo,Bronze,1973-11-28,2022-09-26
CUS00170,Wael Barakat,Male,"01261995659",wael.barakat51@hotmail.com,Alexandria,Alexandria,Bronze,1995-12-02,2022-08-06
CUS02745,Ibrahim Younis,Male,"01146580536",ibrahim.younis21@outlook.com,Mansoura,Nile Delta,Bronze,1992-02-07,2022-11-25
CUS02742,Nader Ibrahim,Male,"01270344473","",Cairo,Greater Cairo,Gold,1998-09-06,2023-02-09
CUS02634,Shaimaa Shaaban,Female,"01125411407 ","",Cairo,Greater Cairo,Silver,1995-09-26,2020-04-12
CUS01326,Sherif Ragab,Male,"01284013597",sherif.ragab91@outlook.com,Giza,Greater Cairo,Bronze,1978-11-25,2023-10-05
CUS02802,Rania Nasser,Female, 01257231005,rania.nasser93@outlook.com,Suez,Canal Zone,Silver,1991-05-21,2020-08-15
CUS01792,Tarek Fathy,Male,"01231118080 ",tarek.fathy58@yahoo.com,Zagazig,Nile Delta,Bronze,1984-08-20,2023-09-17
CUS00183,Rana Lotfy,Female,"01152211394",rana.lotfy48@outlook.com,Port Said,Canal Zone,Bronze,1981-10-04,2022-04-17
CUS00629,Ramy Zaki,Male,  01077742871  ,ramy.zaki19@yahoo.com,Cairo,Greater Cairo,Silver,1998-07-18,2020-04-24
CUS01616,Samah Gouda,Female,"01074312760","",Mansoura,Nile Delta,Gold,1981-09-02,2020-11-22
CUS01593,Ibrahim Zaki,Male,"01141973862",ibrahim.zaki67@yahoo.com,Cairo,Greater Cairo,Silver,1981-05-18,2020-03-10
CUS02565,Dalia Ragab,Female,"01092036648",dalia.ragab53@gmail.com,Giza,Greater Cairo,Bronze,1971-12-14,2023-06-25
CUS02288,Engy Salem,Female,"01249186351","",Giza,Greater Cairo,Gold,1983-06-16,2020-03-10
CUS01978,Hussein Badawi,Male,"01212097035","",Giza,Greater Cairo,Bronze,1993-11-16,2022-09-14
CUS01536,Dalia Hafez,Female,"01031302349 ",dalia.hafez51@outlook.com,Cairo,Greater Cairo,Bronze,1990-09-05,2022-05-24
CUS01316,Hussein Ali,Male, 01166806940,"",Mansoura,Nile Delta,Bronze,1995-11-17,2020-03-28
CUS01709,Hoda Hamdy,Female,"01197772059",hoda.hamdy55@hotmail.com,Mansoura,Nile Delta,Bronze,2000-05-21,2023-12-10
CUS00027,Nadia Khalil,Female,"01125845304",nadia.khalil9@hotmail.com,Cairo,Greater Cairo,Silver,1993-03-24,2020-08-15
CUS00034,Magdy Saad,Male,  01088478184  ,magdy.saad16@hotmail.com,Port Said,Canal Zone,Bronze,1984-02-07,2021-08-10
CUS01827,Ghada Salem,Female,"01010092296",ghada.salem77@outlook.com,Cairo,Greater Cairo,Bronze,1991-12-13,2020-08-06
CUS01668,Sherif Mostafa,Male,"01214044767",sherif.mostafa16@outlook.com,Port Said,Canal Zone,Gold,1997-10-05,2023-10-13
CUS01246,Khaled Barakat,Male,"01145699484","",Mansoura,Nile Delta,Silver,1975-11-21,2021-10-02
CUS02030,Wael Ahmed,Male,"01235490427",wael.ahmed11@gmail.com,Mansoura,Nile Delta,Silver,1982-02-18,2020-09-09
CUS00670,Tamer Younis,Male,"01059402605","",Giza,Greater Cairo,Gold,1981-07-09,2023-12-18
CUS02511,Osama Hafez,Male,  01281038862  ,"",Cairo,Greater Cairo,Platinum,1974-01-13,2021-10-17
CUS00666,Tamer Hafez,Male,"01136930692",tamer.hafez65@gmail.com,Cairo,Greater Cairo,Bronze,1986-03-12,2021-03-21
CUS02466,Eman Bakr,Female,  01026577507  ,eman.bakr24@outlook.com,Cairo,Greater Cairo,Bronze,1971-12-16,2022-11-05
CUS00828,Reem Fathy,Female,"01216222119",reem.fathy3@gmail.com,Giza,Greater Cairo,Gold,1995-07-14,2021-01-17
CUS00130,Dina Lotfy,Female,"01032491607",dina.lotfy52@gmail.com,Alexandria,Alexandria,Bronze,1988-08-21,2020-03-11
CUS00420,Hazem Ibrahim,Male,"01261559796",hazem.ibrahim1@yahoo.com,Zagazig,Nile Delta,Bronze,1980-08-25,2021-10-23
CUS02658,Ahmed Bakr,Male,"01038829771",ahmed.bakr97@yahoo.com,Luxor,Upper Egypt,Platinum,2000-06-15,2023-07-12
CUS02876,Emad Hafez,Male,  01296055379  ,emad.hafez53@outlook.com,Alexandria,Alexandria,Bronze,1974-02-12,2020-05-28
CUS01829,Salma Younis,Female,  01026586567  ,salma.younis35@hotmail.com,Hurghada,Red Sea,Silver,1979-04-05,2021-12-04
CUS02138,Doha Wahba,Female,"01036984680",doha.wahba85@hotmail.com,Zagazig,Nile Delta,Bronze,1987-06-01,2020-04-16
CUS01064,Ahmed Badawi,Male,"01213016518 ",ahmed.badawi55@hotmail.com,Giza,Greater Cairo,Silver,1989-03-19,2020-08-19
CUS01990,Ramy Wahba,Male, 01294366747,"",Zagazig,Nile Delta,Bronze,1973-12-07,2020-08-11
CUS02351,Tamer Farouk,Male,"01066676860",tamer.farouk11@yahoo.com,Mansoura,Nile Delta,Silver,2003-12-21,2022-02-04
CUS02193,Rania Shaaban,Female,"01254105176",rania.shaaban54@hotmail.com,Tanta,Nile Delta,Silver,1971-03-13,2020-04-22
CUS01837,Mariam Shaaban,Female,"01214626030","",Cairo,Greater Cairo,Silver,1978-02-22,2022-04-01
CUS01995,Salma Salem,Female,  01185654005  ,salma.salem14@outlook.com,Zagazig,Nile Delta,Silver,1986-08-01,2022-04-04
CUS00759,Maged Hafez,Male,"01284969806",maged.hafez42@yahoo.com,Suez,Canal Zone,Gold,1993-08-09,2022-10-25
CUS00166,Noha Bakr,Female,"01165571528",noha.bakr82@hotmail.com,Aswan,Upper Egypt,Bronze,1979-12-01,2021-04-04
CUS02659,Ramy Gamal,Male, 01184819507,"",Cairo,Greater Cairo,Platinum,1978-06-17,2023-07-09
CUS02463,Hazem Abdallah,Male,"01191127117",hazem.abdallah24@hotmail.com,Mansoura,Nile Delta,Silver,1997-06-17,2020-01-11
CUS01146,Hoda Salem,Female,"01288930579",hoda.salem69@yahoo.com,Luxor,Upper Egypt,Bronze,1978-04-22,2023-06-27
CUS01257,Noha Khalil,Female, 01175614874,noha.khalil78@outlook.com,Cairo,Greater Cairo,Bronze,1971-10-12,2021-11-05
CUS01556,Nader Mahmoud,Male,"01078613363",nader.mahmoud83@gmail.com,Cairo,Greater Cairo,Platinum,1983-07-15,2021-08-27
CUS01173,Noha Khalil,Female,  01033261698  ,"",Mansoura,Nile Delta,Bronze,1992-04-08,2022-11-26
CUS02106,Maged Hafez,Male,"01158656813",maged.hafez33@hotmail.com,Giza,Greater Cairo,Bronze,1972-08-24,2021-06-03
CUS00505,Hassan Abdallah,Male, 01076936024,hassan.abdallah38@hotmail.com,Tanta,Nile Delta,Bronze,2003-05-04,2023-12-12
CUS02654,Ayman Hassan,Male,"01297686025",ayman.hassan35@yahoo.com,Cairo,Greater Cairo,Platinum,1970-02-11,2022-10-21
CUS01206,Sherif Mansour,Male,"01087561798",sherif.mansour75@yahoo.com,Hurghada,Red Sea,Gold,1973-02-13,2020-11-19
CUS00511,Mahmoud Hassan,Male,"01027007519 ",mahmoud.hassan32@hotmail.com,Mansoura,Nile Delta,Bronze,1985-01-03,2021-10-13
CUS02077,Hany Mohamed,Male,"01249475498",hany.mohamed92@gmail.com,Cairo,Greater Cairo,Bronze,1998-07-09,2020-08-06
CUS02505,Dalia Nasser,Female,"01059283441 ",dalia.nasser97@yahoo.com,Cairo,Greater Cairo,Bronze,1994-01-17,2020-07-15
CUS00115,Nadia Rizk,Female,"01246985109",nadia.rizk72@outlook.com,Mansoura,Nile Delta,Silver,1997-10-12,2021-06-18
CUS02428,Hana Salem,Female,"01229515155",hana.salem34@outlook.com,Port Said,Canal Zone,Gold,2000-07-23,2021-09-15
CUS02856,Doha Mahmoud,Female,"01034070150",doha.mahmoud39@outlook.com,Alexandria,Alexandria,Gold,1983-10-01,2022-11-27
CUS02480,Ayman Ibrahim,Male,"01160524625","",Hurghada,Red Sea,Platinum,1996-07-24,2022-04-09
CUS01228,Hossam Ramadan,Male,"01093535134",hossam.ramadan73@gmail.com,Cairo,Greater Cairo,Bronze,1997-10-26,2022-07-18
CUS02830,Omar Ramadan,Male,"01049751649",omar.ramadan75@outlook.com,Cairo,Greater Cairo,Gold,1970-09-13,2023-12-01
CUS00831,Ahmed Barakat,Male,"01141866734",ahmed.barakat18@outlook.com,Cairo,Greater Cairo,Silver,1998-04-11,2020-04-08
CUS00269,Mahmoud Ismail,Male,"01044681437",mahmoud.ismail6@outlook.com,Giza,Greater Cairo,Gold,1980-05-05,2020-01-28
CUS00538,Ayman Mostafa,Male, 01225238583,ayman.mostafa63@outlook.com,Cairo,Greater Cairo,Bronze,1981-08-11,2021-01-10
CUS01759,Rania Ragab,Female,"01232158429",rania.ragab27@outlook.com,Cairo,Greater Cairo,Gold,1971-04-10,2021-07-19
CUS00191,Walid Sayed,Male,"01050549608",walid.sayed71@yahoo.com,Cairo,Greater Cairo,Bronze,1990-09-21,2023-07-03
CUS00628,Maged Sayed,Male,"01059046143 ","",Zagazig,Nile Delta,Silver,1991-09-09,2023-02-04
CUS01328,Mohamed Ragab,Male, 01229745439,mohamed.ragab97@gmail.com,Hurghada,Red Sea,Gold,1976-07-24,2023-02-12
CUS00263,Radwa Wahba,Female,"01273042053",radwa.wahba74@gmail.com,Cairo,Greater Cairo,Silver,1996-05-01,2023-02-23
CUS02984,Mahmoud Ragab,Male, 01091454630,mahmoud.ragab59@hotmail.com,Aswan,Upper Egypt,Gold,2001-11-02,2022-02-02
CUS00123,Karim Amin,Male,"01037214866",karim.amin16@gmail.com,Giza,Greater Cairo,Silver,1985-05-07,2023-10-01
CUS00664,Nadia Sayed,Female,"01021610244",nadia.sayed61@outlook.com,Cairo,Greater Cairo,Bronze,1977-07-27,2020-02-08
CUS01664,Youssef Badawi,Male,"01149004748",youssef.badawi9@outlook.com,Alexandria,Alexandria,Bronze,1984-12-14,2020-09-10
CUS02605,Mohamed Gamal,Male,"01257444596",mohamed.gamal68@gmail.com,Cairo,Greater Cairo,Silver,1975-09-17,2022-08-06
CUS01924,Sara Mostafa,Female,  01025775968  ,sara.mostafa1@gmail.com,Giza,Greater Cairo,Gold,1997-09-28,2022-10-01
CUS02791,Essam Gouda,Male,"01117123469",essam.gouda61@outlook.com,Tanta,Nile Delta,Silver,1971-11-05,2021-06-13
CUS01485,Noha Nasser,Female,"01191966264",noha.nasser36@hotmail.com,Giza,Greater Cairo,Silver,1988-12-07,2020-11-11
CUS00393,Essam Saad,Male,"01174987079",essam.saad42@gmail.com,Giza,Greater Cairo,Silver,1976-10-06,2021-07-27
CUS00871,Hossam Farouk,Male,"01149281259",hossam.farouk66@yahoo.com,Giza,Greater Cairo,Gold,1997-08-21,2022-05-07
CUS02063,Aisha Amin,Female,"01193427480",aisha.amin35@gmail.com,Hurghada,Red Sea,Bronze,1993-02-17,2021-12-21
CUS00879,Engy Hassan,Female,  01119379467  ,engy.hassan98@outlook.com,Cairo,Greater Cairo,Silver,1981-10-06,2020-04-16
CUS01586,Fatima Mahmoud,Female,  01146452326  ,fatima.mahmoud90@gmail.com,Cairo,Greater Cairo,Bronze,2001-06-10,2020-05-13
CUS01028,Fatima Ramadan,Female, 01019232076,fatima.ramadan42@outlook.com,Aswan,Upper Egypt,Bronze,1975-10-20,2023-04-03
CUS01948,Ahmed Mostafa,Male, 01070428122,ahmed.mostafa83@hotmail.com,Cairo,Greater Cairo,Platinum,1980-12-01,2022-07-20
CUS02863,Ramy Ramadan,Male,"01019329244",ramy.ramadan58@yahoo.com,Port Said,Canal Zone,Platinum,1989-05-22,2023-04-19
CUS00791,Ibrahim Hamdy,Male,"01279641006",ibrahim.hamdy27@outlook.com,Cairo,Greater Cairo,Silver,1990-07-13,2022-04-28
CUS01711,Hana Badawi,Female,  01259175761  ,hana.badawi79@yahoo.com,Cairo,Greater Cairo,Silver,1988-01-26,2023-07-26
CUS00064,Emad Bakr,Male, 01297438349,emad.bakr77@outlook.com,Giza,Greater Cairo,Silver,1987-05-21,2022-11-05
CUS02271,Nadia Rizk,Female,"01118659744",nadia.rizk62@hotmail.com,Cairo,Greater Cairo,Bronze,1986-12-20,2023-08-16
CUS02862,Hassan Mohamed,Male,"01082701326",hassan.mohamed1@yahoo.com,Giza,Greater Cairo,Gold,1973-03-28,2022-08-20
CUS02606,Reem Badawi,Female,"01219554390",reem.badawi76@hotmail.com,Alexandria,Alexandria,Silver,2003-04-01,2023-11-23
CUS01897,Fady Barakat,Male,"01273669065 ",fady.barakat40@outlook.com,Mansoura,Nile Delta,Bronze,1975-11-23,2023-11-03
CUS00558,Tarek Barakat,Male,  01154084020  ,tarek.barakat78@hotmail.com,Cairo,Greater Cairo,Silver,1982-01-19,2020-11-09
CUS02098,Zeinab Wahba,Female,  01033172968  ,zeinab.wahba79@hotmail.com,Mansoura,Nile Delta,Gold,1984-11-05,2021-06-02
CUS00802,Mahmoud Mansour,Male,"01049594225",mahmoud.mansour16@yahoo.com,Cairo,Greater Cairo,Gold,1982-04-07,2022-11-25
CUS02870,Heba Ahmed,Female,"01078209349",heba.ahmed77@outlook.com,Giza,Greater Cairo,Gold,1984-11-16,2021-10-11
CUS00046,Hossam Salem,Male,"01056548066","",Mansoura,Nile Delta,Bronze,1991-12-03,2022-08-01
CUS00315,Omar Ali,Male,"01185935555",omar.ali78@yahoo.com,Aswan,Upper Egypt,Bronze,1996-08-19,2021-09-21
CUS01337,Rana Ali,Female,"01165967954","",Cairo,Greater Cairo,Bronze,1979-09-18,2020-10-20
CUS02298,Emad Hamdy,Male,"01285708054",emad.hamdy30@yahoo.com,Cairo,Greater Cairo,Bronze,1972-09-02,2020-06-25
CUS01910,Rania Younis,Female, 01015868959,rania.younis12@yahoo.com,Cairo,Greater Cairo,Bronze,1998-04-27,2023-07-14
CUS02286,Ashraf Ali,Male,"01156962250",ashraf.ali42@hotmail.com,Cairo,Greater Cairo,Gold,1995-08-16,2020-01-11
CUS00450,Radwa Saad,Female,  01029023738  ,radwa.saad54@yahoo.com,Cairo,Greater Cairo,Bronze,1986-11-06,2022-03-27
CUS00068,Adel Ragab,Male,"01055992373 ",adel.ragab41@yahoo.com,Hurghada,Red Sea,Silver,1973-03-05,2020-08-11
CUS02685,Hossam Lotfy,Male,"01290004656",hossam.lotfy9@hotmail.com,Giza,Greater Cairo,Bronze,1988-01-25,2020-09-07
CUS00943,Eman Hafez,Female,  01054480754  ,eman.hafez86@outlook.com,Mansoura,Nile Delta,Bronze,1994-08-27,2023-05-03
CUS00369,Ayman Wahba,Male,"01112658997",ayman.wahba39@yahoo.com,Cairo,Greater Cairo,Bronze,1997-03-27,2021-05-13
CUS02723,Ali Nasser,Male,"01267626003 ",ali.nasser27@hotmail.com,Hurghada,Red Sea,Bronze,1997-08-10,2020-06-08
CUS01874,Eman Rizk,Female,"01298448010",eman.rizk26@yahoo.com,Aswan,Upper Egypt,Gold,1987-01-18,2020-08-21
CUS01261,Ghada Abdallah,Female,"01168574966",ghada.abdallah29@gmail.com,Cairo,Greater Cairo,Gold,1994-01-15,2020-01-23
CUS02449,Salma Ragab,Female,"01228113838",salma.ragab50@yahoo.com,Cairo,Greater Cairo,Gold,2003-04-08,2021-06-21
CUS02444,Suzy Sayed,Female,"01136882000",suzy.sayed62@hotmail.com,Aswan,Upper Egypt,Bronze,1985-11-24,2023-03-09
CUS01712,Engy Lotfy,Female,"01110644042","",Cairo,Greater Cairo,Silver,1977-12-22,2023-05-20
CUS01134,Noha Shaaban,Female,"01166144019",noha.shaaban52@yahoo.com,Cairo,Greater Cairo,Platinum,1998-01-17,2021-05-03
CUS02712,Hoda Amin,Female,"01168699523","",Alexandria,Alexandria,Silver,1997-11-20,2020-03-19
CUS01785,Osama Gamal,Male,  01042416546  ,osama.gamal60@hotmail.com,Mansoura,Nile Delta,Bronze,1980-06-15,2020-12-13
CUS02722,Amira Sayed,Female,"01299230719","",Hurghada,Red Sea,Bronze,1991-08-12,2021-09-13
CUS00362,Sherif Sayed,Male,"01063974248",sherif.sayed85@hotmail.com,Mansoura,Nile Delta,Gold,1992-06-06,2022-01-03
CUS00966,Ahmed Shaaban,Male,"01050810571",ahmed.shaaban1@hotmail.com,Giza,Greater Cairo,Gold,1988-11-20,2022-03-02
CUS02189,Hussein Hafez,Male,"01226811753","",Hurghada,Red Sea,Bronze,1971-06-04,2020-08-09
CUS02313,Reem Lotfy,Female,"01115083288",reem.lotfy19@hotmail.com,Alexandria,Alexandria,Silver,1992-01-10,2023-09-21
CUS00097,Radwa Ibrahim,Female,  01254522084  ,radwa.ibrahim10@yahoo.com,Alexandria,Alexandria,Bronze,1979-01-15,2022-07-13
CUS02715,Reem Ramadan,Female,"01261992603",reem.ramadan20@hotmail.com,Cairo,Greater Cairo,Bronze,1994-02-27,2020-11-05
CUS02684,Hossam Sayed,Male, 01091089799,hossam.sayed53@yahoo.com,Giza,Greater Cairo,Silver,1984-06-08,2022-12-23
CUS02029,Salma Barakat,Female,"01018281699 ",salma.barakat56@yahoo.com,Cairo,Greater Cairo,Gold,1997-11-09,2020-04-06
CUS00260,Bassem Fathy,Male,"01198594248",bassem.fathy21@gmail.com,Cairo,Greater Cairo,Silver,1977-10-22,2023-05-16
CUS01552,Fatima Ahmed,Female,"01058882805",fatima.ahmed50@gmail.com,Mansoura,Nile Delta,Gold,1999-11-24,2021-06-06
CUS02841,Karim Nasser,Male,"01065602912",karim.nasser55@gmail.com,Giza,Greater Cairo,Bronze,2003-07-04,2022-05-08
CUS02459,Akram Khalil,Male,"01063602031",akram.khalil32@yahoo.com,Alexandria,Alexandria,Bronze,1984-01-26,2023-08-23
CUS02682,Tamer Nasser,Male, 01226188579,tamer.nasser43@hotmail.com,Aswan,Upper Egypt,Silver,1980-09-14,2021-03-09
CUS01412,Reem Hassan,Female,"01270111368",reem.hassan16@hotmail.com,Cairo,Greater Cairo,Silver,1997-08-07,2021-11-14
CUS01056,Walid Ismail,Male, 01216229481,walid.ismail31@gmail.com,Giza,Greater Cairo,Bronze,1976-01-11,2022-09-23
CUS00768,Nader Bakr,Male,  01165013238  ,nader.bakr76@hotmail.com,Luxor,Upper Egypt,Bronze,1985-12-16,2021-08-21
CUS02402,Youssef Khalil,Male, 01120381139,youssef.khalil55@outlook.com,Cairo,Greater Cairo,Bronze,1986-01-01,2020-03-21
CUS00239,Eman Ismail,Female,"01121727533",eman.ismail66@gmail.com,Mansoura,Nile Delta,Silver,1971-02-18,2022-07-05
CUS00262,Ramy Ahmed,Male,"01251889289",ramy.ahmed44@yahoo.com,Sharm El Sheikh,South Sinai,Bronze,1985-04-08,2020-09-11
CUS01583,Doha Shaaban,Female,  01298829740  ,doha.shaaban21@outlook.com,Alexandria,Alexandria,Bronze,1996-04-19,2021-12-03
CUS02604,Samah Salem,Female,"01159857532 ",samah.salem29@yahoo.com,Giza,Greater Cairo,Silver,2002-05-20,2021-10-19
CUS02516,Sara Ibrahim,Female,"01141264011",sara.ibrahim61@outlook.com,Port Said,Canal Zone,Silver,2002-01-26,2022-07-17
CUS01747,Ashraf Hassan,Male, 01025281129,ashraf.hassan34@hotmail.com,Cairo,Greater Cairo,Bronze,1975-09-20,2023-02-07
CUS00230,Hana Abdallah,Female,"01097112459",hana.abdallah27@yahoo.com,Mansoura,Nile Delta,Silver,1991-04-18,2022-06-09
CUS01661,Magdy Saad,Male,"01139067726",magdy.saad68@outlook.com,Mansoura,Nile Delta,Platinum,1975-02-03,2021-06-13
CUS02971,Aisha Wahba,Female,"01120989502",aisha.wahba95@yahoo.com,Giza,Greater Cairo,Platinum,1993-12-05,2021-07-25
CUS02804,Ola Lotfy,Female,"01117015048 ",ola.lotfy42@gmail.com,Ismailia,Canal Zone,Silver,1998-12-05,2023-08-10
CUS00439,Rana Ahmed,Female,  01046227990  ,rana.ahmed4@yahoo.com,Tanta,Nile Delta,Bronze,1993-11-14,2022-03-18
CUS00531,Heba Gamal,Female,"01146755323",heba.gamal34@gmail.com,Aswan,Upper Egypt,Bronze,1988-03-04,2021-11-09
CUS00277,Nadia Mansour,Female,"01065632768 ",nadia.mansour74@yahoo.com,Hurghada,Red Sea,Silver,1990-05-07,2020-01-18
CUS01308,Mohamed Sayed,Male,  01053942593  ,mohamed.sayed38@gmail.com,Hurghada,Red Sea,Silver,2000-08-20,2021-04-08
CUS01642,Eman Younis,Female,"01154853899",eman.younis86@hotmail.com,Aswan,Upper Egypt,Bronze,1988-02-26,2023-12-11
CUS01457,Manar Farouk,Female,"01029457121","",Tanta,Nile Delta,Bronze,1975-06-19,2021-08-02
CUS01732,Khaled Badawi,Male, 01017507424,khaled.badawi61@yahoo.com,Mansoura,Nile Delta,Bronze,2001-11-23,2020-03-25
CUS02872,Hussein Attia,Male,"01293616696",hussein.attia21@gmail.com,Port Said,Canal Zone,Bronze,1994-07-14,2021-04-10
CUS00892,Samir Barakat,Male,"01131286722",samir.barakat91@hotmail.com,Luxor,Upper Egypt,Bronze,1976-06-11,2020-04-02
CUS01360,Samir Mansour,Male, 01133368501,samir.mansour59@yahoo.com,Alexandria,Alexandria,Bronze,1985-12-05,2022-02-24
CUS01382,Yasmin Amin,Female,"01230946019",yasmin.amin9@outlook.com,Giza,Greater Cairo,Silver,1982-08-21,2023-07-25
CUS00867,Radwa Ragab,Female,"01277973150 ",radwa.ragab22@yahoo.com,Cairo,Greater Cairo,Silver,1973-06-28,2023-12-11
CUS00932,Samah Khalil,Female,"01211693235",samah.khalil50@yahoo.com,Aswan,Upper Egypt,Silver,1974-08-12,2020-05-11
CUS02011,Nader Sayed,Male,  01228029931  ,nader.sayed35@hotmail.com,Cairo,Greater Cairo,Bronze,1977-05-25,2020-11-23
CUS00924,Radwa Abdallah,Female,"01161171904",radwa.abdallah90@hotmail.com,Hurghada,Red Sea,Silver,1985-06-09,2020-02-13
CUS00312,Manar Rizk,Female,"01175705089",manar.rizk63@outlook.com,Cairo,Greater Cairo,Gold,2001-11-14,2021-12-17
CUS02535,Aisha Barakat,Female,"01096567401",aisha.barakat6@yahoo.com,Zagazig,Nile Delta,Bronze,1980-05-11,2021-07-01
CUS00971,Doha Rizk,Female,"01124195922",doha.rizk85@yahoo.com,Mansoura,Nile Delta,Bronze,1978-07-06,2021-04-10
CUS00383,Hassan Sayed,Male,"01053822194",hassan.sayed61@gmail.com,Mansoura,Nile Delta,Silver,1997-12-01,2021-09-21
CUS01546,Wael Younis,Male,"01252861321",wael.younis37@hotmail.com,Alexandria,Alexandria,Bronze,1977-09-12,2023-01-04
CUS01744,Dalia Ismail,Female, 01228991345,dalia.ismail31@yahoo.com,Cairo,Greater Cairo,Platinum,1971-09-24,2020-03-24
CUS01868,Sherif Hafez,Male,"01234618684 ",sherif.hafez68@outlook.com,Cairo,Greater Cairo,Bronze,1971-06-22,2022-07-25
CUS01539,Ayman Gamal,Male,  01074613595  ,ayman.gamal91@yahoo.com,Cairo,Greater Cairo,Bronze,1994-06-19,2022-04-25
CUS01682,Adel Saad,Male, 01298509557,adel.saad6@outlook.com,Ismailia,Canal Zone,Bronze,1990-08-22,2023-10-27
CUS02837,Fady Mahmoud,Male,"01137079325","",Sharm El Sheikh,South Sinai,Silver,1983-06-21,2023-02-20
CUS02741,Hoda Saad,Female,"01068324003",hoda.saad9@hotmail.com,Giza,Greater Cairo,Silver,1975-06-25,2021-12-09
CUS02609,Nadia Gouda,Female,  01015561083  ,nadia.gouda35@gmail.com,Tanta,Nile Delta,Bronze,2001-04-20,2023-04-21
CUS00210,Karim Shaaban,Male,"01029310253","",Cairo,Greater Cairo,Bronze,1981-11-16,2023-12-09
CUS00916,Osama Mostafa,Male,"01214236689",osama.mostafa54@outlook.com,Giza,Greater Cairo,Silver,1976-07-11,2020-08-25
CUS00989,Zeinab Salem,Female,"01221359569",zeinab.salem72@hotmail.com,Cairo,Greater Cairo,Platinum,1985-12-10,2021-03-24
CUS02356,Adel Saad,Male,"01069627953",adel.saad30@gmail.com,Cairo,Greater Cairo,Bronze,1985-09-01,2020-04-26
CUS01685,Sara Lotfy,Female,"01051148878",sara.lotfy57@gmail.com,Cairo,Greater Cairo,Bronze,2000-09-10,2023-08-13
CUS01008,Ghada Nasser,Female,"01142513327",ghada.nasser32@gmail.com,Aswan,Upper Egypt,Bronze,1993-11-02,2020-09-02
CUS02713,Maged Salem,Male,"01267185737",maged.salem59@outlook.com,Giza,Greater Cairo,Bronze,1987-04-01,2020-01-16
CUS01743,Noha Mahmoud,Female, 01149708520,noha.mahmoud86@yahoo.com,Hurghada,Red Sea,Silver,1989-06-16,2023-11-13
CUS02079,Ayman Ismail,Male,"01092939975","",Ismailia,Canal Zone,Silver,1994-09-01,2022-02-03
CUS02528,Neveen Hamdy,Female,"01248984039 ","",Port Said,Canal Zone,Bronze,2002-12-22,2020-11-20
CUS02158,Wael Khalil,Male,"01270091423",wael.khalil22@gmail.com,Giza,Greater Cairo,Gold,1983-11-20,2023-02-12
CUS01138,Dina Mostafa,Female,"01276177073",dina.mostafa32@gmail.com,Alexandria,Alexandria,Bronze,1976-11-23,2023-04-10
CUS02310,Sherif Farouk,Male,"01252801767","",Giza,Greater Cairo,Bronze,1982-04-04,2020-02-13
CUS01275,Bassem Barakat,Male,"01181263504","",Alexandria,Alexandria,Bronze,1998-06-17,2023-06-09
CUS01285,Engy Ismail,Female, 01089236172,"",Giza,Greater Cairo,Silver,1970-07-13,2020-09-26
CUS01381,Khaled Hamdy,Male,  01297971567  ,khaled.hamdy18@gmail.com,Cairo,Greater Cairo,Silver,1977-09-10,2022-08-18
CUS02055,Omar Younis,Male,  01017706466  ,"",Aswan,Upper Egypt,Silver,1979-07-10,2023-03-06
CUS01390,Mona Salem,Female,"01191377462",mona.salem14@outlook.com,Giza,Greater Cairo,Silver,1999-11-04,2020-02-12
CUS02210,Fatima Ragab,Female,"01131110322",fatima.ragab66@gmail.com,Suez,Canal Zone,Bronze,1988-03-23,2023-12-14
CUS02950,Ramy Attia,Male,"01218617490 ",ramy.attia3@hotmail.com,Port Said,Canal Zone,Silver,1995-06-02,2023-12-20
CUS00577,Tarek Mostafa,Male,  01120738641  ,tarek.mostafa26@outlook.com,Cairo,Greater Cairo,Bronze,1981-07-18,2023-01-15
CUS01799,Youssef Gamal,Male,"01137499569",youssef.gamal37@outlook.com,Cairo,Greater Cairo,Silver,1994-11-26,2022-10-07
CUS02580,Walid Fathy,Male,"01191363583 ",walid.fathy17@yahoo.com,Mansoura,Nile Delta,Bronze,1999-08-13,2022-10-13
CUS01765,Ashraf Ramadan,Male,  01021574000  ,ashraf.ramadan64@yahoo.com,Cairo,Greater Cairo,Silver,1971-01-08,2021-09-13
CUS00016,Samah Badawi,Female,"01064069715",samah.badawi63@hotmail.com,Cairo,Greater Cairo,Silver,1974-11-26,2020-12-03
CUS01122,Aisha Mahmoud,Female,  01294258614  ,aisha.mahmoud59@outlook.com,Port Said,Canal Zone,Silver,1994-10-25,2020-07-01
CUS02689,Nader Mohamed,Male,"01213678434",nader.mohamed6@gmail.com,Alexandria,Alexandria,Bronze,1994-03-16,2022-05-03
CUS01110,Aisha Hassan,Female,  01252008603  ,aisha.hassan73@gmail.com,Cairo,Greater Cairo,Silver,1991-08-16,2020-08-07
CUS01224,Akram Mansour,Male,"01191605547",akram.mansour25@gmail.com,Port Said,Canal Zone,Bronze,1973-09-28,2021-03-13
CUS01105,Salma Mahmoud,Female,"01170426196","",Sharm El Sheikh,South Sinai,Bronze,1972-12-21,2020-12-23
CUS02852,Hany Mahmoud,Male,  01045340693  ,hany.mahmoud5@outlook.com,Cairo,Greater Cairo,Bronze,1989-10-23,2023-07-05
CUS01491,Manar Wahba,Female, 01242830348,manar.wahba29@hotmail.com,Cairo,Greater Cairo,Bronze,1994-12-24,2023-11-14
CUS00406,Ali Ramadan,Male, 01125197944,ali.ramadan16@hotmail.com,Suez,Canal Zone,Bronze,2001-07-06,2022-08-10
CUS00819,Amr Younis,Male,"01221355740",amr.younis66@gmail.com,Cairo,Greater Cairo,Bronze,1982-12-01,2021-12-04
CUS02342,Tarek Salem,Male,"01274919405","",Cairo,Greater Cairo,Bronze,1993-04-03,2021-08-01
CUS00168,Hany Ali,Male,"01139870720","",Cairo,Greater Cairo,Silver,1996-01-09,2023-10-16
CUS01041,Hossam Younis,Male,"01230273667 ",hossam.younis46@yahoo.com,Alexandria,Alexandria,Bronze,1972-11-08,2022-12-25
CUS01380,Fatima Mansour,Female,"01171937331",fatima.mansour94@gmail.com,Alexandria,Alexandria,Silver,1979-04-10,2022-06-16
CUS02587,Mohamed Sayed,Male, 01293763240,mohamed.sayed51@outlook.com,Cairo,Greater Cairo,Bronze,1982-10-21,2023-12-25
CUS00707,Amr Hafez,Male,"01153937353",amr.hafez62@hotmail.com,Giza,Greater Cairo,Bronze,1983-08-24,2021-02-20
CUS00514,Mona Amin,Female,  01125332850  ,mona.amin39@gmail.com,Luxor,Upper Egypt,Silver,1998-11-25,2020-05-28
CUS00910,Reem Mansour,Female,"01284250773","",Giza,Greater Cairo,Gold,2001-05-22,2023-10-26
CUS01524,Suzy Hassan,Female,"01264225586",suzy.hassan43@outlook.com,Cairo,Greater Cairo,Bronze,1986-09-25,2021-10-06
CUS01628,Amr Nasser,Male,"01249448319",amr.nasser49@yahoo.com,Alexandria,Alexandria,Bronze,1978-08-17,2023-02-11
CUS00328,Hossam Nasser,Male,  01263161787  ,hossam.nasser25@yahoo.com,Mansoura,Nile Delta,Silver,1970-04-27,2020-10-05
CUS01702,Yasmin Zaki,Female,  01090361394  ,yasmin.zaki93@gmail.com,Giza,Greater Cairo,Bronze,1979-07-17,2023-05-04
CUS00988,Sherif Ragab,Male,"01284464701",sherif.ragab66@gmail.com,Giza,Greater Cairo,Silver,1978-12-11,2023-10-22
CUS00502,Sara Badawi,Female, 01033362909,sara.badawi74@yahoo.com,Alexandria,Alexandria,Bronze,1993-10-21,2021-05-16
CUS02810,Tarek Mostafa,Male,"01260507170",tarek.mostafa44@outlook.com,Tanta,Nile Delta,Gold,1999-06-04,2022-04-03
CUS00156,Samir Shaaban,Male,"01073868130","",Cairo,Greater Cairo,Silver,1979-03-11,2023-12-05
CUS01991,Hazem Mahmoud,Male,"01149552670",hazem.mahmoud64@outlook.com,Hurghada,Red Sea,Silver,1998-04-12,2023-05-10
CUS00951,Mona Bakr,Female,  01087574875  ,mona.bakr91@gmail.com,Mansoura,Nile Delta,Bronze,1997-09-05,2020-02-21
CUS00923,Adel Bakr,Male,"01155622852",adel.bakr99@hotmail.com,Suez,Canal Zone,Silver,1997-06-16,2021-04-26
CUS01693,Adel Nasser,Male,"01165021554","",Giza,Greater Cairo,Silver,1984-11-05,2023-01-01
CUS00532,Hazem Khalil,Male,"01282197852","",Sharm El Sheikh,South Sinai,Bronze,1971-10-02,2021-05-19
CUS02556,Akram Farouk,Male,"01220859238 ",akram.farouk62@yahoo.com,Port Said,Canal Zone,Bronze,1987-10-04,2023-09-26
CUS01977,Rana Abdallah,Female,"01071140454",rana.abdallah99@hotmail.com,Cairo,Greater Cairo,Silver,1976-01-24,2023-02-04
CUS01027,Ramy Sayed,Male, 01271937580,ramy.sayed51@yahoo.com,Luxor,Upper Egypt,Silver,1978-02-07,2022-10-11
CUS02652,Akram Shaaban,Male,"01076202837",akram.shaaban85@gmail.com,Giza,Greater Cairo,Bronze,1992-12-18,2022-08-26
CUS02159,Doha Mostafa,Female,"01020425903",doha.mostafa58@outlook.com,Giza,Greater Cairo,Silver,1984-04-27,2023-08-03
CUS00069,Ali Hassan,Male,"01087346846","",Cairo,Greater Cairo,Bronze,1998-05-07,2023-11-14
CUS02181,Yasmin Nasser,Female,"01145712217","",Giza,Greater Cairo,Silver,2003-10-07,2020-11-01
CUS00578,Hossam Attia,Male, 01259566126,hossam.attia70@hotmail.com,Port Said,Canal Zone,Bronze,1993-01-20,2021-05-12
CUS02202,Reham Hamdy,Female,  01288181822  ,reham.hamdy13@hotmail.com,Cairo,Greater Cairo,Bronze,1980-05-19,2022-06-07
CUS02612,Karim Hassan,Male,"01120744651",karim.hassan73@gmail.com,Cairo,Greater Cairo,Bronze,1970-02-24,2020-08-10
CUS01669,Adel Hassan,Male,"01044123401 ","",Cairo,Greater Cairo,Bronze,1985-04-28,2020-07-13
CUS01263,Mahmoud Shaaban,Male,"01113795294",mahmoud.shaaban31@outlook.com,Giza,Greater Cairo,Bronze,1995-05-24,2020-06-20
CUS02441,Maged Ali,Male,"01044222536 ",maged.ali59@yahoo.com,Alexandria,Alexandria,Bronze,1987-09-08,2023-01-06
CUS01947,Reham Mostafa,Female, 01021286470,reham.mostafa74@yahoo.com,Giza,Greater Cairo,Bronze,1988-02-10,2020-05-28
CUS01032,Shaimaa Nasser,Female,"01082016067",shaimaa.nasser72@hotmail.com,Alexandria,Alexandria,Bronze,1990-01-05,2023-07-11
CUS01532,Nadia Ramadan,Female,"01277934407",nadia.ramadan39@gmail.com,Mansoura,Nile Delta,Bronze,1973-02-26,2020-06-28
CUS01215,Ibrahim Lotfy,Male,"01164511793 ",ibrahim.lotfy3@yahoo.com,Tanta,Nile Delta,Silver,1977-03-26,2020-08-02
CUS01385,Manar Fathy,Female,"01111171326",manar.fathy56@yahoo.com,Mansoura,Nile Delta,Gold,1975-12-07,2020-09-12
CUS00714,Suzy Ragab,Female,"01243983969",suzy.ragab97@yahoo.com,Giza,Greater Cairo,Gold,1993-07-03,2020-06-17
CUS02767,Karim Mansour,Male, 01056175274,karim.mansour80@yahoo.com,Alexandria,Alexandria,Silver,1976-12-04,2020-11-16
CUS01541,Ola Nasser,Female,"01126775788",ola.nasser83@hotmail.com,Tanta,Nile Delta,Bronze,1993-10-15,2023-08-28
CUS01218,Engy Shaaban,Female,"01197110687",engy.shaaban49@hotmail.com,Tanta,Nile Delta,Bronze,1973-04-20,2021-12-10
CUS02218,Walid Amin,Male,"01061388703",walid.amin62@outlook.com,Giza,Greater Cairo,Silver,1990-07-01,2022-02-28
CUS02617,Fady Saad,Male,"01088263481",fady.saad96@outlook.com,Giza,Greater Cairo,Gold,2001-10-03,2022-09-23
CUS02515,Emad Nasser,Male,  01036629338  ,emad.nasser64@outlook.com,Mansoura,Nile Delta,Platinum,2001-03-25,2021-09-26
CUS02890,Eman Mahmoud,Female,"01273559135","",Aswan,Upper Egypt,Silver,1985-12-18,2020-11-26
CUS02144,Manar Ibrahim,Female,"01156071748",manar.ibrahim5@gmail.com,Giza,Greater Cairo,Silver,1985-09-18,2022-10-12
CUS00418,Nader Zaki,Male,  01230625554  ,nader.zaki98@hotmail.com,Giza,Greater Cairo,Silver,2000-04-18,2022-08-21
CUS01783,Essam Younis,Male,  01169276156  ,essam.younis99@yahoo.com,Alexandria,Alexandria,Bronze,1987-06-13,2020-08-19
CUS00897,Akram Saad,Male,  01133485502  ,akram.saad45@hotmail.com,Giza,Greater Cairo,Bronze,2001-05-07,2023-07-23
CUS00488,Maged Ali,Male,  01226567268  ,maged.ali1@gmail.com,Giza,Greater Cairo,Gold,1983-05-27,2022-03-12
CUS01975,Ashraf Farouk,Male,  01171214909  ,ashraf.farouk10@hotmail.com,Giza,Greater Cairo,Silver,2003-06-28,2021-08-18
CUS02834,Ahmed Saad,Male,"01049830164",ahmed.saad64@outlook.com,Giza,Greater Cairo,Gold,1982-11-09,2023-05-23
CUS01078,Ramy Abdallah,Male, 01077425226,"",Tanta,Nile Delta,Gold,1990-02-13,2022-01-17
CUS00020,Nader Mostafa,Male, 01119506414,"",Giza,Greater Cairo,Bronze,1997-12-05,2022-05-05
CUS00921,Khaled Sayed,Male,"01159981121","",Luxor,Upper Egypt,Silver,2002-10-09,2022-03-10
CUS00246,Rana Bakr,Female,"01146434606",rana.bakr19@gmail.com,Port Said,Canal Zone,Bronze,1990-11-26,2021-09-10
CUS02867,Nader Mansour,Male,"01225019417",nader.mansour88@hotmail.com,Alexandria,Alexandria,Bronze,1971-02-01,2022-05-25
CUS02566,Ashraf Rizk,Male,"01242706628",ashraf.rizk11@hotmail.com,Giza,Greater Cairo,Bronze,1984-07-13,2022-04-11
CUS02525,Karim Ahmed,Male,  01151526888  ,karim.ahmed54@outlook.com,Hurghada,Red Sea,Silver,1979-05-01,2022-04-08
CUS00659,Shaimaa Mansour,Female,  01213753144  ,shaimaa.mansour7@outlook.com,Mansoura,Nile Delta,Silver,1990-12-02,2021-09-12
CUS02969,Zeinab Gamal,Female, 01063871679,zeinab.gamal32@outlook.com,Port Said,Canal Zone,Bronze,1976-09-07,2021-01-11
CUS02875,Doha Fathy,Female,"01125785548","",Hurghada,Red Sea,Silver,2001-12-01,2023-10-24
CUS02057,Shaimaa Shaaban,Female,"01071856291",shaimaa.shaaban26@gmail.com,Alexandria,Alexandria,Silver,1978-09-09,2023-09-07
CUS01788,Akram Farouk,Male,"01076745463",akram.farouk5@yahoo.com,Mansoura,Nile Delta,Gold,1999-03-26,2021-12-16
CUS01960,Nadia Saad,Female,"01031861832",nadia.saad25@gmail.com,Hurghada,Red Sea,Bronze,1992-05-24,2022-10-03
CUS00767,Wael Zaki,Male,"01129960983",wael.zaki19@gmail.com,Hurghada,Red Sea,Silver,1990-04-08,2023-03-05
CUS01497,Mariam Ragab,Female,"01211809088",mariam.ragab74@gmail.com,Mansoura,Nile Delta,Bronze,1997-01-21,2020-01-24
CUS01530,Ayman Amin,Male,"01057105377","",Alexandria,Alexandria,Silver,1970-01-19,2021-01-03
CUS02533,Hoda Mostafa,Female,"01018647179","",Giza,Greater Cairo,Silver,1998-05-11,2020-01-05
CUS00096,Doha Wahba,Female,  01281565674  ,doha.wahba88@outlook.com,Alexandria,Alexandria,Gold,1975-02-06,2020-04-18
CUS02732,Nader Khalil,Male,  01298380048  ,nader.khalil15@outlook.com,Alexandria,Alexandria,Bronze,1982-05-13,2023-07-24
CUS02028,Dalia Hamdy,Female,  01032362187  ,dalia.hamdy6@outlook.com,Ismailia,Canal Zone,Silver,1989-12-09,2021-10-27
CUS01153,Ghada Farouk,Female, 01010421479,ghada.farouk64@outlook.com,Tanta,Nile Delta,Silver,1989-09-03,2022-03-16
CUS02344,Emad Badawi,Male,"01216660861 ",emad.badawi23@hotmail.com,Giza,Greater Cairo,Bronze,1979-07-13,2020-07-21
CUS00456,Heba Fathy,Female,"01288011850",heba.fathy59@outlook.com,Alexandria,Alexandria,Bronze,1976-11-15,2020-04-28
CUS01130,Ali Mahmoud,Male,"01229236657",ali.mahmoud23@yahoo.com,Cairo,Greater Cairo,Platinum,1978-09-08,2021-10-24
CUS00563,Hassan Mansour,Male,"01032727871","",Cairo,Greater Cairo,Silver,1990-10-21,2021-05-27
CUS00190,Tarek Shaaban,Male,"01153588695",tarek.shaaban60@yahoo.com,Cairo,Greater Cairo,Silver,1981-12-22,2022-06-20
CUS01083,Sherif Bakr,Male,  01216711227  ,sherif.bakr62@yahoo.com,Giza,Greater Cairo,Bronze,1984-08-26,2022-05-28
CUS01483,Radwa Ahmed,Female,  01121010615  ,radwa.ahmed92@outlook.com,Alexandria,Alexandria,Bronze,1975-05-20,2020-06-13
CUS01096,Ola Gamal,Female,"01143030893 ",ola.gamal66@yahoo.com,Cairo,Greater Cairo,Bronze,1977-02-13,2023-08-06
CUS00861,Samah Khalil,Female, 01039832632,"",Hurghada,Red Sea,Bronze,1980-07-19,2020-09-23
CUS01445,Sherif Zaki,Male,"01252440768",sherif.zaki7@hotmail.com,Luxor,Upper Egypt,Silver,1992-01-06,2020-10-25
CUS01663,Yasmin Khalil,Female,"01078622351",yasmin.khalil15@gmail.com,Suez,Canal Zone,Silver,1986-11-18,2023-11-23
CUS00496,Nadia Badawi,Female,  01212906871  ,nadia.badawi95@yahoo.com,Giza,Greater Cairo,Bronze,1977-07-05,2023-08-10
CUS00706,Hana Ismail,Female,"01089625763",hana.ismail73@hotmail.com,Ismailia,Canal Zone,Bronze,1989-12-22,2021-09-01
CUS01892,Reem Ibrahim,Female,"01279478250","",Giza,Greater Cairo,Bronze,1996-01-17,2020-01-12
CUS00742,Bassem Lotfy,Male,"01137531916",bassem.lotfy42@gmail.com,Giza,Greater Cairo,Bronze,1971-09-25,2023-09-20
CUS02485,Ali Gouda,Male,"01126341998 ",ali.gouda8@hotmail.com,Alexandria,Alexandria,Bronze,1977-01-14,2020-05-04
CUS01621,Aisha Ismail,Female,"01284787394",aisha.ismail48@hotmail.com,Alexandria,Alexandria,Bronze,1976-07-16,2023-11-05
CUS01554,Youssef Ibrahim,Male,"01053254525","",Suez,Canal Zone,Silver,1986-11-22,2023-11-18
CUS00033,Heba Wahba,Female,"01120043577",heba.wahba38@hotmail.com,Cairo,Greater Cairo,Gold,1978-11-27,2022-07-23
CUS00692,Essam Younis,Male,"01139045233 ",essam.younis81@hotmail.com,Giza,Greater Cairo,Silver,1979-04-17,2023-10-04
CUS01939,Rania Nasser,Female,"01059621760 ",rania.nasser65@gmail.com,Alexandria,Alexandria,Silver,1979-11-19,2020-02-11
CUS01507,Akram Mostafa,Male, 01233865861,akram.mostafa40@gmail.com,Alexandria,Alexandria,Platinum,1994-08-12,2020-12-02
CUS00730,Ayman Ali,Male,"01060154780 ",ayman.ali17@outlook.com,Cairo,Greater Cairo,Silver,1990-07-01,2023-11-28
CUS01269,Salma Rizk,Female,"01034488359",salma.rizk21@yahoo.com,Mansoura,Nile Delta,Silver,1971-01-23,2021-10-17
CUS02105,Khaled Saad,Male, 01077338280,khaled.saad48@yahoo.com,Hurghada,Red Sea,Bronze,1992-10-10,2022-03-26
CUS00512,Omar Ibrahim,Male,"01157910133",omar.ibrahim47@hotmail.com,Giza,Greater Cairo,Bronze,1986-09-07,2021-09-09
CUS02506,Hassan Hamdy,Male,"01113282336","",Cairo,Greater Cairo,Gold,1982-03-21,2022-08-16
CUS00507,Osama Ismail,Male,"01083428820",osama.ismail8@yahoo.com,Suez,Canal Zone,Gold,1991-01-05,2023-02-26
CUS01374,Ayman Gamal,Male,  01238010136  ,ayman.gamal14@outlook.com,Alexandria,Alexandria,Bronze,2002-07-13,2021-11-16
CUS02881,Ghada Salem,Female,"01197547005",ghada.salem6@gmail.com,Giza,Greater Cairo,Bronze,1978-09-23,2020-08-22
CUS01111,Mahmoud Badawi,Male,"01037406435",mahmoud.badawi10@outlook.com,Aswan,Upper Egypt,Bronze,1980-03-03,2023-03-06
CUS02272,Youssef Mahmoud,Male,"01179150757","",Giza,Greater Cairo,Silver,1979-04-17,2020-09-25
CUS01065,Ahmed Attia,Male,"01144213454",ahmed.attia36@gmail.com,Giza,Greater Cairo,Silver,1989-11-22,2021-10-26
CUS01861,Youssef Hassan,Male,"01280359390",youssef.hassan43@gmail.com,Hurghada,Red Sea,Gold,1987-11-27,2021-08-26
CUS02814,Yasmin Nasser,Female, 01046206485,yasmin.nasser81@yahoo.com,Cairo,Greater Cairo,Silver,1999-08-11,2022-05-18
CUS02991,Lobna Hamdy,Female,"01094616456",lobna.hamdy70@hotmail.com,Cairo,Greater Cairo,Bronze,2000-07-02,2021-12-19
CUS00808,Mona Ramadan,Female,  01095395947  ,mona.ramadan82@gmail.com,Port Said,Canal Zone,Silver,2001-04-05,2022-08-06
CUS02263,Ashraf Zaki,Male, 01299145904,ashraf.zaki47@hotmail.com,Suez,Canal Zone,Bronze,2001-03-14,2020-08-22
CUS01000,Neveen Bakr,Female,"01013398022",neveen.bakr9@hotmail.com,Giza,Greater Cairo,Silver,2003-11-02,2021-06-15
CUS02494,Rana Ramadan,Female,"01267170315",rana.ramadan10@hotmail.com,Giza,Greater Cairo,Gold,1973-01-20,2022-02-14
CUS00121,Reem Hafez,Female,"01213670948",reem.hafez29@yahoo.com,Hurghada,Red Sea,Silver,1999-11-15,2022-07-12
CUS00314,Tarek Zaki,Male,"01029077681",tarek.zaki37@yahoo.com,Ismailia,Canal Zone,Bronze,1988-08-01,2021-12-16
CUS00030,Hany Barakat,Male,"01147890586",hany.barakat48@yahoo.com,Cairo,Greater Cairo,Bronze,1972-07-03,2022-10-26
CUS00023,Amira Shaaban,Female,"01076422705 ","",Giza,Greater Cairo,Bronze,1988-11-02,2020-06-11
CUS02603,Mahmoud Amin,Male,"01238074163",mahmoud.amin4@hotmail.com,Zagazig,Nile Delta,Silver,1987-11-24,2022-12-12
CUS01806,Osama Barakat,Male,  01025045536  ,"",Hurghada,Red Sea,Bronze,1995-10-11,2021-09-15
CUS01339,Heba Fathy,Female,  01117886725  ,heba.fathy12@outlook.com,Cairo,Greater Cairo,Silver,1976-04-18,2020-04-05
CUS01438,Samir Salem,Male,"01242519826 ",samir.salem23@yahoo.com,Tanta,Nile Delta,Bronze,1973-03-12,2020-04-09
CUS00846,Fatima Lotfy,Female,"01141940192",fatima.lotfy70@hotmail.com,Giza,Greater Cairo,Bronze,1977-04-25,2023-02-07
CUS02408,Doha Ali,Female,"01122268646",doha.ali34@yahoo.com,Cairo,Greater Cairo,Silver,1986-05-24,2023-08-26
CUS01413,Ashraf Gamal,Male,"01175205893 ",ashraf.gamal51@yahoo.com,Cairo,Greater Cairo,Bronze,1971-12-04,2021-07-08
CUS01136,Reham Zaki,Female,  01129538668  ,reham.zaki7@hotmail.com,Cairo,Greater Cairo,Bronze,2002-10-16,2023-12-25
CUS02242,Nour Salem,Female,"01066329361",nour.salem53@outlook.com,Cairo,Greater Cairo,Silver,1990-05-14,2023-09-22
CUS01393,Reem Wahba,Female,"01163711215",reem.wahba43@gmail.com,Cairo,Greater Cairo,Silver,1980-05-06,2020-11-11
CUS01801,Adel Badawi,Male,"01257969943",adel.badawi56@gmail.com,Port Said,Canal Zone,Bronze,1982-11-16,2020-10-07
CUS02956,Nadia Amin,Female,"01078222824",nadia.amin43@outlook.com,Tanta,Nile Delta,Bronze,1988-08-11,2021-03-26
CUS01455,Shaimaa Mansour,Female, 01178633402,shaimaa.mansour27@outlook.com,Cairo,Greater Cairo,Gold,1976-06-06,2022-08-01
CUS00543,Samah Shaaban,Female,  01020271291  ,samah.shaaban2@yahoo.com,Cairo,Greater Cairo,Silver,1978-12-09,2020-12-19
CUS02052,Hossam Nasser,Male,  01259184207  ,hossam.nasser87@outlook.com,Alexandria,Alexandria,Silver,1990-02-27,2022-12-27
CUS02829,Ramy Amin,Male,"01062660529",ramy.amin57@hotmail.com,Giza,Greater Cairo,Silver,1979-06-02,2022-02-03
CUS02921,Yasmin Hamdy,Female,"01217059683 ",yasmin.hamdy84@outlook.com,Giza,Greater Cairo,Bronze,1988-10-15,2020-12-21
CUS01770,Mariam Gouda,Female,  01011608040  ,mariam.gouda92@gmail.com,Giza,Greater Cairo,Bronze,1991-03-17,2023-04-09
CUS01798,Ayman Hamdy,Male,"01078927204",ayman.hamdy3@yahoo.com,Cairo,Greater Cairo,Silver,1982-02-16,2023-04-13
CUS00655,Ibrahim Zaki,Male,"01234215127",ibrahim.zaki20@hotmail.com,Giza,Greater Cairo,Gold,1988-02-12,2023-11-18
CUS00483,Ahmed Gamal,Male,"01143220287",ahmed.gamal38@yahoo.com,Giza,Greater Cairo,Bronze,2000-10-01,2021-03-25
CUS00612,Ashraf Ramadan,Male,  01080920296  ,ashraf.ramadan5@hotmail.com,Hurghada,Red Sea,Bronze,1995-08-26,2023-05-19
CUS01597,Hany Gouda,Male,"01064427645 ",hany.gouda47@hotmail.com,Cairo,Greater Cairo,Bronze,1996-03-10,2021-01-08
CUS01106,Eman Sayed,Female,"01142238832",eman.sayed79@hotmail.com,Cairo,Greater Cairo,Bronze,1983-03-09,2020-11-05
CUS02413,Tarek Hamdy,Male,"01293903804 ",tarek.hamdy63@yahoo.com,Alexandria,Alexandria,Bronze,1999-07-04,2020-10-24
CUS02033,Radwa Ramadan,Female,"01287197710 ",radwa.ramadan9@outlook.com,Alexandria,Alexandria,Bronze,1985-11-07,2021-06-22
CUS02749,Salma Saad,Female,"01088249308",salma.saad41@hotmail.com,Aswan,Upper Egypt,Bronze,1987-04-01,2022-03-26
CUS01869,Ibrahim Khalil,Male,"01122730930",ibrahim.khalil33@hotmail.com,Cairo,Greater Cairo,Silver,1981-04-24,2022-11-04
CUS01001,Rania Ramadan,Female,"01086995914",rania.ramadan68@gmail.com,Cairo,Greater Cairo,Bronze,1971-10-10,2023-03-02
CUS01423,Shaimaa Shaaban,Female,  01144321106  ,shaimaa.shaaban47@hotmail.com,Cairo,Greater Cairo,Bronze,1993-07-22,2022-06-08
CUS00691,Walid Khalil,Male,"01035494128",walid.khalil21@outlook.com,Giza,Greater Cairo,Bronze,1989-09-09,2020-06-04
CUS00891,Hoda Farouk,Female,"01090405385","",Zagazig,Nile Delta,Bronze,2001-05-02,2023-10-01
CUS00231,Ali Ibrahim,Male,"01177303492",ali.ibrahim69@hotmail.com,Hurghada,Red Sea,Silver,1993-06-15,2023-10-12
CUS02120,Rana Gamal,Female,"01040721069",rana.gamal59@outlook.com,Suez,Canal Zone,Silver,1980-11-02,2020-03-12
CUS01403,Hana Rizk,Female,"01184666074",hana.rizk92@yahoo.com,Cairo,Greater Cairo,Silver,1999-06-20,2022-08-03
CUS00862,Hossam Barakat,Male,  01253537057  ,hossam.barakat34@yahoo.com,Giza,Greater Cairo,Silver,1986-07-28,2020-04-10
CUS00445,Ola Mahmoud,Female,"01144620670",ola.mahmoud18@gmail.com,Aswan,Upper Egypt,Gold,1974-03-23,2023-01-12
CUS00755,Ahmed Sayed,Male,  01246186255  ,ahmed.sayed58@outlook.com,Cairo,Greater Cairo,Bronze,1979-12-23,2022-10-15
CUS02642,Fady Badawi,Male,"01041944189",fady.badawi6@gmail.com,Cairo,Greater Cairo,Silver,1978-09-01,2020-06-19
CUS02644,Yasmin Ahmed,Female,"01018242865",yasmin.ahmed95@yahoo.com,Mansoura,Nile Delta,Silver,1982-01-15,2021-04-28
CUS02845,Wael Mostafa,Male,"01044963280 ",wael.mostafa70@hotmail.com,Alexandria,Alexandria,Gold,1998-06-11,2020-04-20
CUS00779,Karim Gouda,Male,  01168035954  ,karim.gouda25@outlook.com,Zagazig,Nile Delta,Gold,1992-01-11,2020-12-08
CUS01772,Mona Ahmed,Female,"01184649979",mona.ahmed82@hotmail.com,Hurghada,Red Sea,Silver,1975-08-01,2023-07-03
CUS01186,Youssef Mansour,Male,  01081576118  ,youssef.mansour22@hotmail.com,Port Said,Canal Zone,Bronze,1981-06-01,2023-03-18
CUS01488,Wael Barakat,Male,"01264653981",wael.barakat66@hotmail.com,Tanta,Nile Delta,Gold,1988-10-08,2021-01-24
CUS01248,Noha Shaaban,Female,"01281597931 ",noha.shaaban64@hotmail.com,Cairo,Greater Cairo,Bronze,1972-01-20,2022-05-26
CUS00589,Hany Abdallah,Male,"01264864887",hany.abdallah61@gmail.com,Cairo,Greater Cairo,Silver,2002-02-20,2022-01-24
CUS01369,Samir Amin,Male,"01225873894",samir.amin90@gmail.com,Cairo,Greater Cairo,Platinum,1998-01-26,2020-11-15
CUS01340,Adel Mohamed,Male,  01210578224  ,adel.mohamed38@gmail.com,Cairo,Greater Cairo,Silver,1978-05-15,2020-03-27
CUS01356,Hossam Hamdy,Male,"01083112591","",Luxor,Upper Egypt,Silver,1989-12-25,2023-10-14
CUS01979,Ashraf Rizk,Male, 01049237816,ashraf.rizk73@outlook.com,Luxor,Upper Egypt,Gold,1987-03-14,2023-02-04
CUS00160,Sherif Nasser,Male,"01193623280","",Zagazig,Nile Delta,Bronze,2003-05-18,2020-05-06
CUS01796,Dina Hassan,Female,  01051663806  ,"",Cairo,Greater Cairo,Bronze,1984-09-11,2022-10-25
CUS00964,Fady Gamal,Male,  01116814758  ,fady.gamal24@hotmail.com,Giza,Greater Cairo,Gold,1973-01-06,2022-08-21
CUS00364,Hoda Ibrahim,Female,"01270251890 ",hoda.ibrahim2@yahoo.com,Alexandria,Alexandria,Gold,1991-01-20,2020-10-25
CUS02761,Manar Gouda,Female,"01068646016",manar.gouda86@hotmail.com,Cairo,Greater Cairo,Gold,2002-09-22,2022-10-17
CUS02489,Magdy Ibrahim,Male,"01189243428",magdy.ibrahim98@yahoo.com,Alexandria,Alexandria,Bronze,1990-05-16,2023-08-28
CUS01964,Doha Abdallah,Female,"01152570341",doha.abdallah28@gmail.com,Giza,Greater Cairo,Gold,1977-02-06,2020-05-20
CUS02035,Ibrahim Fathy,Male,"01185777907","",Mansoura,Nile Delta,Platinum,1999-04-14,2020-03-21
CUS01068,Walid Younis,Male, 01234043964,"",Cairo,Greater Cairo,Gold,1973-01-27,2021-01-18
CUS02874,Sherif Badawi,Male,"01184576894",sherif.badawi38@hotmail.com,Giza,Greater Cairo,Bronze,1997-04-25,2023-05-16
CUS02887,Sherif Lotfy,Male,"01182221951",sherif.lotfy75@yahoo.com,Alexandria,Alexandria,Gold,1990-06-19,2021-07-20
CUS01958,Ayman Mansour,Male, 01143480128,"",Giza,Greater Cairo,Bronze,1975-11-07,2023-11-01
CUS00098,Fady Mohamed,Male,"01210791740",fady.mohamed90@gmail.com,Giza,Greater Cairo,Bronze,1994-11-04,2022-09-04
CUS00702,Hassan Nasser,Male, 01140520595,"",Cairo,Greater Cairo,Bronze,1998-03-04,2021-08-02
CUS01425,Ola Ramadan,Female,"01138968791 ",ola.ramadan20@gmail.com,Ismailia,Canal Zone,Silver,1980-07-27,2023-08-12
CUS01623,Reem Barakat,Female,  01160668069  ,reem.barakat37@yahoo.com,Alexandria,Alexandria,Bronze,2002-08-05,2021-11-02
CUS00588,Lobna Badawi,Female,"01110447935",lobna.badawi13@outlook.com,Cairo,Greater Cairo,Bronze,1980-03-13,2023-07-14
CUS01259,Rana Farouk,Female, 01028342286,rana.farouk1@gmail.com,Cairo,Greater Cairo,Bronze,1991-11-05,2023-10-07
CUS00237,Tamer Attia,Male,"01283302419",tamer.attia38@yahoo.com,Giza,Greater Cairo,Bronze,1990-03-01,2023-06-23
CUS01405,Mariam Ragab,Female, 01229057175,mariam.ragab22@outlook.com,Mansoura,Nile Delta,Bronze,1997-06-05,2021-05-01
CUS00330,Doha Ramadan,Female,"01279564413",doha.ramadan29@gmail.com,Cairo,Greater Cairo,Bronze,1996-05-04,2022-07-18
CUS00007,Wael Barakat,Male,"01185141654 ",wael.barakat24@outlook.com,Cairo,Greater Cairo,Silver,1981-09-06,2023-01-24
CUS01144,Dalia Barakat,Female,  01226170596  ,dalia.barakat22@gmail.com,Alexandria,Alexandria,Silver,1991-06-01,2020-08-06
CUS01007,Lobna Rizk,Female,  01285977102  ,lobna.rizk24@yahoo.com,Tanta,Nile Delta,Bronze,1979-06-18,2022-07-02
CUS01633,Omar Barakat,Male,  01295025332  ,omar.barakat90@yahoo.com,Mansoura,Nile Delta,Bronze,1976-02-28,2021-06-21
CUS00833,Magdy Rizk,Male,"01286878220",magdy.rizk49@hotmail.com,Cairo,Greater Cairo,Bronze,1980-07-25,2023-02-17
CUS02697,Mahmoud Amin,Male,"01132887525",mahmoud.amin92@yahoo.com,Tanta,Nile Delta,Bronze,1982-07-27,2020-07-11
CUS00177,Adel Bakr,Male,"01067354434",adel.bakr36@hotmail.com,Tanta,Nile Delta,Silver,1993-07-27,2023-09-07
CUS00127,Salma Sayed,Female,  01161121302  ,salma.sayed2@yahoo.com,Aswan,Upper Egypt,Platinum,1987-04-18,2023-08-05
CUS01659,Wael Attia,Male,"01063262557 ",wael.attia39@gmail.com,Giza,Greater Cairo,Bronze,1980-02-14,2020-03-20
CUS01858,Ramy Wahba,Male,"01249371830",ramy.wahba53@hotmail.com,Alexandria,Alexandria,Bronze,1994-08-28,2022-08-02
CUS02248,Samir Shaaban,Male,"01227248138","",Aswan,Upper Egypt,Bronze,1997-06-23,2022-02-15
CUS01315,Dina Zaki,Female,"01122361346",dina.zaki22@gmail.com,Giza,Greater Cairo,Silver,1983-10-03,2020-08-26
CUS01852,Hussein Ibrahim,Male, 01054870634,hussein.ibrahim26@outlook.com,Aswan,Upper Egypt,Bronze,1975-04-20,2022-08-20
CUS00376,Hossam Mansour,Male,  01238531115  ,hossam.mansour34@outlook.com,Giza,Greater Cairo,Bronze,2002-02-15,2023-11-20
CUS01574,Maged Salem,Male,  01130360921  ,maged.salem35@gmail.com,Luxor,Upper Egypt,Silver,2002-10-26,2021-10-01
CUS00320,Shaimaa Lotfy,Female, 01153515775,"",Cairo,Greater Cairo,Bronze,1976-06-05,2021-10-19
CUS00225,Rana Farouk,Female,"01275661110",rana.farouk2@outlook.com,Cairo,Greater Cairo,Bronze,1975-07-28,2021-04-11
CUS01434,Essam Mansour,Male,"01043212275 ",essam.mansour12@hotmail.com,Mansoura,Nile Delta,Silver,1976-07-15,2023-06-14
CUS01871,Ayman Saad,Male, 01180828077,ayman.saad94@hotmail.com,Aswan,Upper Egypt,Bronze,1972-08-02,2021-01-08
CUS00004,Nader Ramadan,Male,"01139796480",nader.ramadan58@hotmail.com,Alexandria,Alexandria,Silver,1976-01-04,2023-08-25
CUS02753,Ashraf Mostafa,Male,"01298718130 ",ashraf.mostafa94@outlook.com,Cairo,Greater Cairo,Gold,1997-03-10,2023-07-06
CUS01647,Rania Mostafa,Female,"01062774608",rania.mostafa48@hotmail.com,Cairo,Greater Cairo,Bronze,1994-03-11,2023-05-13
CUS02258,Essam Ahmed,Male,"01289554114",essam.ahmed89@outlook.com,Giza,Greater Cairo,Silver,1991-06-10,2020-06-10
CUS01277,Doha Gouda,Female,"01112668228",doha.gouda35@yahoo.com,Cairo,Greater Cairo,Bronze,1972-12-03,2021-09-21
CUS01050,Tamer Sayed,Male,"01249738181",tamer.sayed20@outlook.com,Cairo,Greater Cairo,Platinum,1981-02-12,2023-09-16
CUS01080,Rania Attia,Female,"01186648532",rania.attia5@hotmail.com,Port Said,Canal Zone,Silver,1977-06-19,2021-08-17
CUS00900,Ibrahim Ahmed,Male,  01272727812  ,ibrahim.ahmed75@yahoo.com,Cairo,Greater Cairo,Silver,1998-10-16,2020-12-19
CUS00542,Fatima Ali,Female,"01263410254","",Mansoura,Nile Delta,Silver,1971-09-04,2021-01-09
CUS02146,Tamer Attia,Male,"01085419724",tamer.attia64@gmail.com,Aswan,Upper Egypt,Silver,1971-07-13,2023-03-01
CUS00389,Walid Shaaban,Male,"01147898265",walid.shaaban17@hotmail.com,Zagazig,Nile Delta,Bronze,1974-09-24,2020-12-10
CUS00771,Ahmed Hamdy,Male,  01110367395  ,ahmed.hamdy19@hotmail.com,Cairo,Greater Cairo,Gold,1991-10-12,2022-09-13
CUS01575,Bassem Barakat,Male,"01068233482 ",bassem.barakat84@outlook.com,Cairo,Greater Cairo,Bronze,1992-12-14,2020-04-17
CUS02897,Zeinab Hamdy,Female,"01022403536 ",zeinab.hamdy6@yahoo.com,Alexandria,Alexandria,Bronze,1988-07-06,2020-03-09
CUS02194,Walid Gouda,Male, 01130061479,walid.gouda63@outlook.com,Alexandria,Alexandria,Gold,2003-02-15,2022-03-20
CUS01618,Neveen Sayed,Female, 01283635162,neveen.sayed34@gmail.com,Mansoura,Nile Delta,Silver,1986-06-10,2023-07-17
CUS01582,Walid Mohamed,Male,"01289200771","",Giza,Greater Cairo,Silver,1981-01-08,2023-01-03
CUS02828,Emad Zaki,Male,"01158236901",emad.zaki89@outlook.com,Cairo,Greater Cairo,Bronze,1991-03-06,2021-03-05
CUS01853,Ahmed Mahmoud,Male,"01123052513",ahmed.mahmoud59@gmail.com,Luxor,Upper Egypt,Silver,1970-12-17,2022-11-26
CUS02673,Walid Mansour,Male,  01054395754  ,"",Tanta,Nile Delta,Gold,2001-01-26,2021-06-28
CUS01677,Salma Mohamed,Female,"01129165758 ",salma.mohamed12@outlook.com,Cairo,Greater Cairo,Platinum,1989-06-15,2020-09-19
CUS02600,Khaled Rizk,Male,"01146162961 ",khaled.rizk3@outlook.com,Cairo,Greater Cairo,Gold,1973-06-22,2020-02-20
CUS00012,Mohamed Farouk,Male, 01082156607,mohamed.farouk64@gmail.com,Ismailia,Canal Zone,Silver,1988-01-09,2020-05-25
CUS01636,Eman Ahmed,Female, 01039861312,eman.ahmed81@outlook.com,Cairo,Greater Cairo,Bronze,1999-12-09,2020-10-08
CUS00704,Hossam Hassan,Male,"01259407992",hossam.hassan1@hotmail.com,Cairo,Greater Cairo,Silver,1992-12-03,2022-09-12
CUS00513,Hussein Ahmed,Male, 01275257692,hussein.ahmed30@hotmail.com,Port Said,Canal Zone,Silver,1992-07-23,2021-02-12
CUS02618,Sherif Ali,Male, 01035984086,sherif.ali23@gmail.com,Cairo,Greater Cairo,Bronze,1970-05-11,2023-01-01
CUS00400,Eman Salem,Female,"01060621018",eman.salem16@yahoo.com,Zagazig,Nile Delta,Gold,1984-05-01,2022-10-27
CUS00685,Suzy Mansour,Female,"01289431668","",Port Said,Canal Zone,Bronze,2000-05-24,2021-04-09
CUS00036,Aisha Shaaban,Female,  01243534652  ,aisha.shaaban8@yahoo.com,Hurghada,Red Sea,Bronze,1998-09-24,2021-04-27
CUS02979,Amira Younis,Female,  01113153095  ,amira.younis76@outlook.com,Tanta,Nile Delta,Bronze,1977-04-26,2023-06-15
CUS01410,Salma Badawi,Female,"01066033776 ",salma.badawi11@yahoo.com,Luxor,Upper Egypt,Bronze,1996-07-03,2021-11-21
CUS02538,Engy Ismail,Female,"01264506267",engy.ismail98@yahoo.com,Cairo,Greater Cairo,Platinum,1983-04-25,2023-11-22
CUS02278,Hossam Wahba,Male, 01096246474,hossam.wahba18@outlook.com,Alexandria,Alexandria,Platinum,1990-06-01,2021-10-24
CUS00470,Emad Ragab,Male, 01090722659,emad.ragab83@gmail.com,Ismailia,Canal Zone,Gold,1977-02-15,2023-05-05
CUS02914,Tamer Attia,Male,"01099304493",tamer.attia61@hotmail.com,Ismailia,Canal Zone,Bronze,1998-07-02,2020-01-02
CUS02963,Ayman Khalil,Male,  01147664344  ,ayman.khalil99@yahoo.com,Giza,Greater Cairo,Silver,2000-04-20,2020-11-20
CUS02102,Hussein Ali,Male,"01246586986",hussein.ali30@gmail.com,Alexandria,Alexandria,Bronze,1993-10-07,2021-06-26
CUS02200,Heba Lotfy,Female,"01041084722 ","",Giza,Greater Cairo,Gold,1990-09-15,2022-08-18
CUS00404,Ali Mahmoud,Male,"01066906118",ali.mahmoud88@gmail.com,Aswan,Upper Egypt,Bronze,1988-09-16,2023-01-20
CUS01844,Ola Shaaban,Female,"01160683991",ola.shaaban20@gmail.com,Mansoura,Nile Delta,Silver,1970-01-22,2021-11-21
CUS00660,Sherif Sayed,Male,  01252991351  ,sherif.sayed2@gmail.com,Alexandria,Alexandria,Bronze,1999-03-08,2023-04-23
CUS01632,Fady Lotfy,Male,"01164922827","",Giza,Greater Cairo,Bronze,1979-05-24,2020-04-09
CUS02626,Mohamed Gamal,Male,"01220291302 ",mohamed.gamal49@yahoo.com,Ismailia,Canal Zone,Silver,1973-11-15,2021-04-02
CUS01184,Samir Ramadan,Male,"01195434927",samir.ramadan95@yahoo.com,Port Said,Canal Zone,Silver,1987-01-17,2022-12-14
CUS01758,Suzy Mansour,Female,"01182711014",suzy.mansour96@hotmail.com,Alexandria,Alexandria,Bronze,1979-09-28,2022-06-28
CUS02661,Hazem Gamal,Male,"01294111189",hazem.gamal16@hotmail.com,Alexandria,Alexandria,Silver,1978-10-09,2022-01-11
CUS02279,Aisha Mahmoud,Female,"01034423105",aisha.mahmoud21@hotmail.com,Mansoura,Nile Delta,Bronze,1971-08-20,2022-07-08
CUS01797,Engy Younis,Female,"01140581795",engy.younis1@yahoo.com,Tanta,Nile Delta,Silver,1983-10-22,2022-06-26
CUS02569,Nader Ibrahim,Male,"01041426731 ",nader.ibrahim1@yahoo.com,Hurghada,Red Sea,Bronze,1995-02-24,2020-05-07
CUS00065,Lobna Rizk,Female,"01214740436",lobna.rizk92@yahoo.com,Giza,Greater Cairo,Silver,1996-07-13,2023-11-12
CUS02069,Sherif Wahba,Male, 01051958630,"",Cairo,Greater Cairo,Gold,2000-02-12,2023-11-02
CUS00770,Radwa Bakr,Female,"01043635013 ",radwa.bakr18@yahoo.com,Aswan,Upper Egypt,Silver,1981-01-28,2023-05-07
CUS02370,Maged Lotfy,Male,"01281872177","",Zagazig,Nile Delta,Bronze,2003-04-10,2021-05-13
CUS01174,Nour Mostafa,Female, 01114481563,nour.mostafa72@hotmail.com,Cairo,Greater Cairo,Silver,1984-06-10,2021-10-07
CUS00832,Rania Ahmed,Female,"01112423190",rania.ahmed91@gmail.com,Giza,Greater Cairo,Bronze,1976-11-12,2022-05-19
CUS02663,Emad Khalil,Male,  01099277799  ,emad.khalil79@outlook.com,Cairo,Greater Cairo,Bronze,1981-10-17,2023-12-03
CUS00052,Emad Ahmed,Male,"01021503440",emad.ahmed30@gmail.com,Hurghada,Red Sea,Platinum,1979-12-22,2023-09-14
CUS02376,Maged Bakr,Male,"01150176369",maged.bakr1@hotmail.com,Cairo,Greater Cairo,Silver,1975-12-28,2023-06-28
CUS02592,Mohamed Younis,Male,"01193079615 ",mohamed.younis28@yahoo.com,Hurghada,Red Sea,Gold,1992-07-17,2020-06-05
CUS01296,Salma Barakat,Female,  01145353959  ,salma.barakat10@hotmail.com,Cairo,Greater Cairo,Platinum,1987-12-27,2020-05-16
CUS00094,Hany Nasser,Male,"01139319229",hany.nasser97@gmail.com,Alexandria,Alexandria,Bronze,1991-06-12,2020-11-12
CUS00204,Ramy Ahmed,Male,"01072279029 ",ramy.ahmed69@yahoo.com,Suez,Canal Zone,Bronze,1986-02-02,2023-11-23
CUS00464,Amira Mohamed,Female,"01039032170",amira.mohamed29@gmail.com,Alexandria,Alexandria,Bronze,1971-09-17,2021-05-09
CUS02415,Dalia Saad,Female,  01223724851  ,dalia.saad35@hotmail.com,Alexandria,Alexandria,Bronze,1973-09-22,2023-11-25
CUS00840,Rana Gouda,Female,"01278974303 ","",Mansoura,Nile Delta,Platinum,1984-01-01,2020-02-27
CUS02114,Dina Farouk,Female,"01031252809",dina.farouk63@outlook.com,Suez,Canal Zone,Bronze,2000-09-18,2023-08-26
CUS02957,Samir Mohamed,Male,  01011264861  ,"",Zagazig,Nile Delta,Bronze,1987-03-04,2023-08-17
CUS02468,Tarek Mohamed,Male,  01239167240  ,tarek.mohamed98@yahoo.com,Cairo,Greater Cairo,Bronze,1995-03-13,2021-07-11
CUS02571,Sherif Mahmoud,Male,  01114332363  ,sherif.mahmoud46@gmail.com,Giza,Greater Cairo,Bronze,1985-03-20,2020-07-12
CUS01658,Ramy Ahmed,Male,"01181222187",ramy.ahmed13@yahoo.com,Giza,Greater Cairo,Bronze,1994-12-06,2020-12-24
CUS00290,Neveen Wahba,Female, 01173946652,neveen.wahba48@yahoo.com,Alexandria,Alexandria,Bronze,1982-08-15,2023-11-14
CUS01787,Ramy Nasser,Male,"01190594945",ramy.nasser34@yahoo.com,Mansoura,Nile Delta,Silver,1995-12-25,2021-09-12
CUS02524,Emad Lotfy,Male,"01058746010","",Giza,Greater Cairo,Bronze,1977-08-08,2021-11-05
CUS02160,Mariam Ali,Female, 01269580724,mariam.ali97@yahoo.com,Zagazig,Nile Delta,Bronze,1984-01-05,2021-11-27
CUS00184,Mahmoud Ismail,Male,"01074781956",mahmoud.ismail68@hotmail.com,Luxor,Upper Egypt,Gold,1975-08-17,2022-03-25
CUS02093,Ahmed Ahmed,Male,"01045042983 ",ahmed.ahmed36@outlook.com,Cairo,Greater Cairo,Bronze,1999-06-26,2021-11-08
CUS00472,Ali Shaaban,Male,"01196046600",ali.shaaban4@yahoo.com,Ismailia,Canal Zone,Bronze,1989-12-15,2020-01-05
CUS02473,Bassem Ibrahim,Male,"01160930242 ","",Suez,Canal Zone,Bronze,1997-12-04,2020-01-06
CUS02657,Heba Ahmed,Female, 01143533745,heba.ahmed65@gmail.com,Aswan,Upper Egypt,Silver,1972-12-23,2022-03-02
CUS00480,Ali Amin,Male,"01014789956",ali.amin80@outlook.com,Alexandria,Alexandria,Bronze,1977-04-04,2023-07-04
CUS01095,Ali Hassan,Male,"01122126246 ",ali.hassan84@hotmail.com,Cairo,Greater Cairo,Silver,1991-09-11,2023-07-08
CUS00841,Karim Ibrahim,Male,"01254941595",karim.ibrahim49@gmail.com,Cairo,Greater Cairo,Silver,1975-11-07,2022-02-10
CUS02046,Noha Mahmoud,Female,  01033793492  ,noha.mahmoud87@hotmail.com,Zagazig,Nile Delta,Silver,1975-07-22,2020-01-01
CUS00870,Essam Ali,Male,"01267134182",essam.ali67@outlook.com,Port Said,Canal Zone,Platinum,2003-04-21,2023-10-20
CUS01371,Ashraf Ibrahim,Male,"01019294238",ashraf.ibrahim57@gmail.com,Ismailia,Canal Zone,Bronze,1973-03-05,2023-11-27
CUS00368,Shaimaa Khalil,Female, 01091315976,shaimaa.khalil35@outlook.com,Suez,Canal Zone,Bronze,1982-04-14,2020-06-13
CUS00499,Tamer Gamal,Male,"01047358181","",Ismailia,Canal Zone,Silver,1991-08-23,2023-07-16
CUS00211,Osama Badawi,Male,  01295944345  ,osama.badawi43@outlook.com,Alexandria,Alexandria,Gold,1971-08-05,2020-09-23
CUS00008,Ayman Lotfy,Male,"01047358810","",Luxor,Upper Egypt,Bronze,1970-12-07,2021-06-11
CUS00284,Nadia Barakat,Female,"01175937784",nadia.barakat57@gmail.com,Cairo,Greater Cairo,Bronze,1990-07-06,2021-03-02
CUS02994,Nour Ali,Female,  01051850765  ,nour.ali87@outlook.com,Giza,Greater Cairo,Silver,2003-06-19,2020-04-13
CUS02631,Lobna Fathy,Female,  01236982938  ,lobna.fathy4@yahoo.com,Mansoura,Nile Delta,Silver,1989-03-20,2022-02-14
CUS00701,Reem Mahmoud,Female, 01065383843,"",Alexandria,Alexandria,Bronze,1993-06-11,2023-11-26
CUS00013,Mona Badawi,Female,"01297734330",mona.badawi45@gmail.com,Aswan,Upper Egypt,Gold,1983-07-04,2023-02-25
CUS02615,Ali Attia,Male, 01298678041,ali.attia6@gmail.com,Giza,Greater Cairo,Silver,1980-10-01,2020-08-02
CUS02426,Hassan Mahmoud,Male,  01156375778  ,hassan.mahmoud96@gmail.com,Suez,Canal Zone,Bronze,1998-09-17,2022-02-17
CUS02431,Ola Ismail,Female,"01252294327",ola.ismail54@gmail.com,Mansoura,Nile Delta,Silver,1975-11-10,2022-01-25
CUS01988,Shaimaa Saad,Female,"01221444897",shaimaa.saad98@hotmail.com,Alexandria,Alexandria,Bronze,1979-07-26,2021-07-17
CUS02497,Tarek Ibrahim,Male,"01156647252",tarek.ibrahim40@hotmail.com,Alexandria,Alexandria,Silver,2003-07-03,2023-07-09
CUS01867,Maged Gouda,Male,"01041683303",maged.gouda42@outlook.com,Cairo,Greater Cairo,Gold,2000-04-17,2022-05-23
CUS01698,Emad Mansour,Male,"01193274386",emad.mansour22@yahoo.com,Cairo,Greater Cairo,Bronze,1999-01-11,2020-07-07
CUS01230,Suzy Rizk,Female,"01140271240",suzy.rizk52@gmail.com,Giza,Greater Cairo,Bronze,1977-12-06,2020-01-16
CUS01353,Khaled Wahba,Male,"01173019381",khaled.wahba17@gmail.com,Giza,Greater Cairo,Silver,1976-11-09,2021-02-21
CUS01458,Eman Ibrahim,Female,"01129482232",eman.ibrahim21@hotmail.com,Tanta,Nile Delta,Bronze,1972-05-02,2023-02-17
CUS01692,Ramy Amin,Male,"01153465341",ramy.amin53@yahoo.com,Alexandria,Alexandria,Bronze,1970-05-12,2022-07-01
CUS00804,Ayman Farouk,Male,"01284490480",ayman.farouk75@hotmail.com,Mansoura,Nile Delta,Platinum,1980-05-23,2023-03-27
CUS01358,Mahmoud Mahmoud,Male,  01165616403  ,"",Giza,Greater Cairo,Bronze,1995-06-05,2020-03-12
CUS00953,Hossam Barakat,Male,"01245140558",hossam.barakat50@hotmail.com,Cairo,Greater Cairo,Bronze,2003-03-06,2020-08-03
CUS00835,Salma Younis,Female,"01285141628","",Alexandria,Alexandria,Silver,1979-07-13,2023-03-13
CUS02341,Suzy Zaki,Female,"01139916662 ",suzy.zaki32@outlook.com,Zagazig,Nile Delta,Silver,2001-04-08,2023-01-04
CUS01317,Amira Amin,Female,  01036330288  ,"",Alexandria,Alexandria,Silver,1974-06-09,2023-06-21
CUS01748,Radwa Mansour,Female,  01121701669  ,"",Cairo,Greater Cairo,Silver,1999-07-18,2020-03-01
CUS02284,Salma Badawi,Female,  01286974476  ,salma.badawi1@outlook.com,Cairo,Greater Cairo,Gold,1979-02-10,2021-10-02
CUS02674,Karim Lotfy,Male, 01198463964,karim.lotfy97@yahoo.com,Cairo,Greater Cairo,Silver,2002-06-02,2021-06-10
CUS00715,Yasmin Hafez,Female,  01063197220  ,yasmin.hafez6@gmail.com,Giza,Greater Cairo,Silver,1980-10-05,2020-05-18
CUS01193,Khaled Ismail,Male,  01148615169  ,khaled.ismail85@outlook.com,Giza,Greater Cairo,Gold,1976-07-12,2022-08-14
CUS01917,Wael Farouk,Male, 01010874185,wael.farouk60@gmail.com,Suez,Canal Zone,Silver,1996-04-25,2020-10-27
CUS00822,Ibrahim Ahmed,Male,"01094674420",ibrahim.ahmed29@gmail.com,Cairo,Greater Cairo,Bronze,1982-04-19,2023-01-24
CUS01270,Hossam Zaki,Male,"01163377272","",Giza,Greater Cairo,Bronze,1981-11-06,2021-03-07
CUS01883,Khaled Rizk,Male, 01115512465,khaled.rizk77@hotmail.com,Mansoura,Nile Delta,Silver,1988-07-23,2022-06-20
CUS02276,Hoda Bakr,Female,  01077614749  ,hoda.bakr68@outlook.com,Mansoura,Nile Delta,Silver,1971-10-13,2023-11-11
CUS01207,Suzy Mostafa,Female,"01137390284",suzy.mostafa1@outlook.com,Tanta,Nile Delta,Bronze,1979-07-23,2022-10-09
CUS01205,Fady Mohamed,Male,"01025830744",fady.mohamed98@gmail.com,Alexandria,Alexandria,Bronze,1989-10-05,2023-11-24
CUS02616,Eman Attia,Female,"01294529590 ","",Cairo,Greater Cairo,Bronze,1997-12-11,2021-12-08
CUS00844,Dina Fathy,Female,"01085889571",dina.fathy51@hotmail.com,Ismailia,Canal Zone,Bronze,2000-07-02,2020-04-07
CUS00100,Neveen Hassan,Female,"01086868988",neveen.hassan96@hotmail.com,Cairo,Greater Cairo,Gold,1979-02-02,2021-07-21
CUS02925,Youssef Ahmed,Male,"01232491709",youssef.ahmed64@hotmail.com,Giza,Greater Cairo,Silver,1989-04-13,2020-12-15
CUS00732,Ghada Zaki,Female,"01178644309",ghada.zaki72@yahoo.com,Aswan,Upper Egypt,Silver,1990-05-28,2023-06-03
CUS00159,Tarek Salem,Male,"01042621391",tarek.salem2@hotmail.com,Cairo,Greater Cairo,Bronze,1975-02-24,2020-05-15
CUS00903,Suzy Gouda,Female,"01053260996 ",suzy.gouda76@hotmail.com,Cairo,Greater Cairo,Gold,1987-04-08,2020-10-15
CUS00143,Hussein Abdallah,Male,"01296522918",hussein.abdallah89@outlook.com,Alexandria,Alexandria,Bronze,2001-04-11,2022-12-05
CUS01994,Osama Mohamed,Male,"01143994823",osama.mohamed12@outlook.com,Cairo,Greater Cairo,Platinum,1999-03-28,2020-10-27
CUS02179,Ali Mansour,Male,  01189341174  ,ali.mansour26@gmail.com,Tanta,Nile Delta,Bronze,1994-01-10,2023-03-10
CUS01813,Adel Salem,Male,  01259075413  ,adel.salem11@yahoo.com,Cairo,Greater Cairo,Bronze,1983-12-06,2021-04-27
CUS00889,Fatima Nasser,Female,"01288310524",fatima.nasser16@yahoo.com,Cairo,Greater Cairo,Gold,1992-03-25,2022-04-14
CUS02058,Suzy Shaaban,Female,"01016750807",suzy.shaaban56@outlook.com,Giza,Greater Cairo,Silver,1999-11-20,2023-10-10
CUS02019,Wael Shaaban,Male,"01088961202",wael.shaaban87@outlook.com,Cairo,Greater Cairo,Bronze,1991-11-07,2023-01-24
CUS02577,Mohamed Ismail,Male, 01269715139,mohamed.ismail73@yahoo.com,Ismailia,Canal Zone,Gold,1996-04-10,2023-10-02
CUS00484,Nader Badawi,Male,"01244539524",nader.badawi39@hotmail.com,Mansoura,Nile Delta,Silver,2001-12-12,2023-02-09
CUS02423,Essam Hassan,Male,  01287436900  ,essam.hassan25@gmail.com,Zagazig,Nile Delta,Silver,1978-08-21,2020-06-21
CUS02222,Osama Amin,Male,"01296957204",osama.amin52@gmail.com,Alexandria,Alexandria,Bronze,1998-05-18,2023-10-08
CUS00092,Omar Mansour,Male,  01060626689  ,omar.mansour33@gmail.com,Tanta,Nile Delta,Gold,1981-12-17,2022-08-23
CUS01733,Mariam Khalil,Female,"01131906615",mariam.khalil44@hotmail.com,Alexandria,Alexandria,Silver,1992-08-01,2022-07-17
CUS02868,Suzy Salem,Female,  01059182457  ,suzy.salem60@gmail.com,Zagazig,Nile Delta,Bronze,1970-08-09,2021-11-05
CUS00975,Maged Attia,Male,"01010147286",maged.attia29@gmail.com,Cairo,Greater Cairo,Silver,1971-12-20,2021-04-14
CUS02044,Heba Nasser,Female,  01086422772  ,heba.nasser79@hotmail.com,Cairo,Greater Cairo,Bronze,1986-04-21,2021-05-26
CUS00054,Sherif Ismail,Male, 01068437492,sherif.ismail41@gmail.com,Suez,Canal Zone,Bronze,1978-01-14,2020-07-18
CUS00772,Amira Ramadan,Female, 01283433630,amira.ramadan3@outlook.com,Aswan,Upper Egypt,Gold,1972-08-24,2020-08-27
CUS02888,Tarek Lotfy,Male,"01112797652",tarek.lotfy2@yahoo.com,Giza,Greater Cairo,Bronze,1986-10-01,2021-06-27
CUS00697,Karim Mostafa,Male,"01236164817",karim.mostafa90@gmail.com,Giza,Greater Cairo,Bronze,1988-12-02,2022-05-07
CUS00986,Dina Wahba,Female,"01050694371",dina.wahba5@outlook.com,Alexandria,Alexandria,Silver,1995-06-12,2023-07-07
CUS00995,Eman Mansour,Female,"01117065104",eman.mansour32@yahoo.com,Giza,Greater Cairo,Silver,1994-02-27,2023-02-10
CUS00372,Ola Wahba,Female,"01117744982",ola.wahba5@hotmail.com,Cairo,Greater Cairo,Silver,2001-11-23,2020-12-22
CUS01040,Sara Mansour,Female,  01016327866  ,sara.mansour45@outlook.com,Giza,Greater Cairo,Bronze,1976-03-03,2020-11-03
CUS00339,Sherif Amin,Male, 01160454028,sherif.amin10@hotmail.com,Alexandria,Alexandria,Bronze,2000-12-25,2020-09-04
CUS02065,Fatima Mahmoud,Female,"01020305086 ",fatima.mahmoud1@yahoo.com,Cairo,Greater Cairo,Bronze,1980-03-26,2021-10-04
CUS00296,Amira Mahmoud,Female,  01166623671  ,amira.mahmoud63@outlook.com,Alexandria,Alexandria,Bronze,1989-08-05,2020-08-19
CUS01531,Essam Salem,Male, 01080373780,essam.salem85@yahoo.com,Giza,Greater Cairo,Silver,1981-05-05,2023-07-14
CUS02085,Reem Hamdy,Female,"01133004548",reem.hamdy44@outlook.com,Alexandria,Alexandria,Gold,2002-08-06,2020-03-23
CUS01387,Ramy Barakat,Male,"01080319709",ramy.barakat37@hotmail.com,Hurghada,Red Sea,Bronze,1973-09-02,2020-01-10
CUS02319,Maged Mansour,Male,"01049824417",maged.mansour38@outlook.com,Giza,Greater Cairo,Silver,1990-05-02,2022-05-08
CUS01653,Khaled Abdallah,Male,  01028751442  ,khaled.abdallah51@hotmail.com,Cairo,Greater Cairo,Bronze,1974-09-18,2020-08-13
CUS02195,Salma Farouk,Female,"01142256463",salma.farouk6@hotmail.com,Cairo,Greater Cairo,Gold,1970-04-20,2021-03-20
CUS02196,Reem Younis,Female,"01193134632",reem.younis43@hotmail.com,Giza,Greater Cairo,Gold,1971-02-03,2023-04-22
CUS01302,Maged Nasser,Male,"01173208859",maged.nasser81@hotmail.com,Port Said,Canal Zone,Gold,1989-05-26,2022-11-03
CUS00059,Hazem Shaaban,Male,  01033318633  ,hazem.shaaban59@gmail.com,Cairo,Greater Cairo,Bronze,1978-09-19,2022-12-07
CUS00593,Mahmoud Hamdy,Male,"01297191836 ",mahmoud.hamdy98@gmail.com,Cairo,Greater Cairo,Silver,1995-12-17,2021-06-14
CUS02718,Suzy Ramadan,Female,"01112657546",suzy.ramadan7@gmail.com,Ismailia,Canal Zone,Silver,1970-12-11,2021-01-14
CUS02139,Karim Sayed,Male,  01156029957  ,karim.sayed58@gmail.com,Cairo,Greater Cairo,Gold,1982-03-23,2022-01-27
CUS01202,Ayman Ali,Male,"01243283131 ",ayman.ali4@outlook.com,Cairo,Greater Cairo,Silver,1991-01-08,2023-11-15
CUS01500,Ashraf Shaaban,Male,  01292424462  ,ashraf.shaaban77@hotmail.com,Luxor,Upper Egypt,Silver,1994-09-05,2020-09-21
CUS01404,Walid Gouda,Male,"01077827904",walid.gouda31@yahoo.com,Zagazig,Nile Delta,Gold,1975-05-13,2020-04-03
CUS02974,Salma Sayed,Female, 01065474248,"",Zagazig,Nile Delta,Silver,2000-10-05,2022-08-14
CUS00800,Reem Ali,Female,"01232419424",reem.ali28@outlook.com,Port Said,Canal Zone,Silver,2000-12-09,2022-02-03
CUS02683,Samir Amin,Male,"01227649760",samir.amin58@yahoo.com,Cairo,Greater Cairo,Bronze,1971-03-08,2021-05-22
CUS01915,Magdy Younis,Male, 01080868705,magdy.younis53@hotmail.com,Giza,Greater Cairo,Silver,1982-03-28,2022-12-04
CUS02377,Walid Amin,Male,"01185208890","",Giza,Greater Cairo,Bronze,1979-11-24,2023-04-16
CUS00967,Hazem Younis,Male,"01194135858",hazem.younis79@yahoo.com,Tanta,Nile Delta,Silver,1974-02-18,2022-06-25
CUS01906,Noha Wahba,Female,  01237489392  ,noha.wahba36@yahoo.com,Cairo,Greater Cairo,Bronze,2000-07-14,2021-04-18
CUS02865,Mohamed Ismail,Male,"01260507167",mohamed.ismail12@gmail.com,Giza,Greater Cairo,Bronze,1993-08-05,2023-12-16
CUS02740,Fady Ismail,Male,"01294864485",fady.ismail58@yahoo.com,Cairo,Greater Cairo,Bronze,1990-08-26,2021-07-03
CUS02624,Heba Younis,Female,"01251723183 ",heba.younis24@hotmail.com,Suez,Canal Zone,Bronze,2000-04-12,2021-06-15
CUS01431,Amira Mahmoud,Female,"01098156936 ",amira.mahmoud46@yahoo.com,Giza,Greater Cairo,Silver,1976-02-05,2023-05-05
CUS01866,Lobna Ibrahim,Female,"01094327027","",Port Said,Canal Zone,Bronze,1973-02-01,2022-02-13
CUS02916,Ali Mansour,Male,  01081934590  ,ali.mansour18@hotmail.com,Mansoura,Nile Delta,Silver,1976-03-19,2020-02-05
CUS01373,Samir Salem,Male,"01013881308",samir.salem32@yahoo.com,Luxor,Upper Egypt,Bronze,1989-04-01,2021-12-23
CUS00139,Ghada Mahmoud,Female,"01119581091",ghada.mahmoud49@gmail.com,Giza,Greater Cairo,Bronze,1979-01-09,2020-12-08
CUS02360,Wael Nasser,Male,"01061180656 ",wael.nasser85@outlook.com,Cairo,Greater Cairo,Bronze,1972-08-25,2021-04-03
CUS01630,Maged Ibrahim,Male,"01019888274","",Giza,Greater Cairo,Bronze,1989-06-02,2021-07-22
CUS00468,Omar Nasser,Male,  01126415312  ,omar.nasser73@hotmail.com,Luxor,Upper Egypt,Bronze,1993-06-05,2021-09-03
CUS00229,Sherif Mahmoud,Male,"01258853980",sherif.mahmoud47@hotmail.com,Suez,Canal Zone,Silver,1991-12-02,2021-11-18
CUS02365,Mahmoud Gamal,Male,  01291247233  ,mahmoud.gamal2@gmail.com,Alexandria,Alexandria,Gold,2000-09-27,2023-09-28
CUS02073,Rana Lotfy,Female,"01021199291 ",rana.lotfy60@outlook.com,Cairo,Greater Cairo,Bronze,2001-11-01,2021-10-01
CUS00126,Osama Mansour,Male, 01192286747,osama.mansour97@hotmail.com,Giza,Greater Cairo,Bronze,1986-04-09,2022-07-09
CUS00107,Heba Barakat,Female,"01283061428",heba.barakat10@hotmail.com,Giza,Greater Cairo,Bronze,1987-12-09,2023-04-17
CUS02651,Youssef Wahba,Male,"01250379612","",Cairo,Greater Cairo,Bronze,1987-06-26,2020-10-28
CUS01936,Dalia Khalil,Female,"01214649226",dalia.khalil58@hotmail.com,Hurghada,Red Sea,Bronze,1973-10-09,2023-03-20
CUS01876,Rana Amin,Female,"01110431784",rana.amin46@hotmail.com,Alexandria,Alexandria,Bronze,1992-07-12,2020-03-22
CUS00138,Aisha Mansour,Female,"01068843284",aisha.mansour44@outlook.com,Tanta,Nile Delta,Bronze,1976-05-09,2022-08-12
CUS00447,Fatima Salem,Female,"01086522053 ",fatima.salem12@hotmail.com,Ismailia,Canal Zone,Silver,1976-05-13,2023-08-21
CUS00449,Essam Salem,Male,"01090675244",essam.salem61@yahoo.com,Giza,Greater Cairo,Bronze,1983-06-19,2020-04-28
CUS00689,Zeinab Attia,Female,"01172226540",zeinab.attia50@outlook.com,Hurghada,Red Sea,Bronze,1999-06-26,2020-03-26
CUS00063,Maged Zaki,Male,  01223732098  ,maged.zaki72@hotmail.com,Aswan,Upper Egypt,Bronze,2003-10-13,2022-11-04
CUS02943,Ayman Zaki,Male,  01176136537  ,ayman.zaki33@hotmail.com,Giza,Greater Cairo,Gold,1974-11-02,2022-12-10
CUS02729,Hazem Shaaban,Male,"01035766487",hazem.shaaban78@gmail.com,Cairo,Greater Cairo,Silver,1986-10-19,2020-03-08
CUS00373,Maged Salem,Male,"01298933292",maged.salem50@outlook.com,Cairo,Greater Cairo,Gold,1986-04-20,2020-09-07
CUS01681,Reham Shaaban,Female,"01244655375",reham.shaaban7@gmail.com,Giza,Greater Cairo,Bronze,2002-11-04,2020-08-08
CUS01198,Hoda Saad,Female, 01247383278,hoda.saad5@yahoo.com,Ismailia,Canal Zone,Bronze,1981-02-13,2023-09-03
CUS02446,Ahmed Badawi,Male,"01143966025",ahmed.badawi53@outlook.com,Giza,Greater Cairo,Silver,2003-05-23,2021-02-20
CUS01493,Mahmoud Wahba,Male,"01160242229",mahmoud.wahba65@hotmail.com,Cairo,Greater Cairo,Gold,2001-08-09,2021-10-12
CUS00144,Magdy Younis,Male, 01082963514,magdy.younis71@yahoo.com,Giza,Greater Cairo,Bronze,2001-04-19,2020-09-05
CUS02990,Ghada Ahmed,Female,  01045101571  ,ghada.ahmed53@hotmail.com,Luxor,Upper Egypt,Bronze,1984-01-11,2020-04-07
CUS02589,Manar Nasser,Female,"01029114425",manar.nasser67@outlook.com,Cairo,Greater Cairo,Bronze,1977-04-01,2022-01-20
CUS01297,Heba Salem,Female,  01116606138  ,heba.salem97@outlook.com,Cairo,Greater Cairo,Silver,1984-11-26,2020-12-02
CUS01822,Dina Zaki,Female, 01212157711,dina.zaki57@outlook.com,Cairo,Greater Cairo,Bronze,1979-11-20,2021-06-28
CUS01893,Amira Mahmoud,Female,  01033248060  ,amira.mahmoud25@yahoo.com,Hurghada,Red Sea,Bronze,1975-02-12,2021-10-14
CUS00754,Maged Lotfy,Male,"01157617011",maged.lotfy62@gmail.com,Giza,Greater Cairo,Bronze,1997-02-20,2022-06-07
CUS02208,Fady Ismail,Male,"01224336913",fady.ismail21@hotmail.com,Luxor,Upper Egypt,Bronze,1995-01-25,2023-01-02
CUS02306,Hussein Amin,Male, 01070572729,hussein.amin93@outlook.com,Giza,Greater Cairo,Gold,1979-07-16,2023-05-14
CUS01774,Essam Gamal,Male,  01284463328  ,essam.gamal42@outlook.com,Port Said,Canal Zone,Platinum,1995-11-16,2022-11-15
CUS01680,Hoda Abdallah,Female,"01162874708",hoda.abdallah67@outlook.com,Tanta,Nile Delta,Bronze,1999-02-21,2022-03-17
CUS00560,Noha Abdallah,Female,"01017522634 ",noha.abdallah36@yahoo.com,Mansoura,Nile Delta,Silver,1975-07-27,2020-06-27
CUS00634,Hussein Gouda,Male,"01126759028",hussein.gouda97@hotmail.com,Alexandria,Alexandria,Gold,1984-11-15,2022-01-13
CUS00741,Amr Farouk,Male,"01051405395 ",amr.farouk30@gmail.com,Alexandria,Alexandria,Bronze,1987-02-01,2020-07-23
CUS00120,Amira Attia,Female,"01133492771 ",amira.attia15@hotmail.com,Alexandria,Alexandria,Platinum,1995-10-01,2022-12-15
CUS00657,Heba Barakat,Female,"01180778039",heba.barakat83@yahoo.com,Giza,Greater Cairo,Bronze,1975-11-21,2022-06-05
CUS01716,Zeinab Mostafa,Female,"01098460162",zeinab.mostafa69@gmail.com,Sharm El Sheikh,South Sinai,Silver,2002-11-07,2020-03-05
CUS01824,Samir Lotfy,Male,"01028085930",samir.lotfy58@outlook.com,Hurghada,Red Sea,Bronze,2003-06-19,2020-02-25
CUS00972,Ahmed Ali,Male,"01216227011 ",ahmed.ali53@hotmail.com,Port Said,Canal Zone,Gold,1972-11-14,2021-01-05
CUS01244,Ashraf Mansour,Male,"01260456057",ashraf.mansour50@gmail.com,Aswan,Upper Egypt,Bronze,1985-06-23,2022-01-05
CUS00798,Omar Sayed,Male,"01037509178","",Alexandria,Alexandria,Bronze,1978-04-14,2023-12-05
CUS02486,Hoda Badawi,Female,"01089782008",hoda.badawi80@outlook.com,Ismailia,Canal Zone,Bronze,1997-11-07,2020-09-15
CUS00955,Neveen Farouk,Female,  01228275660  ,neveen.farouk41@gmail.com,Giza,Greater Cairo,Gold,1998-01-27,2020-08-09
CUS01301,Shaimaa Khalil,Female,"01122142709 ",shaimaa.khalil81@hotmail.com,Cairo,Greater Cairo,Silver,1984-04-06,2021-10-14
CUS00104,Hussein Mansour,Male,  01082292089  ,hussein.mansour3@gmail.com,Alexandria,Alexandria,Gold,1975-05-28,2023-10-07
CUS01649,Heba Shaaban,Female, 01058602368,"",Hurghada,Red Sea,Bronze,1995-12-19,2020-10-06
CUS02878,Ashraf Salem,Male,  01295794390  ,ashraf.salem15@yahoo.com,Cairo,Greater Cairo,Bronze,1999-06-01,2021-09-01
CUS01370,Ashraf Ramadan,Male,"01098427126",ashraf.ramadan74@yahoo.com,Cairo,Greater Cairo,Bronze,1991-01-12,2020-12-21
CUS01999,Khaled Gouda,Male,"01146322502","",Cairo,Greater Cairo,Bronze,1994-02-15,2023-06-22
CUS00710,Wael Attia,Male,"01285595538","",Tanta,Nile Delta,Bronze,1987-05-01,2023-01-02
CUS01021,Radwa Zaki,Female, 01192420626,radwa.zaki98@hotmail.com,Tanta,Nile Delta,Bronze,1985-02-28,2023-06-10
CUS01039,Fady Ali,Male,"01247815498",fady.ali32@outlook.com,Cairo,Greater Cairo,Bronze,1991-07-13,2021-11-07
CUS02930,Ahmed Lotfy,Male,"01280371740","",Giza,Greater Cairo,Silver,1984-03-23,2020-04-02
CUS01276,Osama Zaki,Male,"01289017790",osama.zaki26@yahoo.com,Cairo,Greater Cairo,Bronze,1986-02-25,2023-09-14
CUS00162,Hussein Bakr,Male,  01035020518  ,hussein.bakr6@yahoo.com,Mansoura,Nile Delta,Bronze,2001-10-18,2022-06-16
CUS01022,Adel Hafez,Male,"01051257395",adel.hafez16@outlook.com,Giza,Greater Cairo,Gold,1986-05-24,2021-10-08
CUS02215,Youssef Wahba,Male,  01299325851  ,youssef.wahba67@gmail.com,Zagazig,Nile Delta,Bronze,1997-02-15,2022-08-08
CUS02748,Fatima Ibrahim,Female,  01291427314  ,fatima.ibrahim70@hotmail.com,Cairo,Greater Cairo,Bronze,1999-07-25,2021-09-15
CUS02920,Adel Badawi,Male,"01155007832",adel.badawi89@gmail.com,Giza,Greater Cairo,Bronze,1970-05-26,2022-10-26
CUS00344,Hoda Fathy,Female,"01195645083",hoda.fathy26@outlook.com,Giza,Greater Cairo,Bronze,2000-05-19,2021-07-07
CUS02664,Hussein Lotfy,Male,"01149528740",hussein.lotfy80@gmail.com,Tanta,Nile Delta,Bronze,1998-12-26,2022-10-05
CUS00360,Heba Lotfy,Female,  01210626224  ,heba.lotfy31@yahoo.com,Alexandria,Alexandria,Bronze,1989-08-02,2020-01-14
CUS00145,Neveen Attia,Female,"01134901990",neveen.attia42@gmail.com,Giza,Greater Cairo,Silver,1970-11-17,2023-04-17
CUS00185,Mariam Nasser,Female,  01280107942  ,mariam.nasser12@hotmail.com,Cairo,Greater Cairo,Silver,1972-08-13,2023-01-04
CUS01085,Ghada Ahmed,Female,"01016472544",ghada.ahmed69@yahoo.com,Port Said,Canal Zone,Silver,1971-12-02,2022-03-04
CUS00843,Mohamed Fathy,Male,  01162443962  ,mohamed.fathy52@outlook.com,Cairo,Greater Cairo,Bronze,1998-08-20,2021-10-05
CUS02770,Karim Saad,Male,"01010400313",karim.saad43@yahoo.com,Tanta,Nile Delta,Bronze,2001-04-05,2020-06-08
CUS02041,Dina Mohamed,Female,"01099828519",dina.mohamed17@outlook.com,Luxor,Upper Egypt,Bronze,1970-08-16,2023-11-21
CUS01802,Lobna Hamdy,Female,"01175879752",lobna.hamdy39@hotmail.com,Zagazig,Nile Delta,Platinum,1976-01-10,2023-04-23
CUS00941,Amira Hamdy,Female,"01041572277",amira.hamdy11@gmail.com,Cairo,Greater Cairo,Silver,1994-02-10,2023-05-14
CUS01492,Nour Badawi,Female,"01147572968",nour.badawi53@yahoo.com,Giza,Greater Cairo,Bronze,1984-02-15,2023-04-13
CUS00820,Reham Barakat,Female,"01228019246",reham.barakat5@hotmail.com,Giza,Greater Cairo,Bronze,1981-05-11,2020-05-08
CUS00671,Mariam Gamal,Female,"01171818207",mariam.gamal42@outlook.com,Cairo,Greater Cairo,Bronze,1983-07-14,2021-12-17
CUS02947,Sherif Abdallah,Male, 01142842570,sherif.abdallah17@outlook.com,Alexandria,Alexandria,Bronze,1985-05-26,2022-08-22
CUS01879,Akram Gamal,Male,"01137457394",akram.gamal92@hotmail.com,Giza,Greater Cairo,Gold,1998-08-20,2022-04-17
CUS00434,Essam Abdallah,Male, 01128703143,essam.abdallah54@yahoo.com,Cairo,Greater Cairo,Silver,1977-01-12,2021-04-02
CUS00568,Hussein Mansour,Male,  01183387315  ,hussein.mansour74@outlook.com,Giza,Greater Cairo,Bronze,1992-05-06,2023-08-27
CUS02311,Ahmed Khalil,Male,"01217827726",ahmed.khalil89@hotmail.com,Alexandria,Alexandria,Bronze,1985-07-05,2021-02-04
CUS00882,Mona Ismail,Female,"01062056495",mona.ismail15@outlook.com,Tanta,Nile Delta,Gold,1971-05-10,2020-06-27
CUS00611,Doha Hamdy,Female,"01053119744",doha.hamdy91@hotmail.com,Cairo,Greater Cairo,Gold,1998-12-07,2022-10-24
CUS00536,Akram Nasser,Male,"01184858214",akram.nasser79@outlook.com,Port Said,Canal Zone,Bronze,1970-07-03,2021-11-12
CUS00806,Hassan Mostafa,Male,"01281610914",hassan.mostafa75@yahoo.com,Zagazig,Nile Delta,Silver,1978-01-08,2020-09-06
CUS01338,Ibrahim Ismail,Male,"01150582530",ibrahim.ismail26@gmail.com,Tanta,Nile Delta,Bronze,1986-09-24,2023-01-23
CUS00901,Eman Hassan,Female, 01218828684,eman.hassan5@hotmail.com,Cairo,Greater Cairo,Silver,1990-04-22,2023-07-26
CUS01394,Ayman Ramadan,Male,"01010577198",ayman.ramadan44@yahoo.com,Alexandria,Alexandria,Bronze,2001-10-28,2021-08-06
CUS01573,Neveen Zaki,Female,  01024117849  ,neveen.zaki40@outlook.com,Zagazig,Nile Delta,Silver,2000-07-27,2022-05-22
CUS02280,Dina Gamal,Female,"01071580813 ",dina.gamal93@outlook.com,Cairo,Greater Cairo,Silver,1997-08-04,2021-05-26
CUS02175,Mohamed Younis,Male,"01131165784",mohamed.younis31@yahoo.com,Cairo,Greater Cairo,Bronze,1994-01-04,2023-05-20
CUS02886,Fatima Badawi,Female,  01263945179  ,"",Port Said,Canal Zone,Gold,1994-11-01,2022-02-06
CUS00411,Mariam Bakr,Female,  01262190363  ,mariam.bakr45@gmail.com,Giza,Greater Cairo,Gold,1995-09-24,2021-01-22
CUS00898,Mohamed Nasser,Male,"01136704602",mohamed.nasser21@outlook.com,Suez,Canal Zone,Bronze,1977-09-01,2022-07-13
CUS02010,Ahmed Hafez,Male,"01049819178",ahmed.hafez53@hotmail.com,Alexandria,Alexandria,Bronze,1976-05-11,2023-03-15
CUS00980,Emad Nasser,Male,  01224724522  ,emad.nasser91@yahoo.com,Alexandria,Alexandria,Silver,1978-12-28,2020-11-05
CUS00421,Reham Attia,Female, 01244740194,reham.attia22@yahoo.com,Hurghada,Red Sea,Bronze,2002-12-24,2020-09-08
CUS00583,Khaled Saad,Male,  01252702631  ,khaled.saad79@hotmail.com,Alexandria,Alexandria,Silver,1987-08-20,2023-10-14
CUS02103,Khaled Barakat,Male,"01193077045",khaled.barakat54@yahoo.com,Cairo,Greater Cairo,Bronze,1992-09-21,2022-05-22
CUS01703,Karim Fathy,Male, 01114466147,karim.fathy26@gmail.com,Giza,Greater Cairo,Platinum,1974-11-17,2023-07-10
CUS00408,Amr Shaaban,Male,  01176041312  ,amr.shaaban63@gmail.com,Cairo,Greater Cairo,Bronze,1992-01-04,2021-11-09
CUS01222,Akram Lotfy,Male,  01293199234  ,akram.lotfy73@outlook.com,Cairo,Greater Cairo,Bronze,1981-03-14,2021-04-12
CUS01986,Khaled Mohamed,Male,"01043265405",khaled.mohamed47@yahoo.com,Cairo,Greater Cairo,Bronze,1994-01-16,2021-02-22
CUS00232,Sara Ismail,Female, 01133999716,sara.ismail90@yahoo.com,Alexandria,Alexandria,Bronze,1999-02-03,2023-03-28
CUS01911,Noha Farouk,Female, 01157755049,noha.farouk42@hotmail.com,Giza,Greater Cairo,Bronze,1982-07-03,2022-03-14
CUS01449,Hassan Gouda,Male,"01211695218",hassan.gouda55@outlook.com,Port Said,Canal Zone,Bronze,1985-12-13,2021-01-02
CUS00465,Ola Younis,Female,"01168527249",ola.younis88@hotmail.com,Ismailia,Canal Zone,Silver,1999-12-26,2023-02-19
CUS00221,Ibrahim Salem,Male,"01099945021",ibrahim.salem33@hotmail.com,Mansoura,Nile Delta,Silver,2000-08-06,2023-01-04
CUS01863,Akram Ali,Male, 01071551989,"",Cairo,Greater Cairo,Bronze,1987-01-16,2020-12-13
CUS01054,Ibrahim Younis,Male,  01225021199  ,ibrahim.younis53@hotmail.com,Hurghada,Red Sea,Silver,2001-09-19,2020-11-06
CUS01768,Aisha Amin,Female, 01185426728,aisha.amin5@gmail.com,Alexandria,Alexandria,Bronze,1987-09-21,2023-03-26
CUS00436,Ashraf Salem,Male,"01080793145",ashraf.salem83@gmail.com,Tanta,Nile Delta,Bronze,1981-08-24,2022-02-05
CUS02090,Tarek Mostafa,Male,  01129770026  ,tarek.mostafa34@hotmail.com,Giza,Greater Cairo,Bronze,1989-04-09,2022-08-21
CUS00158,Ashraf Ramadan,Male,"01156241350",ashraf.ramadan79@outlook.com,Hurghada,Red Sea,Gold,1993-06-07,2021-08-02
CUS00316,Magdy Salem,Male,"01299187990",magdy.salem6@outlook.com,Tanta,Nile Delta,Gold,1990-02-26,2022-11-03
CUS02380,Nader Nasser,Male,"01276601167",nader.nasser97@outlook.com,Hurghada,Red Sea,Bronze,1977-08-14,2022-10-04
CUS02354,Shaimaa Nasser,Female,"01080704774",shaimaa.nasser62@yahoo.com,Luxor,Upper Egypt,Bronze,1976-04-16,2020-04-04
CUS00196,Fady Lotfy,Male,"01238348941",fady.lotfy47@outlook.com,Giza,Greater Cairo,Silver,1995-07-14,2021-05-28
CUS02047,Amira Shaaban,Female, 01148936750,amira.shaaban54@gmail.com,Cairo,Greater Cairo,Silver,1986-04-13,2022-03-06
CUS00784,Nader Bakr,Male,"01088145345",nader.bakr71@gmail.com,Giza,Greater Cairo,Bronze,1977-03-19,2022-09-22
CUS00743,Sherif Hamdy,Male,  01260689240  ,sherif.hamdy36@yahoo.com,Zagazig,Nile Delta,Silver,1979-12-03,2022-04-13
CUS00928,Ashraf Rizk,Male,  01120219296  ,ashraf.rizk33@yahoo.com,Alexandria,Alexandria,Bronze,1980-11-26,2023-06-08
CUS02228,Ramy Fathy,Male, 01013046687,"",Alexandria,Alexandria,Silver,2002-11-04,2021-09-19
CUS02551,Maged Gouda,Male, 01126245985,maged.gouda54@hotmail.com,Giza,Greater Cairo,Silver,1984-12-12,2023-04-03
CUS00280,Samir Ismail,Male, 01013861862,samir.ismail48@outlook.com,Hurghada,Red Sea,Bronze,1996-03-14,2020-01-16
CUS00441,Fatima Gamal,Female,"01052207776",fatima.gamal13@hotmail.com,Cairo,Greater Cairo,Bronze,1988-07-17,2023-12-17
CUS00077,Doha Ramadan,Female,"01011298197",doha.ramadan57@hotmail.com,Hurghada,Red Sea,Bronze,1977-02-28,2020-06-27
CUS01557,Adel Sayed,Male,"01161271419",adel.sayed67@yahoo.com,Mansoura,Nile Delta,Bronze,1987-08-03,2021-04-11
CUS00085,Walid Nasser,Male,"01124464073",walid.nasser16@outlook.com,Giza,Greater Cairo,Platinum,1999-04-23,2023-11-19
CUS01310,Ola Lotfy,Female,  01095813283  ,ola.lotfy12@hotmail.com,Aswan,Upper Egypt,Gold,1991-06-19,2020-01-07
CUS02099,Samah Badawi,Female,"01018275089",samah.badawi33@outlook.com,Hurghada,Red Sea,Bronze,2002-05-06,2020-11-16
CUS01015,Dalia Hafez,Female,"01197073528",dalia.hafez81@hotmail.com,Tanta,Nile Delta,Bronze,2003-09-20,2021-02-20
CUS01952,Manar Mansour,Female, 01094521185,manar.mansour32@hotmail.com,Cairo,Greater Cairo,Bronze,1995-08-27,2021-04-18
CUS02989,Hana Abdallah,Female,"01162678062",hana.abdallah74@hotmail.com,Tanta,Nile Delta,Bronze,2001-11-17,2021-01-01
CUS00119,Rana Mahmoud,Female,"01263035211 ",rana.mahmoud12@hotmail.com,Suez,Canal Zone,Bronze,1987-07-12,2022-06-27
CUS01240,Hoda Ali,Female,"01225768498",hoda.ali89@hotmail.com,Cairo,Greater Cairo,Bronze,1980-01-22,2021-02-03
CUS01923,Fady Ramadan,Male,  01070420361  ,"",Mansoura,Nile Delta,Bronze,1979-11-24,2021-11-22
CUS02937,Tamer Hamdy,Male,"01128135309",tamer.hamdy50@gmail.com,Hurghada,Red Sea,Bronze,1977-10-13,2023-08-05
CUS01845,Sherif Wahba,Male,"01184570966",sherif.wahba28@yahoo.com,Port Said,Canal Zone,Silver,1996-09-06,2021-01-10
CUS01005,Ibrahim Wahba,Male,  01023243302  ,ibrahim.wahba71@yahoo.com,Hurghada,Red Sea,Platinum,1980-04-13,2021-12-03
CUS01865,Ayman Saad,Male, 01043237682,ayman.saad74@outlook.com,Ismailia,Canal Zone,Silver,1995-07-24,2022-02-11
CUS01499,Engy Saad,Female,"01151126010",engy.saad83@outlook.com,Giza,Greater Cairo,Bronze,1995-07-03,2023-11-01
CUS00549,Ahmed Khalil,Male,"01036490232 ",ahmed.khalil22@outlook.com,Alexandria,Alexandria,Silver,2003-12-04,2021-12-28
CUS02358,Khaled Nasser,Male,  01099541491  ,khaled.nasser73@yahoo.com,Cairo,Greater Cairo,Gold,1986-09-24,2022-01-26
CUS00909,Hoda Ahmed,Female,"01140781126",hoda.ahmed55@gmail.com,Cairo,Greater Cairo,Bronze,1987-01-19,2022-07-02
CUS02977,Khaled Fathy,Male,"01155994637",khaled.fathy12@yahoo.com,Aswan,Upper Egypt,Gold,1997-03-26,2022-07-25
CUS01645,Amira Gamal,Female, 01198752010,amira.gamal50@outlook.com,Cairo,Greater Cairo,Bronze,2003-07-28,2020-05-23
CUS02015,Tamer Rizk,Male,"01046293441 ",tamer.rizk50@hotmail.com,Alexandria,Alexandria,Bronze,1985-08-18,2020-09-27
CUS01190,Hassan Farouk,Male,"01066354268",hassan.farouk5@hotmail.com,Tanta,Nile Delta,Bronze,1994-01-23,2023-05-13
CUS01432,Samah Mansour,Female,"01080272722 ",samah.mansour45@hotmail.com,Alexandria,Alexandria,Bronze,1992-02-23,2022-06-03
CUS02796,Nader Ibrahim,Male,"01183169150",nader.ibrahim64@gmail.com,Alexandria,Alexandria,Gold,1977-02-12,2022-11-12
CUS00084,Salma Hassan,Female,"01249189370",salma.hassan64@yahoo.com,Cairo,Greater Cairo,Silver,1991-06-27,2023-02-09
CUS02274,Ibrahim Badawi,Male, 01258898265,ibrahim.badawi36@hotmail.com,Mansoura,Nile Delta,Bronze,1984-07-11,2021-05-14
CUS00974,Youssef Ramadan,Male,"01040996935",youssef.ramadan2@yahoo.com,Cairo,Greater Cairo,Silver,1989-03-13,2023-06-12
CUS02314,Nader Sayed,Male, 01042844981,"",Tanta,Nile Delta,Bronze,1979-07-21,2022-01-03
CUS00079,Engy Mansour,Female,"01027536261",engy.mansour9@hotmail.com,Giza,Greater Cairo,Gold,1994-06-20,2022-01-23
CUS01555,Ghada Zaki,Female,"01194446701",ghada.zaki48@hotmail.com,Cairo,Greater Cairo,Bronze,1995-06-15,2022-05-03
CUS00572,Walid Nasser,Male,"01142580280",walid.nasser18@outlook.com,Hurghada,Red Sea,Silver,2000-11-13,2022-05-27
CUS01436,Hany Mahmoud,Male,"01093009162",hany.mahmoud8@hotmail.com,Cairo,Greater Cairo,Bronze,1997-04-01,2022-01-23
CUS00586,Mohamed Younis,Male,"01227676124 ",mohamed.younis28@gmail.com,Cairo,Greater Cairo,Bronze,2001-04-13,2022-03-28
CUS01055,Mohamed Ahmed,Male,"01112810085","",Sharm El Sheikh,South Sinai,Bronze,1984-07-14,2022-04-24
CUS00353,Omar Lotfy,Male,"01051574904 ",omar.lotfy40@yahoo.com,Mansoura,Nile Delta,Bronze,1983-03-28,2023-05-07
CUS01419,Amr Barakat,Male,"01156919936",amr.barakat19@yahoo.com,Giza,Greater Cairo,Silver,1998-09-27,2020-02-04
CUS00738,Ali Ali,Male, 01281836366,ali.ali27@gmail.com,Aswan,Upper Egypt,Bronze,1974-05-04,2020-01-04
CUS00635,Maged Ramadan,Male, 01149071710,maged.ramadan77@hotmail.com,Cairo,Greater Cairo,Gold,1980-12-23,2021-11-16
CUS00259,Nader Mohamed,Male, 01170413482,"",Alexandria,Alexandria,Bronze,1972-07-04,2022-12-06
CUS02850,Radwa Hamdy,Female, 01254672766,radwa.hamdy7@outlook.com,Giza,Greater Cairo,Silver,1983-11-11,2022-09-25
CUS02087,Walid Gamal,Male,"01220393927",walid.gamal20@outlook.com,Cairo,Greater Cairo,Bronze,1978-12-08,2021-06-28
CUS00293,Ibrahim Attia,Male,  01116074522  ,ibrahim.attia59@outlook.com,Aswan,Upper Egypt,Gold,1981-03-27,2022-06-28
CUS01660,Suzy Attia,Female,"01236248338",suzy.attia98@hotmail.com,Giza,Greater Cairo,Gold,1984-12-15,2020-10-21
CUS01771,Lobna Bakr,Female,"01225776356",lobna.bakr55@hotmail.com,Giza,Greater Cairo,Silver,1981-04-11,2023-12-03
CUS02928,Neveen Lotfy,Female,"01275209469 ",neveen.lotfy73@yahoo.com,Ismailia,Canal Zone,Silver,1982-06-03,2023-02-08
CUS00311,Neveen Attia,Female,  01165304811  ,neveen.attia58@gmail.com,Giza,Greater Cairo,Bronze,1976-03-23,2022-11-17
CUS01132,Mahmoud Zaki,Male,"01139361875","",Alexandria,Alexandria,Bronze,1981-03-15,2020-06-08
CUS02955,Ibrahim Younis,Male,"01077948922",ibrahim.younis18@hotmail.com,Port Said,Canal Zone,Silver,1982-09-24,2022-01-12
CUS00402,Yasmin Abdallah,Female,  01245885781  ,yasmin.abdallah32@outlook.com,Suez,Canal Zone,Platinum,1979-07-19,2023-03-15
CUS02251,Amr Wahba,Male,"01287365941",amr.wahba91@outlook.com,Cairo,Greater Cairo,Bronze,1971-07-03,2023-11-09
CUS00711,Zeinab Mansour,Female,"01218457091",zeinab.mansour26@hotmail.com,Hurghada,Red Sea,Platinum,1970-10-02,2020-11-09
CUS02896,Hany Farouk,Male,"01041224713 ","",Luxor,Upper Egypt,Platinum,1985-06-17,2022-03-20
CUS00661,Wael Hafez,Male,"01059899973",wael.hafez80@hotmail.com,Giza,Greater Cairo,Silver,1981-07-27,2023-11-19
CUS01522,Osama Barakat,Male,"01232614135",osama.barakat97@gmail.com,Port Said,Canal Zone,Silver,1990-12-08,2022-08-26
CUS02045,Omar Abdallah,Male,  01090599649  ,omar.abdallah90@hotmail.com,Luxor,Upper Egypt,Gold,1972-04-15,2022-08-22
CUS02378,Hoda Ragab,Female,"01070769004",hoda.ragab15@gmail.com,Hurghada,Red Sea,Bronze,1986-10-16,2023-02-14
CUS00744,Mohamed Amin,Male,"01062193231",mohamed.amin58@outlook.com,Alexandria,Alexandria,Bronze,1974-08-23,2020-07-09
CUS00807,Khaled Amin,Male,"01282970220",khaled.amin69@gmail.com,Port Said,Canal Zone,Silver,1973-09-28,2022-05-11
CUS02816,Hoda Ahmed,Female,  01261120267  ,hoda.ahmed40@outlook.com,Hurghada,Red Sea,Bronze,1978-02-10,2023-02-02
CUS01729,Dina Khalil,Female,"01037915295",dina.khalil17@outlook.com,Aswan,Upper Egypt,Bronze,1983-12-06,2023-09-13
CUS02406,Reham Ragab,Female,"01155299771",reham.ragab64@gmail.com,Mansoura,Nile Delta,Silver,1977-12-25,2020-05-18
CUS02698,Salma Abdallah,Female, 01139615919,salma.abdallah99@yahoo.com,Giza,Greater Cairo,Bronze,1996-11-03,2023-02-12
CUS00632,Shaimaa Nasser,Female,  01128831186  ,shaimaa.nasser32@outlook.com,Suez,Canal Zone,Bronze,1974-01-25,2021-11-14
CUS01250,Ramy Barakat,Male,"01154314842 ",ramy.barakat88@hotmail.com,Mansoura,Nile Delta,Silver,1983-05-27,2021-02-16
CUS02504,Akram Lotfy,Male,"01180003571 ",akram.lotfy58@gmail.com,Port Said,Canal Zone,Silver,1981-06-24,2023-03-21
CUS00746,Youssef Mahmoud,Male,"01244245026",youssef.mahmoud24@yahoo.com,Suez,Canal Zone,Silver,1973-05-03,2023-05-06
CUS01309,Maged Zaki,Male,"01128805580",maged.zaki32@outlook.com,Giza,Greater Cairo,Bronze,1995-06-14,2021-07-07
CUS00443,Reham Barakat,Female, 01055502589,"",Giza,Greater Cairo,Platinum,2003-06-15,2023-04-07
CUS02361,Sara Ramadan,Female,"01155225924",sara.ramadan15@yahoo.com,Cairo,Greater Cairo,Bronze,1975-02-19,2022-11-02
CUS01482,Emad Younis,Male,"01268201944 ",emad.younis3@outlook.com,Cairo,Greater Cairo,Gold,1995-11-13,2020-08-23
CUS00723,Magdy Younis,Male,"01254481849 ","",Cairo,Greater Cairo,Bronze,1980-01-10,2023-08-08
CUS00952,Ghada Ragab,Female,"01038356463",ghada.ragab65@yahoo.com,Mansoura,Nile Delta,Bronze,1987-01-15,2022-12-26
CUS02671,Mariam Wahba,Female,  01117343069  ,mariam.wahba5@yahoo.com,Mansoura,Nile Delta,Bronze,1996-04-05,2020-01-13
CUS00939,Hana Mansour,Female,"01287587787","",Cairo,Greater Cairo,Bronze,2003-09-02,2020-01-06
CUS00386,Salma Sayed,Female,  01152402900  ,salma.sayed59@yahoo.com,Hurghada,Red Sea,Silver,1995-01-18,2022-03-24
CUS02207,Reem Gouda,Female,  01253300586  ,reem.gouda92@gmail.com,Giza,Greater Cairo,Bronze,1974-01-27,2023-12-26
CUS01944,Samir Sayed,Male,"01061401330",samir.sayed11@hotmail.com,Tanta,Nile Delta,Bronze,2001-06-13,2022-02-07
CUS00902,Salma Ibrahim,Female,"01126143430",salma.ibrahim53@outlook.com,Cairo,Greater Cairo,Bronze,1982-08-19,2020-03-07
CUS02832,Ibrahim Mahmoud,Male,"01117277146",ibrahim.mahmoud66@hotmail.com,Mansoura,Nile Delta,Gold,1986-07-11,2020-07-15
CUS00233,Aisha Younis,Female, 01073606441,aisha.younis9@gmail.com,Alexandria,Alexandria,Bronze,1996-11-18,2021-09-21
CUS00067,Nader Hamdy,Male,"01125808361",nader.hamdy10@outlook.com,Cairo,Greater Cairo,Gold,1986-10-10,2021-09-04
CUS01775,Hassan Hafez,Male,"01218690503",hassan.hafez87@hotmail.com,Hurghada,Red Sea,Bronze,2003-09-05,2020-12-01
CUS01031,Doha Salem,Female,  01216727400  ,doha.salem63@outlook.com,Cairo,Greater Cairo,Bronze,1987-07-25,2022-02-15
CUS00028,Youssef Hamdy,Male,"01087029205","",Alexandria,Alexandria,Bronze,1980-05-25,2020-04-02
CUS00303,Rania Sayed,Female,  01224148036  ,rania.sayed94@hotmail.com,Alexandria,Alexandria,Silver,1976-09-02,2023-09-16
CUS02680,Suzy Abdallah,Female,  01134384883  ,suzy.abdallah9@gmail.com,Alexandria,Alexandria,Silver,1980-04-06,2020-07-28
CUS01281,Nadia Saad,Female,"01041308738",nadia.saad18@hotmail.com,Mansoura,Nile Delta,Gold,1979-11-28,2022-10-27
CUS01102,Aisha Ramadan,Female,"01146371543",aisha.ramadan27@gmail.com,Ismailia,Canal Zone,Bronze,1977-02-25,2023-04-18
CUS01720,Hazem Barakat,Male,"01271877617",hazem.barakat58@hotmail.com,Cairo,Greater Cairo,Bronze,1999-10-18,2020-04-09
CUS02151,Hussein Abdallah,Male, 01127150326,hussein.abdallah88@gmail.com,Giza,Greater Cairo,Bronze,1981-07-27,2022-09-02
CUS00763,Wael Younis,Male,  01055112093  ,"",Cairo,Greater Cairo,Silver,1985-10-26,2020-02-26
CUS00083,Shaimaa Wahba,Female,"01155748676 ",shaimaa.wahba72@outlook.com,Giza,Greater Cairo,Bronze,1983-11-22,2022-12-15
CUS00224,Ramy Saad,Male,  01086325036  ,ramy.saad22@hotmail.com,Giza,Greater Cairo,Bronze,1982-06-05,2021-05-20
CUS02579,Hossam Abdallah,Male,"01238150876",hossam.abdallah57@gmail.com,Giza,Greater Cairo,Bronze,1985-01-13,2022-02-26
CUS01372,Nader Amin,Male,  01275269328  ,nader.amin49@hotmail.com,Cairo,Greater Cairo,Gold,1978-03-07,2022-07-08
CUS01700,Ashraf Mohamed,Male, 01094238694,ashraf.mohamed28@outlook.com,Alexandria,Alexandria,Bronze,1997-05-15,2023-12-09
CUS01959,Adel Younis,Male,"01171212493 ",adel.younis10@yahoo.com,Mansoura,Nile Delta,Bronze,1995-04-26,2020-06-19
CUS02968,Samir Wahba,Male,"01151328431",samir.wahba44@outlook.com,Alexandria,Alexandria,Bronze,1988-11-11,2023-08-10
CUS02602,Mohamed Ahmed,Male,"01024423852",mohamed.ahmed64@yahoo.com,Cairo,Greater Cairo,Bronze,1980-12-25,2020-06-22
CUS02520,Dina Sayed,Female,"01023000847","",Zagazig,Nile Delta,Bronze,1970-10-12,2021-06-03
CUS02387,Nadia Abdallah,Female,"01148644859",nadia.abdallah88@outlook.com,Giza,Greater Cairo,Gold,1987-08-04,2022-01-28
CUS02503,Hany Hamdy,Male,"01244766218",hany.hamdy40@yahoo.com,Alexandria,Alexandria,Gold,1971-01-14,2022-01-16
CUS01366,Heba Amin,Female,"01240291991","",Cairo,Greater Cairo,Silver,1985-04-12,2020-03-23
CUS01067,Samir Bakr,Male,"01295900652",samir.bakr16@gmail.com,Cairo,Greater Cairo,Platinum,1970-10-06,2021-07-05
CUS00336,Noha Amin,Female,"01051831217",noha.amin75@yahoo.com,Cairo,Greater Cairo,Silver,1978-01-02,2021-08-10
CUS02522,Eman Lotfy,Female,"01241704978",eman.lotfy63@yahoo.com,Cairo,Greater Cairo,Bronze,1994-02-28,2020-11-24
CUS01220,Reham Salem,Female,"01286498139",reham.salem92@outlook.com,Cairo,Greater Cairo,Platinum,1977-06-28,2023-03-07
CUS02198,Mahmoud Ismail,Male,"01137594352",mahmoud.ismail13@gmail.com,Luxor,Upper Egypt,Bronze,1986-01-11,2020-05-26
CUS01347,Samir Saad,Male,"01178349575",samir.saad90@outlook.com,Giza,Greater Cairo,Platinum,1977-04-01,2020-01-01
CUS01140,Hussein Sayed,Male, 01059804167,hussein.sayed24@yahoo.com,Alexandria,Alexandria,Bronze,1972-03-03,2020-02-23
CUS02206,Suzy Salem,Female,"01290068637",suzy.salem42@hotmail.com,Suez,Canal Zone,Silver,1993-02-26,2023-12-12
CUS02826,Khaled Amin,Male, 01278553033,khaled.amin66@gmail.com,Aswan,Upper Egypt,Bronze,1985-07-24,2022-10-17
CUS00453,Mariam Badawi,Female,"01235186888 ",mariam.badawi45@yahoo.com,Giza,Greater Cairo,Platinum,1976-01-07,2021-11-19
CUS02966,Bassem Bakr,Male,  01126801640  ,bassem.bakr2@yahoo.com,Tanta,Nile Delta,Bronze,1989-01-06,2023-04-06
CUS02819,Walid Bakr,Male,"01034982678","",Cairo,Greater Cairo,Bronze,1995-12-08,2023-09-11
CUS02199,Doha Ramadan,Female,"01131682480",doha.ramadan59@outlook.com,Alexandria,Alexandria,Bronze,1987-04-02,2020-11-24
CUS01931,Zeinab Ismail,Female, 01215042790,zeinab.ismail28@gmail.com,Alexandria,Alexandria,Silver,1983-06-08,2022-11-13
CUS00198,Samah Gamal,Female,"01210997236",samah.gamal53@hotmail.com,Suez,Canal Zone,Bronze,1984-03-14,2020-01-19
CUS01760,Wael Mohamed,Male, 01065189596,wael.mohamed36@outlook.com,Alexandria,Alexandria,Bronze,1972-05-23,2023-12-09
CUS00398,Rana Shaaban,Female,"01267088619",rana.shaaban35@yahoo.com,Giza,Greater Cairo,Silver,1999-02-09,2022-10-22
CUS01163,Ayman Ibrahim,Male,  01244852582  ,ayman.ibrahim17@outlook.com,Giza,Greater Cairo,Silver,1971-04-27,2021-03-02
CUS02946,Ali Ismail,Male,  01096328902  ,ali.ismail73@hotmail.com,Cairo,Greater Cairo,Platinum,1971-12-01,2022-04-18
CUS00242,Amr Attia,Male,"01148851088",amr.attia39@outlook.com,Port Said,Canal Zone,Silver,1978-04-06,2023-04-01
CUS02735,Karim Rizk,Male,  01080219375  ,karim.rizk6@yahoo.com,Port Said,Canal Zone,Bronze,1994-07-20,2023-06-08
CUS00475,Hossam Saad,Male, 01022321103,hossam.saad32@yahoo.com,Alexandria,Alexandria,Bronze,1990-12-16,2020-02-16
CUS02170,Manar Mansour,Female,"01243649169",manar.mansour48@hotmail.com,Giza,Greater Cairo,Bronze,1992-04-22,2020-09-20
CUS02677,Hazem Hamdy,Male, 01084698064,hazem.hamdy68@outlook.com,Giza,Greater Cairo,Bronze,1974-09-25,2020-01-28
CUS00179,Hossam Fathy,Male,"01248988647",hossam.fathy16@yahoo.com,Port Said,Canal Zone,Bronze,1981-10-08,2023-07-02
CUS00189,Dina Attia,Female,  01272850928  ,dina.attia61@yahoo.com,Alexandria,Alexandria,Gold,1978-02-27,2021-03-28
CUS02125,Radwa Ali,Female,"01039737286",radwa.ali88@gmail.com,Ismailia,Canal Zone,Bronze,1985-02-14,2023-05-12
CUS01972,Mona Saad,Female,"01046897895 ",mona.saad53@gmail.com,Aswan,Upper Egypt,Bronze,2002-08-08,2023-12-08
CUS00566,Ola Younis,Female,"01284036002",ola.younis34@yahoo.com,Alexandria,Alexandria,Gold,1983-06-23,2023-05-02
CUS00267,Dalia Saad,Female,"01218037180",dalia.saad88@hotmail.com,Tanta,Nile Delta,Gold,1997-10-24,2023-07-11
CUS01107,Maged Mohamed,Male,"01144327434",maged.mohamed11@outlook.com,Giza,Greater Cairo,Bronze,2000-03-24,2022-03-06
CUS00757,Emad Salem,Male, 01261524781,"",Mansoura,Nile Delta,Silver,1979-04-03,2021-04-14
CUS02638,Ashraf Sayed,Male,"01287671828",ashraf.sayed60@yahoo.com,Hurghada,Red Sea,Gold,1986-02-04,2020-11-06
CUS01914,Amr Amin,Male,  01041050794  ,amr.amin75@hotmail.com,Giza,Greater Cairo,Bronze,1993-04-19,2020-07-11
CUS01656,Dalia Rizk,Female,"01134831499",dalia.rizk67@hotmail.com,Port Said,Canal Zone,Bronze,1990-03-06,2021-12-21
CUS00417,Neveen Amin,Female,"01121707969",neveen.amin76@yahoo.com,Giza,Greater Cairo,Gold,1987-04-19,2021-12-15
CUS00728,Rania Barakat,Female,"01050714161",rania.barakat28@yahoo.com,Hurghada,Red Sea,Bronze,1987-10-17,2023-08-16
CUS02794,Hoda Hassan,Female,"01259571765",hoda.hassan18@yahoo.com,Cairo,Greater Cairo,Bronze,1988-03-05,2020-05-08
CUS00651,Noha Mohamed,Female,  01121959568  ,noha.mohamed53@outlook.com,Cairo,Greater Cairo,Bronze,2001-12-04,2023-03-28
CUS01115,Hassan Attia,Male, 01027976656,hassan.attia45@gmail.com,Alexandria,Alexandria,Bronze,1989-12-18,2023-01-05
CUS01238,Walid Saad,Male,  01282542655  ,walid.saad12@outlook.com,Alexandria,Alexandria,Silver,1971-11-15,2022-12-14
CUS01411,Adel Attia,Male,"01056638324",adel.attia12@gmail.com,Cairo,Greater Cairo,Gold,1986-08-28,2022-11-18
CUS01100,Mona Ragab,Female,"01298486477","",Giza,Greater Cairo,Silver,2001-07-09,2021-03-17
CUS01160,Hoda Ragab,Female,"01039244446",hoda.ragab7@outlook.com,Cairo,Greater Cairo,Gold,1978-06-20,2020-05-17
CUS00409,Adel Hamdy,Male,"01124588794",adel.hamdy96@outlook.com,Suez,Canal Zone,Silver,1997-03-18,2020-06-28
CUS02397,Fady Fathy,Male,  01216737139  ,fady.fathy2@outlook.com,Cairo,Greater Cairo,Bronze,1984-02-22,2020-10-03
CUS02581,Ashraf Gouda,Male,"01188198069",ashraf.gouda43@hotmail.com,Cairo,Greater Cairo,Silver,1990-06-25,2020-03-18
CUS01922,Ramy Salem,Male,  01172691030  ,ramy.salem48@gmail.com,Cairo,Greater Cairo,Gold,1991-10-07,2022-07-06
CUS01214,Aisha Mohamed,Female,"01298552975",aisha.mohamed60@hotmail.com,Hurghada,Red Sea,Silver,1999-03-17,2020-02-14
CUS02883,Doha Lotfy,Female,"01197085746",doha.lotfy63@hotmail.com,Cairo,Greater Cairo,Platinum,1976-10-21,2021-05-22
CUS02388,Amr Hafez,Male,"01062102936",amr.hafez62@yahoo.com,Mansoura,Nile Delta,Silver,1981-06-02,2021-01-16
CUS01602,Mohamed Ali,Male,  01164570141  ,mohamed.ali65@outlook.com,Giza,Greater Cairo,Bronze,1973-07-10,2021-12-23
CUS01929,Rania Fathy,Female,"01147869930",rania.fathy80@hotmail.com,Mansoura,Nile Delta,Bronze,2001-05-17,2022-04-18
CUS00415,Shaimaa Mostafa,Female, 01166112969,"",Mansoura,Nile Delta,Bronze,1987-06-09,2022-04-10
CUS00875,Dalia Lotfy,Female,"01117126486",dalia.lotfy61@yahoo.com,Cairo,Greater Cairo,Bronze,1985-12-04,2020-08-22
CUS02954,Hoda Mahmoud,Female,"01067965149","",Alexandria,Alexandria,Bronze,1987-02-09,2023-11-26
CUS00367,Magdy Hassan,Male,"01016993664","",Ismailia,Canal Zone,Bronze,1974-08-03,2021-04-17
CUS00977,Nader Mahmoud,Male,  01173142083  ,nader.mahmoud91@gmail.com,Alexandria,Alexandria,Silver,1990-10-24,2022-04-16
CUS01006,Ayman Rizk,Male,"01053528399 ",ayman.rizk28@yahoo.com,Mansoura,Nile Delta,Silver,1986-07-16,2021-03-23
CUS02746,Hany Lotfy,Male,"01070971798 ",hany.lotfy30@hotmail.com,Hurghada,Red Sea,Bronze,2000-06-13,2021-10-15
CUS02813,Engy Nasser,Female,  01023935976  ,engy.nasser75@yahoo.com,Mansoura,Nile Delta,Bronze,2002-09-02,2021-09-08
CUS01273,Walid Mostafa,Male,"01228885625 ","",Hurghada,Red Sea,Silver,1973-09-02,2022-06-11
CUS02335,Magdy Salem,Male, 01147602402,magdy.salem91@gmail.com,Cairo,Greater Cairo,Bronze,1988-02-04,2020-05-16
CUS01652,Manar Gouda,Female,  01019875253  ,manar.gouda60@yahoo.com,Giza,Greater Cairo,Silver,1978-04-22,2023-06-11
CUS00799,Tarek Sayed,Male,  01264913597  ,tarek.sayed27@gmail.com,Tanta,Nile Delta,Bronze,1972-05-01,2022-04-20
CUS02260,Ayman Younis,Male,"01121219525",ayman.younis23@hotmail.com,Giza,Greater Cairo,Bronze,1974-06-16,2020-12-19
CUS02150,Ghada Saad,Female,"01276458477",ghada.saad67@outlook.com,Aswan,Upper Egypt,Bronze,1997-09-21,2020-01-28
CUS01753,Mohamed Fathy,Male, 01162457729,mohamed.fathy91@yahoo.com,Cairo,Greater Cairo,Silver,1974-05-17,2022-12-28
CUS00238,Mahmoud Abdallah,Male,"01192882398","",Cairo,Greater Cairo,Bronze,1977-05-01,2021-10-17
CUS00101,Amr Farouk,Male,"01086140729",amr.farouk60@gmail.com,Cairo,Greater Cairo,Bronze,1986-04-04,2022-11-03
CUS01862,Mahmoud Gouda,Male, 01081416682,mahmoud.gouda25@yahoo.com,Mansoura,Nile Delta,Silver,2003-01-12,2020-04-14
CUS00264,Hazem Hafez,Male, 01168517739,"",Alexandria,Alexandria,Bronze,1980-10-10,2021-05-09
CUS01201,Mona Ahmed,Female,"01232405926",mona.ahmed6@outlook.com,Zagazig,Nile Delta,Platinum,1979-08-16,2023-01-10
CUS00562,Karim Wahba,Male, 01210432769,karim.wahba90@gmail.com,Cairo,Greater Cairo,Gold,1996-03-21,2023-02-04
CUS02625,Hossam Gouda,Male,  01260187647  ,hossam.gouda21@yahoo.com,Giza,Greater Cairo,Bronze,1984-11-27,2023-12-27
CUS00950,Ghada Wahba,Female,"01245478283","",Alexandria,Alexandria,Bronze,1974-08-02,2022-11-10
CUS02860,Reem Younis,Female,"01193920717",reem.younis97@gmail.com,Cairo,Greater Cairo,Silver,1977-08-22,2023-02-18
CUS01592,Rania Ibrahim,Female,"01296694511 ","",Sharm El Sheikh,South Sinai,Gold,1997-04-26,2023-06-27
CUS01578,Wael Ahmed,Male, 01240841253,wael.ahmed4@outlook.com,Mansoura,Nile Delta,Silver,1979-04-20,2022-12-08
CUS00509,Radwa Gouda,Female,"01013537149",radwa.gouda88@gmail.com,Port Said,Canal Zone,Silver,1989-04-01,2023-01-13
CUS02244,Engy Mansour,Female,  01216933562  ,engy.mansour55@yahoo.com,Sharm El Sheikh,South Sinai,Silver,1984-11-11,2023-11-07
CUS00720,Essam Lotfy,Male,"01293246092",essam.lotfy49@gmail.com,Zagazig,Nile Delta,Bronze,1976-07-23,2023-02-16
CUS02176,Lobna Fathy,Female,"01222120516 ",lobna.fathy29@gmail.com,Aswan,Upper Egypt,Silver,1988-10-03,2021-02-02
CUS00619,Hazem Hamdy,Male,  01071331294  ,hazem.hamdy13@hotmail.com,Hurghada,Red Sea,Bronze,2000-05-17,2022-05-27
CUS00343,Eman Abdallah,Female,"01020926356",eman.abdallah50@hotmail.com,Cairo,Greater Cairo,Bronze,2002-10-16,2023-09-15
CUS00842,Fady Ahmed,Male,"01094495057",fady.ahmed81@yahoo.com,Mansoura,Nile Delta,Bronze,1999-07-25,2020-12-12
CUS02783,Tarek Lotfy,Male,"01083598596",tarek.lotfy40@gmail.com,Ismailia,Canal Zone,Bronze,1999-04-06,2022-04-10
CUS02214,Radwa Lotfy,Female,"01148451635",radwa.lotfy21@gmail.com,Ismailia,Canal Zone,Bronze,1998-07-13,2023-10-09
CUS01089,Walid Barakat,Male,"01239210851",walid.barakat69@gmail.com,Sharm El Sheikh,South Sinai,Silver,1976-02-06,2020-10-08
CUS02508,Sara Mansour,Female,"01098444685",sara.mansour96@hotmail.com,Giza,Greater Cairo,Silver,1979-11-26,2021-11-16
CUS01323,Ola Amin,Female,"01273559266",ola.amin71@hotmail.com,Luxor,Upper Egypt,Gold,1997-08-21,2021-10-16
CUS01898,Samah Nasser,Female,"01154329591",samah.nasser36@gmail.com,Cairo,Greater Cairo,Silver,1991-04-03,2021-11-13
CUS01377,Ashraf Rizk,Male,"01189011369 ",ashraf.rizk91@hotmail.com,Giza,Greater Cairo,Bronze,2003-08-17,2020-01-10
CUS01422,Ayman Abdallah,Male,"01270563375 ",ayman.abdallah4@hotmail.com,Alexandria,Alexandria,Gold,1986-12-26,2023-12-03
CUS01560,Tamer Ali,Male,"01262982698",tamer.ali74@yahoo.com,Suez,Canal Zone,Silver,1988-09-17,2020-04-27
CUS01513,Samah Lotfy,Female,"01280657083",samah.lotfy16@outlook.com,Port Said,Canal Zone,Silver,1975-01-02,2021-07-27
CUS00288,Doha Abdallah,Female, 01247977444,doha.abdallah49@gmail.com,Alexandria,Alexandria,Bronze,1983-01-26,2023-05-06
CUS02297,Ramy Farouk,Male,"01164013875",ramy.farouk97@hotmail.com,Cairo,Greater Cairo,Silver,1996-02-05,2023-12-21
CUS01287,Essam Mostafa,Male,"01213620505",essam.mostafa74@gmail.com,Cairo,Greater Cairo,Silver,1998-10-17,2020-12-27
CUS01407,Tamer Fathy,Male,"01017653101",tamer.fathy54@yahoo.com,Aswan,Upper Egypt,Silver,1977-07-21,2023-10-23
CUS00553,Shaimaa Hamdy,Female,"01296114007",shaimaa.hamdy36@yahoo.com,Alexandria,Alexandria,Bronze,1995-05-18,2022-10-04
CUS00223,Ashraf Ismail,Male,"01188529753",ashraf.ismail59@yahoo.com,Cairo,Greater Cairo,Bronze,1994-04-03,2023-06-05
CUS00793,Samir Saad,Male,"01073516387",samir.saad83@yahoo.com,Alexandria,Alexandria,Gold,1981-07-25,2023-04-23
CUS01611,Radwa Mostafa,Female,"01099874179",radwa.mostafa31@hotmail.com,Suez,Canal Zone,Silver,1996-03-28,2021-01-28
CUS00918,Hassan Badawi,Male,"01040396847",hassan.badawi34@outlook.com,Port Said,Canal Zone,Bronze,1987-07-17,2021-12-19
CUS02216,Magdy Lotfy,Male,"01127902376 ","",Giza,Greater Cairo,Platinum,1988-06-11,2022-11-12
CUS01418,Manar Gamal,Female,"01120774838",manar.gamal8@hotmail.com,Cairo,Greater Cairo,Silver,1975-09-18,2020-01-23
CUS01916,Mahmoud Zaki,Male,"01150907084","",Zagazig,Nile Delta,Bronze,1974-11-03,2021-04-10
CUS00698,Ashraf Mahmoud,Male,"01069953058",ashraf.mahmoud14@hotmail.com,Alexandria,Alexandria,Silver,1993-08-25,2023-05-07
CUS02470,Amira Ramadan,Female, 01079682994,amira.ramadan76@yahoo.com,Alexandria,Alexandria,Gold,1982-07-19,2022-08-23
CUS01805,Nour Salem,Female,"01296560287",nour.salem82@yahoo.com,Giza,Greater Cairo,Silver,1985-01-17,2022-04-10
CUS01044,Nader Hassan,Male,"01011385716",nader.hassan45@gmail.com,Mansoura,Nile Delta,Silver,1987-08-01,2022-04-26
CUS02537,Mohamed Gamal,Male,"01145688957",mohamed.gamal79@gmail.com,Zagazig,Nile Delta,Silver,1989-02-16,2022-09-09
CUS02017,Amr Ibrahim,Male,"01084164235",amr.ibrahim76@gmail.com,Giza,Greater Cairo,Silver,1979-04-01,2022-04-05
CUS02899,Emad Rizk,Male,  01253784964  ,emad.rizk68@hotmail.com,Giza,Greater Cairo,Silver,1994-09-23,2022-06-09
CUS00003,Zeinab Ali,Female,"01289701163",zeinab.ali46@yahoo.com,Zagazig,Nile Delta,Silver,1993-12-26,2020-10-21
CUS01860,Engy Mahmoud,Female, 01242026149,engy.mahmoud5@yahoo.com,Zagazig,Nile Delta,Bronze,1992-06-27,2022-01-25
CUS02861,Hussein Khalil,Male,"01068228128","",Luxor,Upper Egypt,Silver,1975-07-22,2023-08-21
CUS00477,Khaled Farouk,Male, 01278915977,khaled.farouk88@hotmail.com,Cairo,Greater Cairo,Gold,1993-07-15,2020-03-15
CUS02005,Dalia Badawi,Female,"01273932497","",Cairo,Greater Cairo,Bronze,1984-02-05,2022-09-11
CUS00982,Mariam Wahba,Female, 01064647821,mariam.wahba45@yahoo.com,Hurghada,Red Sea,Bronze,1975-07-11,2023-08-15
CUS00983,Heba Farouk,Female,  01097477918  ,heba.farouk88@gmail.com,Cairo,Greater Cairo,Gold,1978-02-22,2023-05-13
CUS02004,Ramy Gouda,Male,  01134362552  ,ramy.gouda29@gmail.com,Cairo,Greater Cairo,Silver,1985-02-01,2022-01-16
CUS00688,Tarek Ibrahim,Male,"01170503600 ",tarek.ibrahim63@hotmail.com,Cairo,Greater Cairo,Bronze,1986-12-27,2021-04-19
CUS02368,Reem Ali,Female,  01194244568  ,reem.ali7@outlook.com,Alexandria,Alexandria,Bronze,1971-02-08,2023-01-19
CUS00817,Rana Barakat,Female, 01012779565,rana.barakat93@outlook.com,Alexandria,Alexandria,Platinum,1989-07-10,2021-02-10
CUS02481,Fatima Mansour,Female,"01170881409 ",fatima.mansour99@outlook.com,Cairo,Greater Cairo,Gold,1995-11-12,2022-12-15
CUS02619,Maged Gamal,Male,"01137155007",maged.gamal92@gmail.com,Aswan,Upper Egypt,Bronze,1991-05-15,2023-04-17
CUS00073,Osama Ahmed,Male,  01212649695  ,osama.ahmed33@outlook.com,Cairo,Greater Cairo,Silver,1973-11-04,2021-04-23
CUS02985,Nadia Ismail,Female,  01079762616  ,nadia.ismail36@gmail.com,Alexandria,Alexandria,Silver,2000-02-24,2021-06-24
CUS02024,Maged Mostafa,Male, 01210902071,maged.mostafa45@outlook.com,Cairo,Greater Cairo,Bronze,1983-03-22,2023-08-03
CUS01984,Mohamed Amin,Male,  01146347748  ,mohamed.amin88@outlook.com,Alexandria,Alexandria,Silver,1987-04-25,2022-01-27
CUS00922,Noha Ahmed,Female,"01246771858",noha.ahmed64@outlook.com,Alexandria,Alexandria,Bronze,1988-07-13,2020-06-26
CUS00455,Youssef Ramadan,Male,"01268719406",youssef.ramadan13@gmail.com,Cairo,Greater Cairo,Bronze,1994-05-28,2020-02-21
CUS01311,Doha Hassan,Female,  01156073599  ,doha.hassan35@hotmail.com,Cairo,Greater Cairo,Bronze,1981-12-26,2022-09-13
CUS00494,Ali Nasser,Male,  01276478665  ,ali.nasser81@hotmail.com,Cairo,Greater Cairo,Silver,2003-03-18,2020-08-20
CUS01305,Walid Younis,Male,"01030342394 ",walid.younis4@outlook.com,Tanta,Nile Delta,Gold,1985-04-25,2021-02-18
CUS02395,Dalia Fathy,Female,"01280665528",dalia.fathy68@outlook.com,Suez,Canal Zone,Bronze,1985-12-17,2023-03-17
CUS00775,Hana Younis,Female,  01254102252  ,hana.younis43@yahoo.com,Hurghada,Red Sea,Bronze,1977-04-13,2023-01-04
CUS00452,Sara Salem,Female,  01252481963  ,sara.salem41@gmail.com,Alexandria,Alexandria,Silver,1990-11-27,2023-05-17
CUS00491,Hassan Zaki,Male,  01168638761  ,hassan.zaki88@hotmail.com,Giza,Greater Cairo,Bronze,1999-09-06,2023-06-14
CUS01415,Karim Badawi,Male,  01132683880  ,karim.badawi69@gmail.com,Alexandria,Alexandria,Silver,1995-02-13,2023-05-19
CUS00778,Ola Mahmoud,Female,"01083189524",ola.mahmoud99@gmail.com,Zagazig,Nile Delta,Bronze,1992-03-13,2020-03-05
CUS01199,Adel Fathy,Male,"01139813647",adel.fathy59@gmail.com,Zagazig,Nile Delta,Bronze,1996-12-04,2023-12-13
CUS00590,Samah Wahba,Female,  01142120359  ,samah.wahba38@gmail.com,Cairo,Greater Cairo,Bronze,1982-03-15,2020-04-19
CUS02331,Samir Wahba,Male, 01169002170,samir.wahba95@outlook.com,Cairo,Greater Cairo,Gold,1989-06-10,2022-02-19
CUS00215,Mona Shaaban,Female,"01299565693",mona.shaaban95@yahoo.com,Tanta,Nile Delta,Bronze,1977-04-26,2020-01-24
CUS00148,Dalia Ahmed,Female,"01159535555",dalia.ahmed94@gmail.com,Alexandria,Alexandria,Platinum,1993-09-24,2022-02-07
CUS00849,Suzy Mansour,Female,"01179715974",suzy.mansour63@outlook.com,Alexandria,Alexandria,Gold,1976-11-07,2021-07-28
CUS00937,Essam Sayed,Male,"01044063535 ",essam.sayed77@outlook.com,Cairo,Greater Cairo,Bronze,1987-08-22,2022-03-09
CUS00567,Amr Gouda,Male,"01159966944",amr.gouda14@hotmail.com,Giza,Greater Cairo,Bronze,1978-08-19,2020-03-14
CUS01646,Reem Saad,Female,"01191732965 ",reem.saad72@gmail.com,Zagazig,Nile Delta,Bronze,1982-02-25,2023-04-27
CUS00346,Hossam Bakr,Male, 01069282426,"",Mansoura,Nile Delta,Bronze,1987-07-01,2020-05-08
CUS02585,Nadia Attia,Female,"01117356885",nadia.attia16@hotmail.com,Alexandria,Alexandria,Bronze,1980-09-16,2023-01-08
CUS01835,Hazem Gouda,Male,"01163245529","",Aswan,Upper Egypt,Platinum,1980-01-09,2021-09-18
CUS01933,Youssef Shaaban,Male,"01126404158",youssef.shaaban75@yahoo.com,Alexandria,Alexandria,Bronze,1982-05-24,2020-08-21
CUS01278,Nader Ahmed,Male, 01119282918,nader.ahmed82@gmail.com,Ismailia,Canal Zone,Gold,1984-01-20,2023-10-16
CUS02213,Doha Gamal,Female,"01062730254",doha.gamal61@yahoo.com,Cairo,Greater Cairo,Silver,1972-11-27,2020-03-05
CUS02822,Reem Younis,Female,"01236106296","",Cairo,Greater Cairo,Silver,1973-09-07,2021-07-14
CUS01998,Magdy Ismail,Male,"01198415591",magdy.ismail19@hotmail.com,Cairo,Greater Cairo,Silver,1976-08-23,2020-03-07
CUS00334,Lobna Lotfy,Female,"01141287760",lobna.lotfy60@outlook.com,Cairo,Greater Cairo,Gold,1995-02-20,2020-06-21
CUS02289,Samir Mahmoud,Male,"01150664631",samir.mahmoud16@outlook.com,Alexandria,Alexandria,Silver,1993-01-26,2020-02-11
CUS02022,Hazem Ramadan,Male,"01048986219",hazem.ramadan63@hotmail.com,Alexandria,Alexandria,Bronze,1997-02-17,2021-11-03
CUS00243,Adel Gouda,Male,  01165989834  ,"",Suez,Canal Zone,Silver,1977-11-22,2022-08-03
CUS02390,Dina Lotfy,Female,"01025835492",dina.lotfy34@gmail.com,Tanta,Nile Delta,Silver,1992-10-20,2021-02-04
CUS01976,Ramy Gamal,Male, 01052897398,ramy.gamal67@outlook.com,Port Said,Canal Zone,Platinum,1992-12-11,2023-08-23
CUS00526,Wael Ragab,Male, 01155844991,wael.ragab74@outlook.com,Alexandria,Alexandria,Bronze,1978-10-09,2021-03-15
CUS00639,Radwa Mohamed,Female,"01094627132",radwa.mohamed94@outlook.com,Cairo,Greater Cairo,Silver,1983-10-06,2022-06-27
CUS02101,Hossam Wahba,Male, 01055635936,hossam.wahba83@yahoo.com,Suez,Canal Zone,Bronze,1980-10-08,2023-08-14
CUS00435,Tamer Lotfy,Male,"01117258943",tamer.lotfy21@gmail.com,Cairo,Greater Cairo,Bronze,1971-12-14,2021-06-05
CUS02082,Eman Hafez,Female,"01263971244",eman.hafez17@hotmail.com,Cairo,Greater Cairo,Bronze,1996-08-26,2023-12-01
CUS01894,Noha Hassan,Female,"01270068638","",Cairo,Greater Cairo,Bronze,1985-09-18,2021-09-10
CUS02153,Nadia Shaaban,Female,"01251477329",nadia.shaaban30@gmail.com,Tanta,Nile Delta,Bronze,1998-12-08,2022-02-07
CUS00668,Rana Bakr,Female,  01041361578  ,rana.bakr73@gmail.com,Cairo,Greater Cairo,Silver,1993-01-05,2021-11-02
CUS00358,Omar Mahmoud,Male,"01073188059","",Alexandria,Alexandria,Bronze,1985-12-15,2020-03-10
CUS01036,Khaled Ali,Male,"01119140411",khaled.ali99@gmail.com,Tanta,Nile Delta,Bronze,1978-09-10,2020-08-23
CUS00829,Walid Mahmoud,Male,  01271153456  ,walid.mahmoud99@yahoo.com,Zagazig,Nile Delta,Bronze,1971-07-05,2022-06-12
CUS00039,Hoda Ahmed,Female,  01066268745  ,hoda.ahmed70@gmail.com,Tanta,Nile Delta,Bronze,1975-05-13,2023-12-12
CUS00733,Sara Rizk,Female,"01189783556",sara.rizk73@yahoo.com,Mansoura,Nile Delta,Gold,1987-05-28,2022-05-07
CUS01063,Bassem Khalil,Male, 01028571145,bassem.khalil21@hotmail.com,Hurghada,Red Sea,Bronze,1992-10-27,2022-04-20
CUS01168,Magdy Khalil,Male,  01084518625  ,magdy.khalil97@hotmail.com,Alexandria,Alexandria,Gold,1987-08-14,2022-01-06
CUS02542,Zeinab Hafez,Female,"01085537487",zeinab.hafez27@gmail.com,Hurghada,Red Sea,Platinum,1977-09-25,2022-04-01
CUS00873,Reem Ragab,Female,"01084188311",reem.ragab67@gmail.com,Mansoura,Nile Delta,Bronze,1986-08-06,2023-03-26
CUS01572,Mahmoud Zaki,Male,"01025712553",mahmoud.zaki38@yahoo.com,Cairo,Greater Cairo,Silver,1998-12-26,2023-01-15
CUS01626,Nour Hassan,Female, 01027399889,nour.hassan60@outlook.com,Tanta,Nile Delta,Bronze,1980-03-08,2020-03-12
CUS00154,Heba Zaki,Female,  01261210252  ,heba.zaki56@outlook.com,Alexandria,Alexandria,Silver,1972-12-26,2020-04-24
CUS00581,Mohamed Mansour,Male,"01220641221",mohamed.mansour34@hotmail.com,Giza,Greater Cairo,Bronze,1986-12-21,2021-12-26
CUS01932,Essam Hamdy,Male,"01133882168 ",essam.hamdy71@outlook.com,Alexandria,Alexandria,Bronze,1984-04-11,2022-08-17
CUS01151,Rania Farouk,Female,  01177563757  ,"",Tanta,Nile Delta,Gold,1978-05-18,2023-10-26
CUS00117,Rana Lotfy,Female,"01073306295",rana.lotfy11@gmail.com,Hurghada,Red Sea,Silver,1970-02-27,2023-07-20
CUS01127,Samir Hassan,Male, 01081253299,samir.hassan18@outlook.com,Cairo,Greater Cairo,Platinum,1979-07-05,2021-06-21
CUS01167,Karim Badawi,Male, 01014415512,karim.badawi24@hotmail.com,Aswan,Upper Egypt,Bronze,1972-06-22,2022-07-19
CUS00981,Mariam Ali,Female, 01230034371,mariam.ali17@gmail.com,Giza,Greater Cairo,Bronze,1983-01-09,2021-06-23
CUS02545,Rania Zaki,Female, 01173192975,rania.zaki82@hotmail.com,Cairo,Greater Cairo,Bronze,1985-09-15,2022-07-16
CUS00960,Amr Bakr,Male,"01249985512 ",amr.bakr58@outlook.com,Zagazig,Nile Delta,Bronze,1984-07-26,2022-12-02
CUS01046,Ramy Salem,Male,"01156880867","",Mansoura,Nile Delta,Gold,1971-07-03,2022-10-24
CUS00957,Essam Mostafa,Male,"01279077891",essam.mostafa69@gmail.com,Alexandria,Alexandria,Bronze,1996-12-03,2021-12-25
CUS02302,Youssef Zaki,Male,"01110326238",youssef.zaki56@hotmail.com,Alexandria,Alexandria,Bronze,1981-08-22,2022-01-26
CUS01439,Tarek Badawi,Male,  01291823674  ,"",Cairo,Greater Cairo,Bronze,1994-08-06,2022-11-09
CUS00641,Dina Hafez,Female, 01240544052,"",Cairo,Greater Cairo,Bronze,1992-10-18,2023-06-20
CUS02599,Reham Younis,Female,"01042865053",reham.younis80@gmail.com,Giza,Greater Cairo,Silver,1999-06-28,2022-01-12
CUS00147,Bassem Fathy,Male,  01244351488  ,"",Mansoura,Nile Delta,Gold,2003-10-23,2021-11-16
CUS01795,Akram Shaaban,Male,"01139951222",akram.shaaban73@outlook.com,Cairo,Greater Cairo,Silver,1972-07-21,2021-03-18
CUS02800,Maged Mostafa,Male,  01064642413  ,maged.mostafa29@hotmail.com,Cairo,Greater Cairo,Silver,1977-09-17,2023-08-10
CUS02295,Ahmed Lotfy,Male,"01085783209",ahmed.lotfy2@gmail.com,Cairo,Greater Cairo,Gold,1977-12-15,2023-07-18
CUS01440,Karim Zaki,Male,"01140202191",karim.zaki21@outlook.com,Tanta,Nile Delta,Silver,1985-07-20,2023-02-22
CUS01696,Essam Khalil,Male,"01219916771",essam.khalil30@gmail.com,Cairo,Greater Cairo,Silver,1977-07-06,2021-10-13
CUS01292,Bassem Sayed,Male,"01097087978",bassem.sayed77@gmail.com,Cairo,Greater Cairo,Silver,2002-03-27,2020-01-15
CUS01854,Dina Hafez,Female,"01213591830 ",dina.hafez30@outlook.com,Aswan,Upper Egypt,Silver,2000-04-17,2023-03-02
CUS01137,Ibrahim Salem,Male,"01268092604",ibrahim.salem33@yahoo.com,Luxor,Upper Egypt,Silver,1975-06-26,2020-07-22
CUS02993,Fady Shaaban,Male, 01026172270,fady.shaaban25@hotmail.com,Alexandria,Alexandria,Bronze,1974-05-24,2022-04-03
CUS00318,Sherif Amin,Male, 01291450675,sherif.amin44@outlook.com,Cairo,Greater Cairo,Gold,1998-02-26,2021-07-01
CUS01401,Amr Abdallah,Male,"01142732649",amr.abdallah37@outlook.com,Cairo,Greater Cairo,Silver,1975-10-03,2021-07-02
CUS02972,Hussein Rizk,Male,"01111879066",hussein.rizk37@yahoo.com,Cairo,Greater Cairo,Silver,1974-03-22,2022-10-26
CUS01060,Sara Barakat,Female,"01212655477 ","",Mansoura,Nile Delta,Silver,2000-06-23,2020-07-25
CUS00564,Amira Abdallah,Female,  01248530763  ,amira.abdallah25@hotmail.com,Cairo,Greater Cairo,Bronze,1989-01-13,2021-03-10
CUS01029,Neveen Ahmed,Female,  01064679723  ,neveen.ahmed25@hotmail.com,Giza,Greater Cairo,Bronze,1983-05-06,2023-05-06
CUS02696,Adel Ibrahim,Male,"01169820526 ",adel.ibrahim73@hotmail.com,Alexandria,Alexandria,Silver,1979-07-22,2020-12-11
CUS01391,Akram Ramadan,Male,"01273085393",akram.ramadan67@yahoo.com,Cairo,Greater Cairo,Bronze,1977-02-19,2021-03-14
CUS02889,Osama Hamdy,Male, 01172993322,osama.hamdy45@outlook.com,Aswan,Upper Egypt,Bronze,1994-10-04,2021-04-16
CUS02301,Rania Farouk,Female,"01189851109",rania.farouk71@yahoo.com,Hurghada,Red Sea,Bronze,1999-09-02,2023-04-20
CUS01185,Walid Mansour,Male,"01163405043",walid.mansour28@hotmail.com,Cairo,Greater Cairo,Silver,1971-12-17,2022-02-26
CUS00331,Karim Hafez,Male,"01040283277",karim.hafez22@hotmail.com,Giza,Greater Cairo,Silver,1975-10-26,2022-02-21
CUS02084,Ramy Farouk,Male,"01069113227",ramy.farouk8@hotmail.com,Suez,Canal Zone,Silver,1989-08-17,2021-09-09
CUS02432,Hussein Younis,Male,"01224467198",hussein.younis30@yahoo.com,Aswan,Upper Egypt,Bronze,1994-12-08,2020-03-07
CUS00890,Tarek Lotfy,Male,"01044810342","",Cairo,Greater Cairo,Bronze,1989-03-07,2023-01-14
CUS01227,Fady Lotfy,Male, 01228177418,fady.lotfy20@gmail.com,Giza,Greater Cairo,Gold,1989-03-24,2021-04-11
CUS01823,Lobna Attia,Female,"01090607170",lobna.attia37@outlook.com,Mansoura,Nile Delta,Bronze,1995-07-20,2021-09-21
CUS00150,Hussein Khalil,Male,"01255300210",hussein.khalil41@hotmail.com,Cairo,Greater Cairo,Silver,1981-09-13,2022-07-25
CUS00015,Heba Abdallah,Female,"01227030641",heba.abdallah32@outlook.com,Cairo,Greater Cairo,Silver,1996-01-09,2023-03-19
CUS02758,Rania Nasser,Female, 01151971760,rania.nasser45@hotmail.com,Suez,Canal Zone,Bronze,1976-07-28,2020-04-12
CUS00431,Nadia Ibrahim,Female, 01229674854,nadia.ibrahim62@gmail.com,Cairo,Greater Cairo,Platinum,1970-03-25,2020-10-14
CUS01689,Mona Amin,Female,"01170597233","",Mansoura,Nile Delta,Bronze,1992-06-12,2023-02-16
CUS01430,Heba Zaki,Female,"01028692391",heba.zaki88@yahoo.com,Luxor,Upper Egypt,Gold,1983-06-08,2021-08-20
CUS01396,Fatima Gouda,Female,"01095752856",fatima.gouda22@outlook.com,Aswan,Upper Egypt,Gold,1978-12-27,2023-08-15
CUS02827,Zeinab Ibrahim,Female,"01214135520","",Zagazig,Nile Delta,Silver,2002-01-19,2021-04-13
CUS01481,Hoda Shaaban,Female,"01126723636",hoda.shaaban76@hotmail.com,Aswan,Upper Egypt,Silver,1991-01-09,2022-03-18
CUS00271,Fady Hafez,Male, 01066756516,fady.hafez53@hotmail.com,Hurghada,Red Sea,Bronze,1994-12-24,2020-08-18
CUS02769,Mohamed Ibrahim,Male, 01021023370,mohamed.ibrahim54@gmail.com,Alexandria,Alexandria,Silver,1996-09-01,2023-05-07
CUS01761,Hassan Abdallah,Male, 01071386952,hassan.abdallah5@gmail.com,Giza,Greater Cairo,Bronze,1972-07-08,2022-06-17
CUS00081,Rana Wahba,Female,"01020048242",rana.wahba65@yahoo.com,Luxor,Upper Egypt,Bronze,2000-08-28,2023-07-27
CUS01980,Reham Attia,Female, 01031076233,reham.attia29@gmail.com,Aswan,Upper Egypt,Bronze,1999-01-08,2023-04-05
CUS01324,Hassan Hafez,Male,"01154629491",hassan.hafez21@hotmail.com,Cairo,Greater Cairo,Bronze,1981-07-13,2021-11-17
CUS00297,Walid Ahmed,Male,"01267953597",walid.ahmed71@hotmail.com,Hurghada,Red Sea,Bronze,1991-01-04,2020-08-13
CUS00326,Manar Mahmoud,Female,"01269750614",manar.mahmoud46@outlook.com,Zagazig,Nile Delta,Bronze,1974-09-01,2021-12-01
CUS00074,Ashraf Sayed,Male,"01228409776 ",ashraf.sayed37@gmail.com,Aswan,Upper Egypt,Silver,2003-05-20,2020-08-07
CUS00240,Bassem Hamdy,Male,"01151350514",bassem.hamdy57@outlook.com,Cairo,Greater Cairo,Gold,1970-05-12,2023-05-06
CUS02513,Zeinab Mansour,Female,"01288016807 ",zeinab.mansour71@gmail.com,Giza,Greater Cairo,Bronze,1990-11-02,2023-01-17
CUS01212,Yasmin Wahba,Female,"01070232661",yasmin.wahba20@outlook.com,Giza,Greater Cairo,Gold,1975-06-01,2022-01-15
CUS00057,Essam Saad,Male, 01151734908,"",Cairo,Greater Cairo,Platinum,1993-01-11,2021-03-10
CUS02640,Amira Hassan,Female,"01146428171",amira.hassan1@yahoo.com,Tanta,Nile Delta,Silver,1976-11-15,2020-09-20
CUS01002,Ramy Gamal,Male,"01133623696",ramy.gamal81@outlook.com,Alexandria,Alexandria,Silver,1979-09-25,2021-06-05
CUS01778,Suzy Attia,Female,"01285230324",suzy.attia13@yahoo.com,Giza,Greater Cairo,Silver,1970-01-16,2020-11-24
CUS00234,Doha Fathy,Female,"01150813240",doha.fathy30@outlook.com,Alexandria,Alexandria,Gold,2003-09-15,2022-05-25
CUS01510,Ramy Hamdy,Male,  01139991893  ,"",Hurghada,Red Sea,Silver,1982-01-03,2023-09-03
CUS00136,Samir Farouk,Male,"01065262252",samir.farouk83@outlook.com,Giza,Greater Cairo,Bronze,1970-09-12,2023-04-09
CUS00686,Karim Mostafa,Male,  01140563463  ,karim.mostafa65@hotmail.com,Alexandria,Alexandria,Gold,1974-04-06,2021-07-09
CUS02430,Essam Nasser,Male, 01096594655,essam.nasser56@outlook.com,Suez,Canal Zone,Bronze,1989-10-03,2022-04-14
CUS02177,Samah Ragab,Female,"01029284042","",Cairo,Greater Cairo,Bronze,1985-07-14,2020-09-21
CUS00719,Ghada Lotfy,Female,"01193115371","",Cairo,Greater Cairo,Bronze,1993-04-10,2023-01-16
CUS00979,Rana Hassan,Female, 01092549527,rana.hassan18@yahoo.com,Alexandria,Alexandria,Bronze,1973-03-18,2020-05-03
CUS00351,Essam Sayed,Male,  01250888822  ,"",Alexandria,Alexandria,Bronze,1991-10-15,2023-01-06
CUS01079,Adel Mahmoud,Male,"01146137452",adel.mahmoud19@hotmail.com,Cairo,Greater Cairo,Silver,1986-08-15,2023-09-24
CUS01926,Emad Attia,Male,"01227373433",emad.attia84@outlook.com,Cairo,Greater Cairo,Platinum,1978-12-13,2022-07-01
CUS01011,Fady Rizk,Male,"01219031885 ","",Cairo,Greater Cairo,Bronze,1974-03-21,2022-06-14
CUS01466,Hana Salem,Female,"01124205791 ",hana.salem24@hotmail.com,Cairo,Greater Cairo,Gold,1979-06-25,2020-11-24
CUS00756,Tarek Ahmed,Male,"01175433400 ",tarek.ahmed96@gmail.com,Hurghada,Red Sea,Silver,2003-10-04,2021-07-11
CUS00423,Samir Bakr,Male, 01057712141,samir.bakr69@gmail.com,Cairo,Greater Cairo,Gold,1973-11-27,2023-11-09
CUS02891,Dina Mostafa,Female, 01191886893,dina.mostafa35@yahoo.com,Giza,Greater Cairo,Silver,1984-04-26,2021-05-03
CUS02478,Fatima Salem,Female,"01057613415",fatima.salem43@gmail.com,Hurghada,Red Sea,Silver,2001-08-22,2023-01-11
CUS00382,Akram Wahba,Male,"01050446284",akram.wahba58@gmail.com,Tanta,Nile Delta,Bronze,1972-03-16,2023-11-18
CUS01300,Magdy Khalil,Male,"01024020462",magdy.khalil5@yahoo.com,Tanta,Nile Delta,Bronze,1979-11-15,2020-06-18
CUS01118,Rania Ali,Female,  01227532794  ,rania.ali93@yahoo.com,Luxor,Upper Egypt,Silver,2001-05-20,2023-10-24
CUS02942,Karim Ahmed,Male,  01140922596  ,karim.ahmed58@outlook.com,Mansoura,Nile Delta,Bronze,1972-05-20,2021-10-13
CUS00678,Ghada Mahmoud,Female, 01093756036,ghada.mahmoud86@yahoo.com,Giza,Greater Cairo,Silver,1993-02-06,2022-05-23
CUS02467,Dina Bakr,Female,"01184306405",dina.bakr7@outlook.com,Giza,Greater Cairo,Bronze,1986-05-25,2020-06-28
CUS00930,Eman Ahmed,Female,"01151003929",eman.ahmed26@gmail.com,Cairo,Greater Cairo,Bronze,1972-11-14,2020-03-07
CUS00663,Engy Abdallah,Female,  01025472405  ,engy.abdallah22@hotmail.com,Mansoura,Nile Delta,Bronze,1984-02-21,2023-05-18
CUS00550,Samir Mostafa,Male,"01246387450",samir.mostafa19@hotmail.com,Hurghada,Red Sea,Bronze,1997-05-24,2021-10-23
CUS00348,Manar Shaaban,Female,"01230036175",manar.shaaban30@outlook.com,Cairo,Greater Cairo,Bronze,1970-08-21,2023-06-26
CUS00354,Omar Shaaban,Male,"01275895351",omar.shaaban59@hotmail.com,Cairo,Greater Cairo,Gold,1985-09-11,2022-07-20
CUS01128,Youssef Farouk,Male,  01049548494  ,youssef.farouk18@hotmail.com,Giza,Greater Cairo,Silver,1992-08-01,2020-09-04
CUS02598,Sherif Hafez,Male,  01267683606  ,sherif.hafez96@gmail.com,Alexandria,Alexandria,Bronze,1986-03-11,2023-12-17
CUS00621,Khaled Gouda,Male, 01098711501,khaled.gouda23@yahoo.com,Cairo,Greater Cairo,Silver,1972-01-20,2021-06-04
CUS01724,Adel Amin,Male,"01133657334",adel.amin9@outlook.com,Cairo,Greater Cairo,Bronze,1985-01-07,2021-05-10
CUS02172,Ahmed Zaki,Male,"01261043450 ",ahmed.zaki92@outlook.com,Cairo,Greater Cairo,Bronze,1998-10-27,2021-02-07
CUS01237,Mohamed Amin,Male,"01213239162",mohamed.amin95@gmail.com,Luxor,Upper Egypt,Gold,1979-03-03,2021-09-12
CUS02975,Mahmoud Barakat,Male,"01252870052",mahmoud.barakat12@hotmail.com,Giza,Greater Cairo,Silver,1997-12-15,2021-11-17
CUS00049,Hoda Mohamed,Female,  01268277389  ,hoda.mohamed90@hotmail.com,Alexandria,Alexandria,Bronze,1997-11-06,2022-05-08
CUS00298,Suzy Farouk,Female, 01187363548,suzy.farouk61@gmail.com,Cairo,Greater Cairo,Bronze,1973-09-01,2023-10-21
CUS01886,Samir Hafez,Male,"01251679917",samir.hafez93@gmail.com,Alexandria,Alexandria,Bronze,1993-10-10,2023-07-05
CUS01208,Rana Mohamed,Female,"01281881946","",Giza,Greater Cairo,Silver,1983-12-23,2021-06-10
CUS02739,Salma Barakat,Female,"01089837128 ",salma.barakat57@outlook.com,Ismailia,Canal Zone,Bronze,1978-01-27,2023-08-28
CUS01745,Lobna Hassan,Female, 01141346763,lobna.hassan12@yahoo.com,Giza,Greater Cairo,Bronze,1981-10-07,2020-09-02
CUS02483,Ayman Mansour,Male,  01195425274  ,ayman.mansour43@yahoo.com,Port Said,Canal Zone,Gold,1977-05-23,2023-04-27
CUS02249,Nader Ibrahim,Male,"01137604821",nader.ibrahim48@outlook.com,Alexandria,Alexandria,Bronze,1981-11-07,2023-08-15
CUS02835,Tamer Sayed,Male,  01096665527  ,tamer.sayed66@gmail.com,Giza,Greater Cairo,Bronze,1981-11-10,2020-04-09
CUS01714,Osama Rizk,Male,"01287518631",osama.rizk41@yahoo.com,Giza,Greater Cairo,Bronze,1991-01-19,2023-12-19
CUS00308,Dina Ali,Female,"01226912191",dina.ali40@hotmail.com,Giza,Greater Cairo,Gold,1991-07-24,2021-01-01
CUS01912,Ali Amin,Male,  01217709878  ,"",Luxor,Upper Egypt,Gold,1995-11-16,2022-12-28
CUS00427,Ahmed Hassan,Male, 01121403835,ahmed.hassan21@hotmail.com,Giza,Greater Cairo,Bronze,1976-09-24,2022-08-05
CUS00490,Walid Sayed,Male,"01133260196",walid.sayed88@yahoo.com,Suez,Canal Zone,Silver,1986-05-20,2022-03-14
CUS01059,Adel Sayed,Male,"01099096950",adel.sayed20@gmail.com,Alexandria,Alexandria,Bronze,1970-02-07,2021-06-06
CUS00282,Mona Hassan,Female,"01150601849",mona.hassan6@yahoo.com,Giza,Greater Cairo,Bronze,1986-09-20,2022-03-17
CUS02275,Hoda Sayed,Female,"01043146793",hoda.sayed44@yahoo.com,Port Said,Canal Zone,Bronze,1978-04-20,2021-06-26
CUS00576,Samah Attia,Female,"01263915716 ",samah.attia15@outlook.com,Port Said,Canal Zone,Bronze,1970-08-21,2022-08-23
CUS01034,Osama Ragab,Male,"01226489417",osama.ragab2@outlook.com,Cairo,Greater Cairo,Bronze,1999-08-03,2023-03-25
CUS00301,Mohamed Gamal,Male,"01033449822","",Cairo,Greater Cairo,Bronze,1986-06-22,2023-02-20
CUS02178,Samah Salem,Female,"01023970985","",Mansoura,Nile Delta,Bronze,1980-10-12,2023-12-25
CUS01345,Hany Ahmed,Male,"01294378401",hany.ahmed52@yahoo.com,Zagazig,Nile Delta,Silver,1971-06-04,2022-06-25
CUS01538,Adel Khalil,Male,"01067639002",adel.khalil98@yahoo.com,Tanta,Nile Delta,Bronze,1991-04-22,2022-11-19
CUS01420,Ahmed Ibrahim,Male,"01214849141","",Port Said,Canal Zone,Bronze,2002-07-27,2022-03-06
CUS00584,Bassem Gouda,Male,"01156488499",bassem.gouda69@yahoo.com,Giza,Greater Cairo,Bronze,1970-06-11,2023-05-13
CUS02259,Essam Hassan,Male, 01243190318,essam.hassan51@yahoo.com,Giza,Greater Cairo,Bronze,1973-11-05,2023-05-14
CUS00206,Ghada Saad,Female,"01288406887 ",ghada.saad76@yahoo.com,Cairo,Greater Cairo,Platinum,1987-02-09,2022-11-23
CUS00527,Osama Gouda,Male,  01067904194  ,osama.gouda68@outlook.com,Giza,Greater Cairo,Bronze,1976-03-28,2023-06-05
CUS01512,Noha Sayed,Female, 01245822802,"",Tanta,Nile Delta,Platinum,1979-07-20,2020-01-14
CUS01755,Aisha Ismail,Female,"01163544468",aisha.ismail52@outlook.com,Ismailia,Canal Zone,Bronze,1994-04-02,2023-11-20
CUS02962,Maged Ibrahim,Male, 01238957666,maged.ibrahim8@hotmail.com,Giza,Greater Cairo,Silver,1984-06-22,2022-09-25
CUS00948,Fatima Hamdy,Female, 01158480371,fatima.hamdy59@hotmail.com,Suez,Canal Zone,Bronze,1978-02-26,2020-11-24
CUS00716,Hany Hafez,Male,"01260106447",hany.hafez74@hotmail.com,Port Said,Canal Zone,Platinum,2001-02-11,2023-12-25
CUS02257,Neveen Ismail,Female, 01294691154,neveen.ismail81@yahoo.com,Alexandria,Alexandria,Silver,2000-12-21,2022-10-24
CUS02716,Manar Ahmed,Female,"01021735402",manar.ahmed80@gmail.com,Giza,Greater Cairo,Silver,1996-10-14,2021-11-21
CUS00422,Eman Abdallah,Female,"01038182016",eman.abdallah48@hotmail.com,Hurghada,Red Sea,Bronze,1987-01-21,2020-12-18
CUS01779,Rana Khalil,Female,"01218107128","",Cairo,Greater Cairo,Gold,1995-08-19,2023-06-24
CUS02000,Bassem Farouk,Male,  01057005064  ,bassem.farouk92@yahoo.com,Giza,Greater Cairo,Silver,2002-02-04,2020-08-25
CUS01928,Dalia Younis,Female,  01057205157  ,dalia.younis35@outlook.com,Alexandria,Alexandria,Silver,2003-11-20,2023-04-12
CUS02165,Sara Farouk,Female,  01218124524  ,sara.farouk32@hotmail.com,Alexandria,Alexandria,Silver,1986-07-11,2022-07-07
CUS01545,Adel Badawi,Male, 01123658263,adel.badawi92@gmail.com,Ismailia,Canal Zone,Silver,1970-05-01,2022-12-16
CUS00506,Lobna Ibrahim,Female,"01251908052 ","",Cairo,Greater Cairo,Bronze,1985-09-20,2023-05-21
CUS00340,Tarek Ali,Male, 01133373562,tarek.ali32@yahoo.com,Cairo,Greater Cairo,Gold,1971-04-07,2021-01-06
CUS01464,Rania Lotfy,Female,"01126177844",rania.lotfy43@hotmail.com,Mansoura,Nile Delta,Silver,1984-12-07,2020-01-10
CUS00739,Eman Younis,Female,"01092988418",eman.younis31@yahoo.com,Giza,Greater Cairo,Bronze,1997-04-08,2020-09-19
CUS02678,Sherif Ismail,Male,"01226881045 ",sherif.ismail39@hotmail.com,Cairo,Greater Cairo,Bronze,2003-01-15,2023-06-01
CUS02461,Mariam Rizk,Female,  01274535451  ,mariam.rizk85@hotmail.com,Sharm El Sheikh,South Sinai,Bronze,1995-12-09,2020-10-26
CUS01847,Emad Mahmoud,Male,"01168115874 ","",Cairo,Greater Cairo,Bronze,1977-09-22,2023-12-08
CUS01514,Hassan Fathy,Male,"01097292994",hassan.fathy19@gmail.com,Cairo,Greater Cairo,Bronze,1992-11-13,2021-11-09
CUS00727,Tarek Rizk,Male,"01234898755",tarek.rizk39@yahoo.com,Cairo,Greater Cairo,Bronze,2000-02-26,2023-01-12
CUS00172,Karim Attia,Male,"01297050454",karim.attia15@outlook.com,Cairo,Greater Cairo,Silver,1975-05-11,2022-02-17
CUS01515,Dina Hassan,Female,"01028676706",dina.hassan46@outlook.com,Cairo,Greater Cairo,Silver,1970-06-19,2021-03-18
CUS01851,Ola Farouk,Female,  01249967372  ,ola.farouk78@gmail.com,Giza,Greater Cairo,Bronze,1971-09-21,2023-07-04
CUS00693,Nader Hamdy,Male,  01118472493  ,nader.hamdy89@yahoo.com,Alexandria,Alexandria,Silver,1978-06-19,2022-11-16
CUS02385,Suzy Ahmed,Female,"01267227618",suzy.ahmed79@gmail.com,Giza,Greater Cairo,Silver,1987-03-24,2021-08-14
CUS02014,Wael Badawi,Male,  01117030982  ,wael.badawi15@outlook.com,Cairo,Greater Cairo,Silver,1990-04-15,2022-06-22
CUS00029,Tamer Mansour,Male,"01298007006 ",tamer.mansour35@gmail.com,Alexandria,Alexandria,Silver,1972-09-26,2022-02-17
CUS00442,Yasmin Mohamed,Female,  01048939164  ,yasmin.mohamed92@yahoo.com,Ismailia,Canal Zone,Bronze,1994-08-19,2021-11-21
CUS01182,Yasmin Mahmoud,Female,"01244141277",yasmin.mahmoud15@yahoo.com,Giza,Greater Cairo,Silver,2002-09-08,2020-05-25
CUS00940,Aisha Ibrahim,Female,  01160922531  ,aisha.ibrahim86@outlook.com,Alexandria,Alexandria,Silver,2003-07-15,2023-02-01
CUS02425,Ahmed Badawi,Male,  01034667121  ,ahmed.badawi41@hotmail.com,Giza,Greater Cairo,Bronze,1980-06-11,2020-02-07
CUS00823,Hazem Fathy,Male,"01177200602",hazem.fathy2@gmail.com,Giza,Greater Cairo,Bronze,1990-07-04,2021-04-27
CUS00990,Dalia Mansour,Female, 01181354003,dalia.mansour5@yahoo.com,Aswan,Upper Egypt,Gold,1993-11-02,2020-02-23
CUS01165,Tarek Mostafa,Male,"01264243868",tarek.mostafa55@gmail.com,Cairo,Greater Cairo,Gold,1988-05-27,2021-10-28
CUS01108,Sherif Mansour,Male,  01293464229  ,sherif.mansour89@outlook.com,Zagazig,Nile Delta,Bronze,1996-02-04,2021-01-16
CUS00662,Shaimaa Nasser,Female,"01065819457",shaimaa.nasser63@hotmail.com,Ismailia,Canal Zone,Bronze,1987-07-23,2020-11-23
CUS01889,Nour Ahmed,Female, 01184582694,nour.ahmed47@outlook.com,Zagazig,Nile Delta,Platinum,1991-05-12,2021-02-14
CUS02922,Reham Fathy,Female,  01116226009  ,reham.fathy73@hotmail.com,Tanta,Nile Delta,Silver,1984-02-04,2021-02-04
CUS02299,Mona Saad,Female,"01045575177",mona.saad43@gmail.com,Cairo,Greater Cairo,Bronze,1981-07-27,2022-05-25
CUS00690,Yasmin Shaaban,Female,  01233190132  ,"",Cairo,Greater Cairo,Bronze,1993-01-14,2023-03-09
CUS01459,Ibrahim Badawi,Male,"01154918084",ibrahim.badawi67@hotmail.com,Cairo,Greater Cairo,Silver,1995-11-02,2023-05-19
CUS00646,Samah Rizk,Female,"01158924311",samah.rizk89@yahoo.com,Suez,Canal Zone,Silver,1993-05-14,2022-12-08
CUS01542,Osama Amin,Male,"01282015813",osama.amin65@hotmail.com,Cairo,Greater Cairo,Bronze,1974-11-09,2023-05-04
CUS02443,Fatima Nasser,Female,"01254886176",fatima.nasser95@outlook.com,Hurghada,Red Sea,Bronze,1998-09-06,2020-05-03
CUS01336,Ayman Fathy,Male,  01183068652  ,ayman.fathy91@gmail.com,Mansoura,Nile Delta,Bronze,1983-01-03,2020-01-28
CUS01754,Omar Lotfy,Male,"01036286037","",Cairo,Greater Cairo,Gold,1983-02-13,2020-06-25
CUS01969,Aisha Younis,Female, 01094423779,aisha.younis96@outlook.com,Giza,Greater Cairo,Silver,1995-01-03,2022-03-02
CUS02232,Hazem Mostafa,Male,"01261415291 ",hazem.mostafa77@outlook.com,Cairo,Greater Cairo,Silver,1981-01-14,2021-08-14
CUS00797,Ola Sayed,Female, 01042867782,ola.sayed69@hotmail.com,Port Said,Canal Zone,Platinum,1994-08-20,2023-04-14
CUS02129,Nader Ragab,Male,"01159855194",nader.ragab9@yahoo.com,Suez,Canal Zone,Silver,1982-03-05,2020-03-21
CUS01849,Neveen Rizk,Female,"01077060632",neveen.rizk53@yahoo.com,Suez,Canal Zone,Bronze,1980-02-20,2023-06-19
CUS01241,Yasmin Lotfy,Female, 01182090202,yasmin.lotfy52@yahoo.com,Luxor,Upper Egypt,Bronze,1994-02-04,2021-11-04
CUS02517,Ibrahim Mostafa,Male, 01273421110,ibrahim.mostafa30@gmail.com,Cairo,Greater Cairo,Bronze,1972-02-26,2020-03-13
CUS00256,Manar Mostafa,Female,"01147382097",manar.mostafa83@outlook.com,Alexandria,Alexandria,Silver,1984-07-24,2022-08-22
CUS00925,Ola Farouk,Female,  01267109058  ,ola.farouk98@outlook.com,Giza,Greater Cairo,Silver,1973-01-23,2023-08-23
CUS00540,Ashraf Farouk,Male,"01224806311",ashraf.farouk3@gmail.com,Cairo,Greater Cairo,Silver,1980-09-07,2023-02-25
CUS00824,Heba Hafez,Female,"01090154379",heba.hafez82@outlook.com,Giza,Greater Cairo,Gold,1996-02-18,2022-12-10
CUS00653,Nour Ahmed,Female,  01081017414  ,nour.ahmed73@hotmail.com,Alexandria,Alexandria,Silver,1993-02-06,2020-03-07
CUS01156,Samir Ramadan,Male,  01172889571  ,"",Zagazig,Nile Delta,Silver,1993-05-14,2021-01-27
CUS01389,Ali Ismail,Male,"01023839095",ali.ismail15@outlook.com,Ismailia,Canal Zone,Bronze,1972-10-21,2023-09-09
CUS00235,Samir Attia,Male, 01281848989,samir.attia86@yahoo.com,Cairo,Greater Cairo,Bronze,1980-10-06,2021-04-04
CUS00076,Hassan Wahba,Male,"01044345256",hassan.wahba7@gmail.com,Zagazig,Nile Delta,Bronze,1974-12-24,2021-01-28
CUS00596,Khaled Salem,Male,  01240590640  ,khaled.salem34@hotmail.com,Alexandria,Alexandria,Gold,1988-07-09,2023-08-20
CUS02110,Salma Hafez,Female,"01291640859",salma.hafez37@outlook.com,Ismailia,Canal Zone,Silver,1974-12-07,2020-05-05
CUS02849,Walid Salem,Male, 01246207497,walid.salem65@outlook.com,Alexandria,Alexandria,Gold,1979-06-23,2020-02-15
CUS02142,Ashraf Saad,Male,"01221394849 ",ashraf.saad66@yahoo.com,Alexandria,Alexandria,Silver,1975-04-13,2021-12-26
CUS01213,Hazem Ali,Male,  01070969959  ,hazem.ali71@yahoo.com,Cairo,Greater Cairo,Silver,2003-11-28,2022-05-27
CUS02980,Radwa Bakr,Female,  01229113941  ,radwa.bakr79@yahoo.com,Ismailia,Canal Zone,Gold,1989-12-09,2020-03-11
CUS00682,Emad Mahmoud,Male,"01252763636",emad.mahmoud98@gmail.com,Cairo,Greater Cairo,Bronze,1998-11-03,2021-02-06
CUS01149,Bassem Badawi,Male, 01225890596,bassem.badawi96@yahoo.com,Luxor,Upper Egypt,Silver,1992-02-14,2020-06-02
CUS01983,Reem Abdallah,Female,"01157952384",reem.abdallah22@outlook.com,Giza,Greater Cairo,Gold,1985-02-27,2022-10-03
CUS02369,Emad Ramadan,Male,"01110745899","",Giza,Greater Cairo,Bronze,1992-05-17,2022-12-14
CUS00607,Walid Ahmed,Male,"01071322699",walid.ahmed92@hotmail.com,Cairo,Greater Cairo,Bronze,1996-06-21,2022-06-01
CUS02050,Lobna Shaaban,Female,  01074348569  ,lobna.shaaban31@hotmail.com,Cairo,Greater Cairo,Bronze,1993-09-14,2022-07-21
CUS01535,Ramy Ragab,Male,"01230610994",ramy.ragab46@hotmail.com,Giza,Greater Cairo,Gold,1998-12-21,2021-09-08
CUS00642,Bassem Ismail,Male,"01155231541",bassem.ismail42@gmail.com,Giza,Greater Cairo,Bronze,1986-12-16,2020-04-19
CUS00973,Bassem Shaaban,Male,"01092713862",bassem.shaaban59@hotmail.com,Zagazig,Nile Delta,Silver,1998-04-26,2023-06-28
CUS01355,Tamer Sayed,Male, 01269677601,tamer.sayed77@gmail.com,Alexandria,Alexandria,Bronze,1984-11-20,2022-06-18
CUS00207,Ahmed Hassan,Male,  01080499776  ,ahmed.hassan25@gmail.com,Cairo,Greater Cairo,Bronze,1974-01-14,2020-10-03
CUS01864,Nadia Mohamed,Female,"01228945147 ",nadia.mohamed75@outlook.com,Alexandria,Alexandria,Gold,1990-02-02,2021-04-10
CUS02089,Karim Rizk,Male,"01138424694 ",karim.rizk28@yahoo.com,Aswan,Upper Egypt,Bronze,1991-03-28,2022-08-02
CUS00792,Reem Fathy,Female,  01043837801  ,reem.fathy8@outlook.com,Alexandria,Alexandria,Bronze,2001-05-14,2022-04-14
CUS00338,Dalia Hafez,Female,  01154106502  ,"",Tanta,Nile Delta,Bronze,1991-10-10,2021-01-21
CUS00816,Noha Gouda,Female,"01060746101",noha.gouda32@yahoo.com,Alexandria,Alexandria,Bronze,2001-04-17,2020-03-23
CUS01982,Yasmin Rizk,Female,  01172695253  ,yasmin.rizk88@yahoo.com,Hurghada,Red Sea,Bronze,1995-10-06,2020-02-17
CUS00703,Yasmin Abdallah,Female,"01195138411",yasmin.abdallah86@outlook.com,Giza,Greater Cairo,Silver,2002-06-11,2020-01-07
CUS02042,Nader Rizk,Male,"01127082399 ",nader.rizk72@gmail.com,Alexandria,Alexandria,Bronze,1998-07-03,2022-08-04
CUS00601,Hoda Attia,Female,"01052796441",hoda.attia61@yahoo.com,Cairo,Greater Cairo,Bronze,1976-09-26,2020-09-19
CUS00460,Ahmed Salem,Male,"01220572666",ahmed.salem82@hotmail.com,Cairo,Greater Cairo,Gold,1971-10-23,2021-04-21
CUS01216,Zeinab Ismail,Female,"01053763511",zeinab.ismail43@outlook.com,Cairo,Greater Cairo,Bronze,1986-05-09,2020-02-06
CUS02808,Ramy Ali,Male,"01225235645",ramy.ali33@hotmail.com,Cairo,Greater Cairo,Bronze,1995-10-13,2022-03-07
CUS01437,Yasmin Abdallah,Female,"01223416165",yasmin.abdallah68@gmail.com,Giza,Greater Cairo,Gold,1996-08-08,2022-09-12
CUS00322,Shaimaa Ragab,Female, 01277166896,shaimaa.ragab32@outlook.com,Tanta,Nile Delta,Gold,1998-02-28,2023-01-01
CUS01476,Amr Ali,Male,"01161218112 ",amr.ali22@hotmail.com,Mansoura,Nile Delta,Bronze,1981-04-16,2021-04-18
CUS01428,Maged Ismail,Male,"01236326944",maged.ismail63@yahoo.com,Port Said,Canal Zone,Silver,1987-03-25,2022-05-21
CUS01767,Aisha Ismail,Female,"01291142579",aisha.ismail70@gmail.com,Zagazig,Nile Delta,Gold,1986-01-25,2020-04-14
CUS00643,Samir Mansour,Male,  01036658273  ,samir.mansour34@yahoo.com,Cairo,Greater Cairo,Bronze,1995-10-23,2022-09-12
CUS01603,Ali Younis,Male,"01063761226",ali.younis95@outlook.com,Cairo,Greater Cairo,Gold,1981-11-08,2023-06-26
CUS01236,Manar Ahmed,Female,  01048259629  ,"",Giza,Greater Cairo,Bronze,2001-08-01,2022-06-10
CUS00479,Nader Ahmed,Male,"01016594707",nader.ahmed52@yahoo.com,Ismailia,Canal Zone,Bronze,1998-05-12,2022-09-20
CUS02323,Tarek Ragab,Male,  01016544576  ,tarek.ragab26@yahoo.com,Mansoura,Nile Delta,Gold,1996-05-01,2022-03-01
CUS00171,Nour Barakat,Female,  01270625891  ,nour.barakat90@yahoo.com,Tanta,Nile Delta,Bronze,1979-08-27,2023-07-11
CUS01622,Osama Ahmed,Male, 01155233421,osama.ahmed5@gmail.com,Cairo,Greater Cairo,Bronze,1978-06-27,2021-10-28
CUS00683,Wael Mahmoud,Male,"01055786338",wael.mahmoud59@hotmail.com,Cairo,Greater Cairo,Bronze,1974-01-24,2020-10-04
CUS00424,Hana Badawi,Female,"01088069593",hana.badawi94@outlook.com,Alexandria,Alexandria,Bronze,1984-06-09,2022-03-16
CUS01610,Hoda Mostafa,Female,"01158042204",hoda.mostafa30@yahoo.com,Alexandria,Alexandria,Bronze,1991-12-16,2021-05-14
CUS01804,Engy Mahmoud,Female, 01069735019,engy.mahmoud52@hotmail.com,Giza,Greater Cairo,Bronze,2003-09-17,2021-09-02
CUS02116,Rania Sayed,Female,"01237423200","",Cairo,Greater Cairo,Bronze,1973-03-13,2021-04-23
CUS00860,Emad Shaaban,Male, 01223838198,emad.shaaban42@yahoo.com,Cairo,Greater Cairo,Bronze,1984-04-18,2022-12-16
CUS02864,Rana Zaki,Female,"01077404022",rana.zaki61@hotmail.com,Alexandria,Alexandria,Bronze,1971-11-06,2020-05-11
CUS02949,Adel Mahmoud,Male,  01280910930  ,"",Giza,Greater Cairo,Bronze,1977-02-12,2021-10-09
CUS01834,Fady Ismail,Male,"01180650419",fady.ismail32@hotmail.com,Zagazig,Nile Delta,Silver,1990-02-03,2022-06-08
CUS02477,Shaimaa Zaki,Female,"01125440655",shaimaa.zaki87@outlook.com,Cairo,Greater Cairo,Silver,1986-11-20,2021-11-09
CUS01062,Zeinab Amin,Female,"01133916938",zeinab.amin90@outlook.com,Ismailia,Canal Zone,Platinum,1989-06-22,2023-06-23
CUS01830,Omar Saad,Male, 01178718631,omar.saad82@outlook.com,Giza,Greater Cairo,Silver,1971-09-26,2023-10-25
CUS01676,Nader Younis,Male,"01053752963",nader.younis64@gmail.com,Giza,Greater Cairo,Silver,1993-10-06,2020-11-07
CUS00487,Ola Younis,Female,"01229747600",ola.younis86@yahoo.com,Cairo,Greater Cairo,Bronze,1977-01-16,2022-08-10
CUS00219,Hassan Younis,Male, 01127031212,hassan.younis23@gmail.com,Mansoura,Nile Delta,Silver,1996-12-26,2021-12-16
CUS02357,Osama Saad,Male, 01152031583,osama.saad2@hotmail.com,Suez,Canal Zone,Silver,1995-03-10,2021-06-11
CUS01468,Osama Bakr,Male,"01139209542",osama.bakr61@outlook.com,Giza,Greater Cairo,Silver,1984-02-11,2022-10-02
CUS01565,Salma Ismail,Female,  01250002590  ,"",Aswan,Upper Egypt,Gold,1993-09-08,2022-08-08
CUS02217,Youssef Hamdy,Male,"01276130681",youssef.hamdy44@outlook.com,Aswan,Upper Egypt,Bronze,1972-09-13,2021-06-18
CUS01678,Dalia Ali,Female,  01034365090  ,dalia.ali49@gmail.com,Giza,Greater Cairo,Bronze,1976-06-22,2020-09-07
CUS02203,Emad Nasser,Male, 01081083359,"",Giza,Greater Cairo,Silver,1999-07-07,2020-07-25
CUS00927,Fatima Sayed,Female,"01174585618",fatima.sayed23@hotmail.com,Cairo,Greater Cairo,Bronze,2000-10-17,2023-01-26
CUS00534,Doha Khalil,Female,"01194640912",doha.khalil5@outlook.com,Alexandria,Alexandria,Silver,2002-06-09,2020-12-26
CUS01135,Engy Ragab,Female, 01193690835,engy.ragab8@yahoo.com,Tanta,Nile Delta,Bronze,1998-09-28,2022-01-02
CUS01037,Khaled Younis,Male,"01165510726",khaled.younis14@outlook.com,Giza,Greater Cairo,Bronze,1973-06-02,2023-06-27
CUS01544,Ola Fathy,Female,"01223115897",ola.fathy68@hotmail.com,Cairo,Greater Cairo,Bronze,1989-08-12,2020-04-14
CUS02227,Noha Lotfy,Female, 01042841930,noha.lotfy54@hotmail.com,Giza,Greater Cairo,Bronze,1970-10-05,2023-12-28
CUS01400,Emad Mohamed,Male,  01130446613  ,emad.mohamed87@outlook.com,Tanta,Nile Delta,Bronze,1971-10-23,2022-04-25
CUS01279,Suzy Abdallah,Female,  01246067815  ,suzy.abdallah39@hotmail.com,Cairo,Greater Cairo,Bronze,1987-06-05,2020-08-07
CUS01454,Samir Lotfy,Male,  01161172286  ,"",Alexandria,Alexandria,Bronze,1974-05-10,2020-02-26
CUS00032,Shaimaa Sayed,Female,"01176038997",shaimaa.sayed6@yahoo.com,Cairo,Greater Cairo,Bronze,1983-09-08,2023-12-12
CUS00273,Wael Rizk,Male,"01258701586",wael.rizk57@outlook.com,Luxor,Upper Egypt,Bronze,1994-05-21,2020-07-09
CUS02637,Khaled Rizk,Male,  01282041503  ,khaled.rizk32@hotmail.com,Ismailia,Canal Zone,Silver,1993-03-10,2020-08-14
CUS01414,Ramy Mohamed,Male,  01195883279  ,ramy.mohamed55@outlook.com,Cairo,Greater Cairo,Gold,1975-12-21,2023-08-17
CUS02793,Mahmoud Badawi,Male, 01176988422,mahmoud.badawi17@gmail.com,Alexandria,Alexandria,Gold,1977-02-20,2020-02-05
CUS02484,Sherif Younis,Male,"01075866125",sherif.younis75@yahoo.com,Cairo,Greater Cairo,Silver,1980-09-20,2020-10-26
CUS01937,Hussein Ragab,Male, 01282089297,hussein.ragab75@hotmail.com,Cairo,Greater Cairo,Silver,1994-08-01,2022-02-02
CUS02911,Mohamed Fathy,Male,"01059097424",mohamed.fathy77@gmail.com,Cairo,Greater Cairo,Gold,1977-03-03,2020-03-10
CUS02453,Shaimaa Hafez,Female,  01017338859  ,shaimaa.hafez17@outlook.com,Alexandria,Alexandria,Bronze,1989-12-08,2022-11-23
CUS00213,Dina Hamdy,Female,"01148917593",dina.hamdy25@hotmail.com,Mansoura,Nile Delta,Silver,1991-02-27,2023-02-21
CUS01229,Essam Hamdy,Male,"01192636112 ",essam.hamdy62@yahoo.com,Ismailia,Canal Zone,Bronze,1985-11-01,2022-01-10
CUS00872,Sherif Mansour,Male,  01018444387  ,sherif.mansour81@hotmail.com,Cairo,Greater Cairo,Silver,1976-12-05,2020-01-13
CUS02421,Samir Wahba,Male, 01285640452,samir.wahba29@hotmail.com,Cairo,Greater Cairo,Silver,1988-04-28,2023-01-23
CUS02363,Tamer Sayed,Male,"01170232336",tamer.sayed62@yahoo.com,Giza,Greater Cairo,Gold,1995-03-27,2021-06-26
CUS01081,Ibrahim Barakat,Male, 01036983030,ibrahim.barakat55@gmail.com,Hurghada,Red Sea,Gold,1983-07-03,2023-09-18
CUS01534,Emad Shaaban,Male, 01094439916,emad.shaaban39@gmail.com,Cairo,Greater Cairo,Bronze,1978-08-05,2020-10-23
CUS01318,Mohamed Bakr,Male,  01222828052  ,mohamed.bakr5@gmail.com,Zagazig,Nile Delta,Bronze,1978-03-10,2022-02-09
CUS02460,Lobna Farouk,Female, 01251484355,lobna.farouk64@hotmail.com,Giza,Greater Cairo,Gold,1984-12-05,2020-05-28
CUS02728,Mona Khalil,Female,"01080225784",mona.khalil75@yahoo.com,Cairo,Greater Cairo,Silver,1994-01-24,2020-12-17
CUS02646,Youssef Zaki,Male, 01139079617,youssef.zaki91@outlook.com,Giza,Greater Cairo,Silver,1979-11-18,2021-09-19
CUS00782,Doha Amin,Female,  01149386369  ,doha.amin18@hotmail.com,Alexandria,Alexandria,Bronze,1989-09-27,2023-03-09
CUS00289,Manar Mahmoud,Female, 01164008708,manar.mahmoud63@outlook.com,Giza,Greater Cairo,Bronze,1971-04-06,2022-11-20
CUS02133,Neveen Gamal,Female,  01130120034  ,neveen.gamal27@hotmail.com,Alexandria,Alexandria,Bronze,1984-07-01,2023-08-12
CUS01504,Hany Wahba,Male,"01121017493",hany.wahba53@hotmail.com,Giza,Greater Cairo,Bronze,2000-11-08,2023-08-10
CUS01226,Sara Nasser,Female,"01079335025",sara.nasser70@outlook.com,Mansoura,Nile Delta,Silver,1989-02-01,2021-01-19
CUS01188,Magdy Ali,Male,"01045202115","",Cairo,Greater Cairo,Bronze,1978-07-13,2022-07-07
CUS01256,Dalia Shaaban,Female,"01116600294",dalia.shaaban61@gmail.com,Giza,Greater Cairo,Bronze,1970-06-22,2022-04-28
CUS02401,Engy Nasser,Female,"01274568678",engy.nasser1@gmail.com,Giza,Greater Cairo,Bronze,1999-04-08,2022-10-06
CUS00248,Mohamed Gouda,Male,"01128658140",mohamed.gouda44@yahoo.com,Ismailia,Canal Zone,Gold,1992-05-23,2022-01-24
CUS00656,Rania Ibrahim,Female,"01042138616","",Cairo,Greater Cairo,Gold,1991-04-12,2020-08-26
CUS02669,Akram Amin,Male, 01242449738,akram.amin98@hotmail.com,Zagazig,Nile Delta,Bronze,1998-04-04,2022-10-23
CUS02632,Mona Zaki,Female,  01060684249  ,"",Tanta,Nile Delta,Bronze,1992-05-17,2021-06-17
CUS02909,Maged Sayed,Male,  01046290952  ,maged.sayed24@hotmail.com,Giza,Greater Cairo,Bronze,1998-03-21,2021-05-25
CUS01657,Radwa Wahba,Female, 01139871880,radwa.wahba4@hotmail.com,Alexandria,Alexandria,Gold,1977-02-03,2023-08-03
CUS02382,Nour Abdallah,Female,"01221482568 ",nour.abdallah82@hotmail.com,Luxor,Upper Egypt,Bronze,1993-12-01,2023-06-05
CUS01570,Manar Attia,Female,"01011260296 ",manar.attia92@outlook.com,Giza,Greater Cairo,Silver,1999-11-14,2021-02-21
CUS02945,Amr Attia,Male,"01181711841",amr.attia99@hotmail.com,Zagazig,Nile Delta,Bronze,1994-07-11,2023-12-10
CUS01091,Ayman Ramadan,Male,"01122003127",ayman.ramadan3@outlook.com,Port Said,Canal Zone,Bronze,1983-04-27,2020-11-11
CUS00658,Ayman Shaaban,Male,"01113198965",ayman.shaaban64@hotmail.com,Giza,Greater Cairo,Bronze,1997-07-03,2020-09-27
CUS01564,Manar Abdallah,Female,  01028870433  ,manar.abdallah71@outlook.com,Cairo,Greater Cairo,Bronze,1991-03-13,2022-05-17
CUS01766,Emad Abdallah,Male,"01269729673",emad.abdallah69@hotmail.com,Giza,Greater Cairo,Gold,1976-11-28,2020-10-11
CUS01232,Maged Ali,Male,"01049449705",maged.ali78@gmail.com,Cairo,Greater Cairo,Bronze,1982-05-24,2022-08-14
CUS02163,Yasmin Bakr,Female,"01291006265",yasmin.bakr14@gmail.com,Giza,Greater Cairo,Bronze,1978-12-14,2020-06-24
CUS02096,Yasmin Ibrahim,Female,  01294399594  ,yasmin.ibrahim35@outlook.com,Hurghada,Red Sea,Bronze,2003-08-20,2020-06-19
CUS01265,Tarek Wahba,Male,"01128484479 ",tarek.wahba21@gmail.com,Cairo,Greater Cairo,Bronze,1980-07-15,2020-04-23
CUS01996,Hana Abdallah,Female, 01088448668,hana.abdallah34@hotmail.com,Mansoura,Nile Delta,Silver,1993-01-21,2021-08-18
CUS00141,Adel Ismail,Male,"01239231043","",Ismailia,Canal Zone,Bronze,1993-01-28,2022-10-04
CUS01608,Nour Saad,Female,"01250151738",nour.saad21@hotmail.com,Hurghada,Red Sea,Bronze,1979-03-21,2022-02-05
CUS02687,Amira Ramadan,Female,"01153117599",amira.ramadan59@yahoo.com,Cairo,Greater Cairo,Bronze,1981-10-05,2021-12-10
CUS02855,Hany Saad,Male, 01215604302,"",Cairo,Greater Cairo,Bronze,1996-02-12,2021-10-05
CUS01638,Omar Ali,Male,"01021756011",omar.ali52@hotmail.com,Cairo,Greater Cairo,Bronze,1992-08-13,2022-07-26
CUS02324,Amr Lotfy,Male,"01020369912",amr.lotfy30@yahoo.com,Giza,Greater Cairo,Bronze,1973-11-19,2020-07-04
CUS01585,Hazem Hassan,Male,"01120546948",hazem.hassan11@yahoo.com,Ismailia,Canal Zone,Bronze,2000-01-01,2020-03-22
CUS01954,Hossam Fathy,Male, 01197280272,"",Zagazig,Nile Delta,Bronze,1978-02-02,2021-04-23
CUS00530,Akram Barakat,Male, 01161548700,akram.barakat95@yahoo.com,Luxor,Upper Egypt,Silver,2002-07-10,2023-09-09
CUS00637,Hossam Farouk,Male,"01075479724",hossam.farouk86@outlook.com,Alexandria,Alexandria,Silver,1997-11-09,2020-10-04
CUS01737,Fady Saad,Male,"01075523712 ",fady.saad11@yahoo.com,Giza,Greater Cairo,Platinum,1980-07-09,2020-04-28
CUS02305,Ali Wahba,Male,"01011777607 ",ali.wahba40@gmail.com,Port Said,Canal Zone,Bronze,1987-11-17,2021-11-20
CUS02167,Karim Khalil,Male,  01072275316  ,karim.khalil99@yahoo.com,Mansoura,Nile Delta,Platinum,1987-11-24,2023-10-15
CUS00309,Osama Amin,Male,"01224823261",osama.amin16@gmail.com,Hurghada,Red Sea,Silver,1989-12-14,2020-08-10
CUS02418,Sara Ramadan,Female,"01156603072",sara.ramadan7@yahoo.com,Cairo,Greater Cairo,Bronze,1996-03-19,2022-04-28
CUS00809,Ghada Mohamed,Female,"01099238969","",Giza,Greater Cairo,Silver,1972-01-25,2021-12-26
CUS01832,Samah Salem,Female,"01172164834",samah.salem87@hotmail.com,Mansoura,Nile Delta,Bronze,1989-03-14,2022-09-16
CUS02757,Amr Ibrahim,Male,  01069675299  ,amr.ibrahim56@outlook.com,Alexandria,Alexandria,Platinum,1977-10-11,2023-11-14
CUS02051,Samir Lotfy,Male,"01265446571",samir.lotfy43@hotmail.com,Giza,Greater Cairo,Bronze,1992-11-26,2023-12-07
CUS01819,Tamer Ahmed,Male,"01226434846 ",tamer.ahmed72@gmail.com,Mansoura,Nile Delta,Silver,1983-07-01,2022-05-24
CUS02562,Hazem Ragab,Male,"01167957234",hazem.ragab30@gmail.com,Tanta,Nile Delta,Bronze,1976-11-03,2023-08-18
CUS00387,Mona Bakr,Female,"01046702178",mona.bakr64@hotmail.com,Giza,Greater Cairo,Bronze,1989-09-23,2023-01-26
CUS00199,Essam Mahmoud,Male,"01247503167","",Suez,Canal Zone,Silver,1979-12-24,2023-11-24
CUS00492,Dalia Mohamed,Female,"01092571893",dalia.mohamed80@hotmail.com,Mansoura,Nile Delta,Bronze,1971-07-03,2020-07-05
CUS01399,Radwa Mostafa,Female,"01191861257 ",radwa.mostafa38@gmail.com,Mansoura,Nile Delta,Bronze,2000-02-13,2023-09-28
CUS02912,Reham Mansour,Female,"01197436298",reham.mansour75@gmail.com,Cairo,Greater Cairo,Gold,2000-03-09,2022-03-27
CUS00021,Mariam Salem,Female,"01091915661",mariam.salem20@outlook.com,Mansoura,Nile Delta,Gold,1974-09-19,2023-04-03
CUS02964,Zeinab Gouda,Female,"01273366381",zeinab.gouda18@gmail.com,Ismailia,Canal Zone,Bronze,1988-03-22,2023-12-12
CUS01099,Tamer Fathy,Male,"01078331604",tamer.fathy15@yahoo.com,Hurghada,Red Sea,Silver,1996-04-14,2022-04-01
CUS02666,Akram Gouda,Male,"01252465147","",Giza,Greater Cairo,Bronze,1999-07-10,2023-11-11
CUS02374,Ashraf Wahba,Male,"01189686990 ",ashraf.wahba98@yahoo.com,Giza,Greater Cairo,Bronze,1986-05-09,2022-11-10
CUS01707,Tarek Badawi,Male,"01096988751",tarek.badawi9@gmail.com,Mansoura,Nile Delta,Bronze,1994-08-23,2020-10-01
CUS00994,Tarek Lotfy,Male,  01134390563  ,tarek.lotfy36@yahoo.com,Alexandria,Alexandria,Silver,1995-05-28,2021-06-25
CUS00295,Walid Zaki,Male,  01035609022  ,walid.zaki27@outlook.com,Cairo,Greater Cairo,Bronze,1975-03-05,2021-11-08
CUS02212,Essam Abdallah,Male,"01161532911",essam.abdallah6@yahoo.com,Hurghada,Red Sea,Bronze,1991-07-02,2023-10-01
CUS01495,Ola Ismail,Female,"01173241319",ola.ismail8@gmail.com,Mansoura,Nile Delta,Bronze,1989-02-03,2020-10-28
CUS02548,Hazem Badawi,Male,"01096025578",hazem.badawi81@gmail.com,Giza,Greater Cairo,Bronze,1994-12-18,2020-08-26
CUS02204,Hussein Saad,Male,  01046470794  ,hussein.saad16@gmail.com,Cairo,Greater Cairo,Bronze,1989-01-01,2023-05-25
CUS01291,Hussein Mansour,Male,  01290883259  ,hussein.mansour70@gmail.com,Giza,Greater Cairo,Silver,1977-11-26,2021-10-21
CUS01718,Samir Gouda,Male,"01247586447 ",samir.gouda59@gmail.com,Tanta,Nile Delta,Gold,1986-10-24,2023-12-18
CUS00893,Manar Fathy,Female,  01193605083  ,manar.fathy48@hotmail.com,Aswan,Upper Egypt,Bronze,1998-06-14,2023-03-08
CUS01722,Tamer Saad,Male,"01174225466",tamer.saad16@gmail.com,Cairo,Greater Cairo,Gold,2003-05-26,2022-07-18
CUS00399,Youssef Ragab,Male,  01160860721  ,youssef.ragab15@outlook.com,Zagazig,Nile Delta,Bronze,1979-06-26,2020-06-21
CUS00432,Hassan Bakr,Male, 01157326346,hassan.bakr82@hotmail.com,Hurghada,Red Sea,Bronze,1978-03-25,2021-11-08
CUS02338,Lobna Ramadan,Female,"01023227092",lobna.ramadan2@outlook.com,Giza,Greater Cairo,Gold,1986-06-07,2020-06-21
CUS01942,Hassan Badawi,Male,"01047070243 ",hassan.badawi44@hotmail.com,Giza,Greater Cairo,Silver,1985-11-10,2023-11-02
CUS00251,Emad Gamal,Male, 01292269619,emad.gamal2@yahoo.com,Giza,Greater Cairo,Gold,1992-03-28,2021-05-06
CUS01183,Ayman Fathy,Male,"01041471125",ayman.fathy13@hotmail.com,Mansoura,Nile Delta,Bronze,1994-10-07,2020-03-11
CUS00594,Wael Gouda,Male,"01196172555",wael.gouda97@hotmail.com,Giza,Greater Cairo,Bronze,1983-05-04,2022-05-23
CUS00827,Magdy Saad,Male, 01022378195,magdy.saad17@outlook.com,Giza,Greater Cairo,Bronze,1991-06-14,2020-06-21
CUS01941,Fady Younis,Male,"01026567920",fady.younis91@yahoo.com,Cairo,Greater Cairo,Silver,1996-03-01,2021-11-08
CUS02933,Nour Ibrahim,Female,"01194519537",nour.ibrahim70@gmail.com,Cairo,Greater Cairo,Silver,2002-04-05,2023-02-01
CUS00482,Reem Khalil,Female, 01035144941,reem.khalil55@hotmail.com,Tanta,Nile Delta,Gold,1990-11-03,2020-03-09
CUS01402,Ibrahim Mahmoud,Male,  01222909427  ,ibrahim.mahmoud2@gmail.com,Cairo,Greater Cairo,Bronze,1991-01-24,2020-03-13
CUS00042,Yasmin Ismail,Female,  01075825262  ,"",Alexandria,Alexandria,Gold,2001-09-10,2023-01-11
CUS02197,Maged Ali,Male,"01087299150",maged.ali50@hotmail.com,Alexandria,Alexandria,Silver,1987-10-20,2023-08-08
CUS01383,Karim Ragab,Male, 01267222186,karim.ragab20@gmail.com,Ismailia,Canal Zone,Silver,1984-11-05,2020-12-22
CUS00552,Hussein Attia,Male,"01272907057",hussein.attia45@gmail.com,Luxor,Upper Egypt,Gold,1991-02-02,2021-05-10
CUS02253,Tarek Salem,Male,"01160970288",tarek.salem98@gmail.com,Mansoura,Nile Delta,Bronze,1993-06-18,2020-11-16
CUS01388,Ramy Shaaban,Male,"01038665803","",Cairo,Greater Cairo,Bronze,1994-09-11,2021-08-10
CUS02081,Osama Ahmed,Male, 01213387634,osama.ahmed70@gmail.com,Cairo,Greater Cairo,Platinum,1998-12-22,2020-02-04
CUS02898,Samah Ramadan,Female,"01255345476",samah.ramadan15@yahoo.com,Giza,Greater Cairo,Gold,1988-12-21,2022-01-21
CUS01442,Ayman Salem,Male,"01277567852","",Cairo,Greater Cairo,Gold,1975-12-02,2021-07-19
CUS02412,Hossam Ramadan,Male,"01156689416",hossam.ramadan1@outlook.com,Cairo,Greater Cairo,Bronze,1970-02-23,2023-09-09
CUS02502,Yasmin Saad,Female,"01022885366",yasmin.saad74@outlook.com,Hurghada,Red Sea,Silver,1985-05-23,2022-07-06
CUS01342,Dina Ali,Female,"01098264438",dina.ali32@yahoo.com,Alexandria,Alexandria,Gold,2001-05-20,2020-06-10
CUS01384,Emad Abdallah,Male, 01237318709,emad.abdallah74@outlook.com,Cairo,Greater Cairo,Gold,1994-05-25,2020-09-06
CUS02379,Magdy Zaki,Male,"01168053270 ",magdy.zaki11@gmail.com,Giza,Greater Cairo,Bronze,1998-07-26,2021-06-06
CUS02122,Radwa Rizk,Female,  01210792562  ,radwa.rizk20@outlook.com,Alexandria,Alexandria,Bronze,1990-03-08,2023-09-12
CUS00356,Lobna Ibrahim,Female,"01226271298",lobna.ibrahim42@outlook.com,Mansoura,Nile Delta,Bronze,1983-08-14,2023-03-09
CUS02929,Samir Zaki,Male,"01093453652",samir.zaki37@gmail.com,Zagazig,Nile Delta,Bronze,1996-05-26,2020-04-14
CUS00821,Ramy Ismail,Male,"01126398778 ","",Hurghada,Red Sea,Bronze,2003-05-19,2020-12-20
CUS02499,Engy Fathy,Female, 01187477887,engy.fathy79@hotmail.com,Ismailia,Canal Zone,Silver,2000-01-18,2022-05-07
CUS02527,Bassem Fathy,Male,"01251618247 ",bassem.fathy1@gmail.com,Cairo,Greater Cairo,Silver,1993-01-03,2021-10-09
CUS01320,Noha Mansour,Female,  01097914631  ,noha.mansour10@gmail.com,Cairo,Greater Cairo,Bronze,1973-06-13,2021-05-18
CUS01605,Ghada Attia,Female,"01223234940",ghada.attia44@yahoo.com,Cairo,Greater Cairo,Platinum,1982-04-27,2021-01-06
CUS01119,Doha Farouk,Female, 01268659357,doha.farouk29@outlook.com,Cairo,Greater Cairo,Bronze,1987-09-09,2022-05-14
CUS01343,Wael Mahmoud,Male,"01065158740",wael.mahmoud53@hotmail.com,Luxor,Upper Egypt,Platinum,1991-04-11,2022-06-06
CUS02733,Ashraf Ali,Male,"01152592996",ashraf.ali40@yahoo.com,Cairo,Greater Cairo,Silver,1975-01-13,2022-07-12
CUS01943,Ali Amin,Male,"01187589905",ali.amin10@hotmail.com,Hurghada,Red Sea,Bronze,2003-02-02,2020-12-06
CUS01918,Walid Rizk,Male,"01095870825",walid.rizk96@hotmail.com,Alexandria,Alexandria,Gold,1984-08-15,2023-01-04
CUS00654,Sherif Gamal,Male,"01260220019",sherif.gamal23@yahoo.com,Zagazig,Nile Delta,Bronze,1976-11-05,2023-01-20
CUS00847,Samir Zaki,Male,"01232641668",samir.zaki66@gmail.com,Cairo,Greater Cairo,Bronze,1986-10-02,2020-07-09
CUS01306,Magdy Attia,Male,"01165765838 ",magdy.attia96@outlook.com,Luxor,Upper Egypt,Gold,1977-10-24,2021-05-06
CUS02999,Engy Wahba,Female,  01172074335  ,engy.wahba74@yahoo.com,Giza,Greater Cairo,Silver,1993-12-25,2020-08-13
CUS00337,Ahmed Barakat,Male,"01285088096",ahmed.barakat26@gmail.com,Luxor,Upper Egypt,Bronze,1979-01-08,2022-04-22
CUS00205,Akram Ramadan,Male,"01161271721","",Mansoura,Nile Delta,Gold,1970-05-26,2022-07-20
CUS02143,Fady Saad,Male,"01185416798",fady.saad96@hotmail.com,Tanta,Nile Delta,Gold,1971-03-19,2022-08-16
CUS01461,Ahmed Ramadan,Male,"01252061564 ",ahmed.ramadan13@yahoo.com,Giza,Greater Cairo,Bronze,1974-08-07,2023-06-27
CUS00471,Akram Ali,Male,  01073068018  ,akram.ali97@hotmail.com,Cairo,Greater Cairo,Silver,1991-11-01,2023-02-18
CUS00934,Omar Shaaban,Male,"01179013223",omar.shaaban33@hotmail.com,Alexandria,Alexandria,Bronze,1998-08-17,2022-05-09
CUS02435,Mahmoud Khalil,Male,"01277946312",mahmoud.khalil46@yahoo.com,Ismailia,Canal Zone,Bronze,1999-06-16,2023-04-17
CUS01684,Akram Hafez,Male,"01286813030",akram.hafez97@yahoo.com,Aswan,Upper Egypt,Silver,1973-08-26,2023-06-14
CUS00173,Reham Khalil,Female,"01032935793",reham.khalil19@yahoo.com,Alexandria,Alexandria,Bronze,1994-09-13,2020-07-10
CUS01904,Hazem Ramadan,Male,"01223388485","",Cairo,Greater Cairo,Bronze,1998-05-15,2020-10-17
CUS01517,Ramy Mahmoud,Male, 01215998983,ramy.mahmoud3@yahoo.com,Mansoura,Nile Delta,Bronze,1988-06-06,2023-01-26
CUS02083,Tamer Sayed,Male,"01120079941",tamer.sayed6@yahoo.com,Alexandria,Alexandria,Silver,1998-07-10,2021-11-07
CUS00285,Osama Khalil,Male,"01115474970 ",osama.khalil15@yahoo.com,Alexandria,Alexandria,Bronze,1999-07-04,2020-06-03
CUS02570,Youssef Ramadan,Male, 01152791853,youssef.ramadan14@outlook.com,Port Said,Canal Zone,Silver,1970-09-24,2020-08-28
CUS01009,Suzy Saad,Female, 01199791980,suzy.saad84@hotmail.com,Cairo,Greater Cairo,Bronze,1976-04-01,2021-01-22
CUS00854,Mohamed Khalil,Male,"01114551461",mohamed.khalil56@hotmail.com,Suez,Canal Zone,Bronze,1978-01-28,2022-11-05
CUS01116,Rania Bakr,Female,"01182543688",rania.bakr69@outlook.com,Alexandria,Alexandria,Bronze,1975-03-26,2022-08-18
CUS00525,Wael Badawi,Male,"01185223282",wael.badawi58@outlook.com,Aswan,Upper Egypt,Gold,1996-06-03,2021-10-27
CUS02981,Hossam Gouda,Male, 01117795914,hossam.gouda86@outlook.com,Giza,Greater Cairo,Silver,1987-01-25,2022-01-18
CUS01070,Magdy Hamdy,Male,"01016163850",magdy.hamdy76@hotmail.com,Giza,Greater Cairo,Bronze,1970-01-01,2021-01-12
CUS00547,Dina Salem,Female,"01180250319",dina.salem33@outlook.com,Cairo,Greater Cairo,Gold,1995-10-27,2022-12-11
CUS02736,Salma Ibrahim,Female,  01074340200  ,"",Hurghada,Red Sea,Silver,1992-11-07,2020-05-23
CUS01528,Maged Saad,Male, 01295377710,maged.saad21@outlook.com,Giza,Greater Cairo,Bronze,1975-11-03,2023-06-25
CUS01604,Salma Ismail,Female,"01263720043",salma.ismail86@yahoo.com,Giza,Greater Cairo,Bronze,1989-04-22,2022-03-17
CUS00161,Emad Ahmed,Male,"01062163068",emad.ahmed14@gmail.com,Giza,Greater Cairo,Bronze,1999-11-01,2022-11-13
CUS00254,Adel Badawi,Male,  01167440042  ,adel.badawi87@hotmail.com,Giza,Greater Cairo,Bronze,1984-09-14,2021-01-22
CUS02892,Maged Sayed,Male,"01190757837 ",maged.sayed79@gmail.com,Tanta,Nile Delta,Gold,1979-08-17,2020-04-22
CUS02386,Amr Younis,Male,"01017601140","",Alexandria,Alexandria,Bronze,1982-12-12,2022-04-16
CUS02512,Adel Mansour,Male,"01276486755",adel.mansour25@gmail.com,Suez,Canal Zone,Bronze,2001-09-12,2022-07-20
CUS00609,Suzy Amin,Female,  01117961369  ,suzy.amin37@gmail.com,Alexandria,Alexandria,Bronze,1987-10-19,2023-03-24
CUS00294,Hassan Rizk,Male,"01010784780 ",hassan.rizk52@outlook.com,Giza,Greater Cairo,Platinum,1976-07-18,2022-10-27
CUS00203,Amr Barakat,Male,"01089932574",amr.barakat99@outlook.com,Cairo,Greater Cairo,Silver,1972-06-03,2021-11-15
CUS02976,Hussein Shaaban,Male,"01220794452","",Cairo,Greater Cairo,Bronze,1997-06-26,2023-05-19
CUS01662,Ayman Sayed,Male,"01249146431",ayman.sayed70@gmail.com,Alexandria,Alexandria,Bronze,1976-03-12,2022-07-08
CUS02490,Sara Bakr,Female,"01280045908",sara.bakr24@hotmail.com,Giza,Greater Cairo,Silver,1994-08-25,2023-05-20
CUS01644,Bassem Mostafa,Male,  01141589221  ,bassem.mostafa98@outlook.com,Mansoura,Nile Delta,Bronze,2000-11-27,2021-05-17
CUS00541,Sara Ahmed,Female,"01236634140",sara.ahmed38@yahoo.com,Port Said,Canal Zone,Bronze,2003-04-12,2022-06-14
CUS02691,Karim Ismail,Male,"01136407444",karim.ismail30@yahoo.com,Alexandria,Alexandria,Gold,1999-05-04,2023-09-21
CUS02147,Hany Nasser,Male,"01087556403",hany.nasser57@yahoo.com,Giza,Greater Cairo,Bronze,1976-02-06,2020-04-21
CUS00379,Fady Amin,Male,  01191981404  ,"",Aswan,Upper Egypt,Silver,1993-11-13,2023-12-13
CUS00380,Mariam Mohamed,Female,"01243358157 ",mariam.mohamed53@yahoo.com,Giza,Greater Cairo,Bronze,1977-09-09,2020-11-27
CUS01077,Dalia Fathy,Female,"01181950326",dalia.fathy92@hotmail.com,Giza,Greater Cairo,Silver,1980-07-25,2022-03-06
CUS02768,Samah Ahmed,Female,"01118826662",samah.ahmed3@hotmail.com,Cairo,Greater Cairo,Bronze,1974-04-13,2022-09-21
CUS01501,Youssef Farouk,Male,"01087074737",youssef.farouk41@hotmail.com,Alexandria,Alexandria,Silver,1984-01-24,2023-11-08
CUS01956,Salma Bakr,Female,"01223877852",salma.bakr49@yahoo.com,Port Said,Canal Zone,Silver,1981-04-18,2021-08-18
CUS01298,Magdy Badawi,Male,"01250607997",magdy.badawi34@outlook.com,Cairo,Greater Cairo,Bronze,1973-03-08,2023-10-26
CUS02880,Nader Saad,Male, 01083307962,nader.saad65@hotmail.com,Cairo,Greater Cairo,Bronze,1993-09-20,2020-07-19
CUS02905,Omar Gouda,Male,"01116616517",omar.gouda77@outlook.com,Alexandria,Alexandria,Platinum,1992-04-27,2023-04-08
CUS02325,Yasmin Ismail,Female,"01121504486",yasmin.ismail60@hotmail.com,Aswan,Upper Egypt,Bronze,1976-01-03,2020-06-25
CUS01686,Amira Bakr,Female,"01076025664",amira.bakr26@hotmail.com,Luxor,Upper Egypt,Gold,1971-11-21,2022-01-08
CUS00467,Mahmoud Wahba,Male,"01191051682",mahmoud.wahba4@gmail.com,Giza,Greater Cairo,Silver,1986-10-14,2021-06-14
CUS00652,Ramy Mansour,Male, 01034772080,ramy.mansour11@hotmail.com,Alexandria,Alexandria,Bronze,1997-05-16,2023-02-17
CUS00103,Doha Ramadan,Female,"01039732676",doha.ramadan87@hotmail.com,Giza,Greater Cairo,Bronze,1980-01-11,2023-08-15
CUS01018,Ayman Fathy,Male,"01189602636",ayman.fathy26@outlook.com,Alexandria,Alexandria,Platinum,1995-05-19,2022-07-23
CUS00045,Samir Abdallah,Male,"01286884584 ","",Cairo,Greater Cairo,Silver,1981-12-01,2022-10-08
CUS02938,Suzy Mohamed,Female,"01189868447 ",suzy.mohamed95@yahoo.com,Alexandria,Alexandria,Platinum,1979-06-09,2020-09-22
CUS02590,Emad Fathy,Male,"01140198707 ",emad.fathy33@hotmail.com,Tanta,Nile Delta,Bronze,1998-01-25,2022-02-05
CUS02445,Nadia Amin,Female,"01231347320 ",nadia.amin79@outlook.com,Giza,Greater Cairo,Bronze,1982-02-16,2023-07-05
CUS02586,Mohamed Farouk,Male,"01291780371",mohamed.farouk48@outlook.com,Mansoura,Nile Delta,Gold,1990-07-17,2023-08-01
CUS00053,Hoda Amin,Female,"01114661179",hoda.amin80@yahoo.com,Port Said,Canal Zone,Gold,2000-05-03,2020-08-06
CUS02915,Ashraf Gamal,Male,"01273724781",ashraf.gamal82@gmail.com,Cairo,Greater Cairo,Bronze,2000-05-08,2022-06-17
CUS02798,Emad Attia,Male,"01079680430",emad.attia9@outlook.com,Mansoura,Nile Delta,Bronze,2001-06-28,2022-11-10
CUS00323,Lobna Khalil,Female, 01190244451,lobna.khalil28@hotmail.com,Mansoura,Nile Delta,Silver,1970-01-16,2020-03-24
CUS02526,Bassem Farouk,Male, 01136925774,bassem.farouk90@gmail.com,Cairo,Greater Cairo,Bronze,2003-06-16,2020-09-10
CUS02224,Aisha Hafez,Female,"01225073447",aisha.hafez91@yahoo.com,Cairo,Greater Cairo,Silver,1972-09-27,2022-11-17
CUS00545,Emad Gouda,Male,"01242831540 ",emad.gouda98@gmail.com,Mansoura,Nile Delta,Platinum,1988-12-18,2023-04-19
CUS01426,Hazem Younis,Male,"01264829712",hazem.younis33@hotmail.com,Ismailia,Canal Zone,Platinum,1985-03-25,2021-12-14
CUS00193,Adel Shaaban,Male,"01290048179",adel.shaaban12@yahoo.com,Suez,Canal Zone,Silver,1974-10-04,2021-10-25
CUS01955,Sara Mohamed,Female, 01128464221,sara.mohamed56@yahoo.com,Sharm El Sheikh,South Sinai,Bronze,2001-03-10,2021-08-28
CUS00433,Hossam Farouk,Male,"01266618508",hossam.farouk12@yahoo.com,Mansoura,Nile Delta,Platinum,1994-02-19,2022-01-07
CUS01840,Mahmoud Nasser,Male,"01190497815",mahmoud.nasser71@outlook.com,Cairo,Greater Cairo,Silver,1989-04-10,2020-12-17
CUS01217,Yasmin Zaki,Female,"01064736922",yasmin.zaki29@outlook.com,Cairo,Greater Cairo,Bronze,1980-11-12,2022-04-01
CUS02229,Hussein Shaaban,Male,  01261756938  ,hussein.shaaban25@yahoo.com,Giza,Greater Cairo,Bronze,1987-06-02,2021-04-01
CUS02031,Osama Wahba,Male,"01152920489 ",osama.wahba14@hotmail.com,Cairo,Greater Cairo,Bronze,1990-06-17,2020-05-07
CUS00595,Nadia Saad,Female,  01248712477  ,nadia.saad40@yahoo.com,Suez,Canal Zone,Bronze,1972-03-05,2022-08-23
CUS00600,Reem Farouk,Female,"01245670151",reem.farouk9@yahoo.com,Cairo,Greater Cairo,Bronze,1999-03-02,2022-01-07
CUS01090,Dina Saad,Female,"01092838528",dina.saad22@gmail.com,Cairo,Greater Cairo,Bronze,1991-10-01,2023-08-19
CUS00818,Maged Ali,Male,"01131028161 ",maged.ali6@yahoo.com,Giza,Greater Cairo,Silver,1994-05-21,2023-04-24
CUS02269,Radwa Khalil,Female,"01275338800","",Cairo,Greater Cairo,Silver,1974-05-12,2022-10-04
CUS02948,Yasmin Hassan,Female,  01210097184  ,yasmin.hassan10@gmail.com,Alexandria,Alexandria,Bronze,1984-12-20,2022-11-15
CUS00963,Samah Ahmed,Female,"01064508893",samah.ahmed35@gmail.com,Cairo,Greater Cairo,Silver,1981-03-21,2021-01-03
CUS00679,Ola Fathy,Female,"01132690870 ",ola.fathy4@outlook.com,Ismailia,Canal Zone,Silver,1971-10-19,2022-03-02
CUS00109,Hany Ragab,Male,"01174265413",hany.ragab32@gmail.com,Cairo,Greater Cairo,Bronze,1991-12-04,2021-10-19
CUS02510,Khaled Lotfy,Male,  01070071563  ,"",Suez,Canal Zone,Silver,1977-04-17,2023-10-19
CUS00319,Osama Mahmoud,Male,  01048299260  ,osama.mahmoud53@yahoo.com,Cairo,Greater Cairo,Bronze,1977-02-18,2020-10-11
CUS01961,Ashraf Nasser,Male,  01223354960  ,"",Cairo,Greater Cairo,Bronze,1992-02-24,2021-07-08
CUS02411,Tarek Gouda,Male,"01297316295",tarek.gouda41@hotmail.com,Tanta,Nile Delta,Bronze,1979-11-08,2020-08-26
CUS02611,Manar Ragab,Female,"01013917930",manar.ragab54@hotmail.com,Aswan,Upper Egypt,Bronze,1996-05-16,2021-12-23
CUS01289,Sara Ali,Female,  01179013190  ,sara.ali72@hotmail.com,Cairo,Greater Cairo,Silver,1998-12-07,2022-09-20
CUS00473,Ayman Farouk,Male,"01259510172",ayman.farouk7@hotmail.com,Cairo,Greater Cairo,Gold,1980-02-07,2020-02-02
CUS02294,Mahmoud Ali,Male,  01283655063  ,mahmoud.ali98@outlook.com,Alexandria,Alexandria,Gold,1986-06-07,2023-11-06
CUS02543,Ahmed Farouk,Male,  01248857261  ,ahmed.farouk52@yahoo.com,Aswan,Upper Egypt,Silver,1973-04-18,2020-10-28
CUS00088,Fady Nasser,Male,"01249000919",fady.nasser23@hotmail.com,Mansoura,Nile Delta,Bronze,1982-04-20,2020-06-18
CUS00522,Fady Hamdy,Male,"01173174275",fady.hamdy38@yahoo.com,Giza,Greater Cairo,Bronze,1991-07-21,2020-02-20
CUS02653,Suzy Younis,Female, 01169909888,suzy.younis45@hotmail.com,Giza,Greater Cairo,Silver,1983-11-22,2023-09-01
CUS02270,Adel Fathy,Male,"01137512732",adel.fathy39@hotmail.com,Alexandria,Alexandria,Bronze,1984-07-14,2022-08-04
CUS00352,Samah Younis,Female,  01280383199  ,samah.younis53@outlook.com,Luxor,Upper Egypt,Silver,1983-04-10,2021-02-05
CUS01189,Samir Ali,Male,  01220049039  ,samir.ali98@yahoo.com,Giza,Greater Cairo,Bronze,1971-12-08,2021-03-06
CUS02261,Hassan Gouda,Male,"01184890137",hassan.gouda17@hotmail.com,Hurghada,Red Sea,Gold,1997-11-12,2023-11-01
CUS01731,Fatima Ragab,Female, 01039778113,fatima.ragab82@hotmail.com,Giza,Greater Cairo,Gold,1981-11-18,2023-04-11
CUS00519,Hana Ragab,Female,"01191916907",hana.ragab36@hotmail.com,Ismailia,Canal Zone,Silver,1973-10-03,2023-03-08
CUS02818,Youssef Amin,Male,"01163283208",youssef.amin2@hotmail.com,Cairo,Greater Cairo,Silver,1998-03-25,2022-02-03
CUS01563,Heba Ismail,Female,"01262514007","",Hurghada,Red Sea,Silver,1995-09-05,2022-04-03
CUS01843,Shaimaa Barakat,Female,"01151561050","",Giza,Greater Cairo,Bronze,1983-07-18,2020-04-13
CUS00788,Akram Younis,Male,"01265236368",akram.younis16@outlook.com,Giza,Greater Cairo,Bronze,1992-03-13,2022-11-20
CUS00462,Amr Mahmoud,Male,"01137913590 ","",Mansoura,Nile Delta,Bronze,1974-08-28,2020-04-22
CUS01719,Noha Mahmoud,Female,"01134583524",noha.mahmoud19@yahoo.com,Ismailia,Canal Zone,Gold,1986-07-03,2023-08-28
CUS00180,Hana Hassan,Female, 01119104802,"",Cairo,Greater Cairo,Silver,1982-12-10,2022-06-13
CUS02355,Noha Abdallah,Female,"01210875598","",Zagazig,Nile Delta,Bronze,1994-11-02,2020-10-08
CUS00579,Adel Ali,Male,"01081305655","",Alexandria,Alexandria,Bronze,1977-06-24,2021-11-16
CUS02754,Khaled Mansour,Male,  01294556647  ,khaled.mansour71@outlook.com,Giza,Greater Cairo,Bronze,1989-08-19,2023-01-22
CUS01831,Shaimaa Ali,Female,  01181256685  ,shaimaa.ali88@gmail.com,Ismailia,Canal Zone,Platinum,1979-02-04,2020-11-01
CUS02043,Ayman Sayed,Male,"01239146157",ayman.sayed23@outlook.com,Alexandria,Alexandria,Bronze,1991-11-08,2020-03-03
CUS01072,Aisha Mostafa,Female,  01226492036  ,aisha.mostafa33@yahoo.com,Cairo,Greater Cairo,Bronze,1983-07-12,2020-07-16
CUS00908,Shaimaa Shaaban,Female,"01031183715",shaimaa.shaaban22@outlook.com,Giza,Greater Cairo,Silver,1975-11-22,2021-08-24
CUS02171,Akram Amin,Male,"01016867378",akram.amin21@yahoo.com,Tanta,Nile Delta,Bronze,1975-05-25,2023-08-07
CUS01473,Reem Hamdy,Female,"01168950875 ","",Luxor,Upper Egypt,Platinum,1970-12-20,2023-11-03
CUS02567,Hossam Barakat,Male, 01291790169,"",Cairo,Greater Cairo,Bronze,1993-10-05,2021-08-10
CUS01612,Omar Bakr,Male,"01052197020",omar.bakr84@outlook.com,Mansoura,Nile Delta,Bronze,1972-05-05,2023-08-03
CUS01784,Ramy Hassan,Male,"01127767325",ramy.hassan79@yahoo.com,Mansoura,Nile Delta,Gold,1972-04-10,2020-04-05
CUS02578,Sherif Mohamed,Male,  01031921179  ,sherif.mohamed43@outlook.com,Mansoura,Nile Delta,Bronze,1988-05-07,2020-01-16
CUS00220,Adel Gamal,Male,  01035756766  ,adel.gamal98@yahoo.com,Aswan,Upper Egypt,Bronze,1996-01-18,2023-11-22
CUS01548,Mona Fathy,Female, 01081001456,mona.fathy15@hotmail.com,Alexandria,Alexandria,Silver,1997-12-20,2021-11-18
CUS00304,Tarek Hafez,Male,"01068936139",tarek.hafez61@hotmail.com,Mansoura,Nile Delta,Bronze,1978-02-28,2022-09-06
CUS02416,Aisha Mahmoud,Female,"01055934951",aisha.mahmoud13@gmail.com,Ismailia,Canal Zone,Bronze,1981-11-25,2020-03-12
CUS01352,Hossam Ali,Male,"01027129638",hossam.ali14@hotmail.com,Alexandria,Alexandria,Bronze,1999-09-08,2022-04-10
CUS01609,Mahmoud Fathy,Male,"01043482786",mahmoud.fathy45@yahoo.com,Cairo,Greater Cairo,Gold,2003-02-19,2022-10-09
CUS00630,Tamer Barakat,Male,"01258674884",tamer.barakat21@gmail.com,Cairo,Greater Cairo,Gold,2003-01-26,2021-11-21
CUS00287,Samir Mostafa,Male,  01053424580  ,samir.mostafa59@hotmail.com,Alexandria,Alexandria,Silver,1995-06-19,2020-06-02
CUS02186,Sara Farouk,Female,"01032651348 ",sara.farouk51@yahoo.com,Port Said,Canal Zone,Silver,1988-04-02,2021-09-08
CUS01613,Radwa Mohamed,Female,  01215092490  ,radwa.mohamed94@gmail.com,Alexandria,Alexandria,Silver,2002-01-24,2020-12-07
CUS00375,Manar Zaki,Female,  01110211873  ,manar.zaki37@outlook.com,Cairo,Greater Cairo,Bronze,1970-03-27,2021-03-12
CUS00186,Shaimaa Mohamed,Female,  01136918105  ,shaimaa.mohamed16@hotmail.com,Mansoura,Nile Delta,Bronze,1989-11-07,2021-03-09
CUS02775,Hazem Barakat,Male, 01295151238,hazem.barakat70@gmail.com,Alexandria,Alexandria,Bronze,1979-06-25,2021-08-01
CUS02410,Omar Ragab,Male,"01010748660 ",omar.ragab2@gmail.com,Giza,Greater Cairo,Gold,2002-02-10,2023-09-03
CUS00009,Hossam Barakat,Male,"01262686364",hossam.barakat87@hotmail.com,Mansoura,Nile Delta,Bronze,1990-10-13,2020-11-05
CUS01875,Nader Salem,Male,"01026669562",nader.salem17@outlook.com,Zagazig,Nile Delta,Bronze,1997-10-20,2023-04-08
CUS02655,Essam Ali,Male,"01086793020",essam.ali40@hotmail.com,Hurghada,Red Sea,Gold,1970-03-12,2023-01-20
CUS00381,Mona Bakr,Female,"01163709262",mona.bakr61@gmail.com,Cairo,Greater Cairo,Bronze,1998-04-20,2023-05-20
CUS02996,Hoda Younis,Female,  01023226639  ,hoda.younis70@yahoo.com,Luxor,Upper Egypt,Gold,1979-11-20,2020-12-11
CUS00675,Nour Hafez,Female,"01030213583",nour.hafez41@outlook.com,Giza,Greater Cairo,Bronze,1975-06-12,2023-06-23
CUS00535,Mahmoud Hassan,Male,"01139556025",mahmoud.hassan94@outlook.com,Hurghada,Red Sea,Silver,1985-03-19,2022-03-07
CUS02724,Suzy Younis,Female,"01110139463","",Giza,Greater Cairo,Silver,1982-10-05,2020-04-16
CUS01559,Ashraf Gouda,Male,"01072415552 ",ashraf.gouda84@outlook.com,Aswan,Upper Egypt,Bronze,1997-02-18,2020-11-14
CUS01286,Hazem Salem,Male,"01155618691",hazem.salem54@yahoo.com,Alexandria,Alexandria,Silver,1988-03-13,2021-03-15
CUS02375,Salma Mansour,Female,"01042491270",salma.mansour88@hotmail.com,Tanta,Nile Delta,Gold,2002-02-28,2023-12-20
CUS01200,Ola Ragab,Female,"01127632666",ola.ragab9@hotmail.com,Cairo,Greater Cairo,Silver,1986-07-28,2022-12-03
CUS01591,Hany Salem,Male,"01187222050",hany.salem21@gmail.com,Tanta,Nile Delta,Gold,1998-01-27,2022-09-21
CUS02656,Hoda Fathy,Female, 01175014761,hoda.fathy88@yahoo.com,Giza,Greater Cairo,Silver,1980-05-18,2022-08-05
CUS01164,Tamer Gouda,Male,"01072382863",tamer.gouda63@gmail.com,Zagazig,Nile Delta,Silver,1976-02-25,2023-03-02
CUS01453,Khaled Shaaban,Male,"01013390260 ",khaled.shaaban68@outlook.com,Luxor,Upper Egypt,Silver,1994-08-18,2022-01-06
CUS00926,Khaled Bakr,Male,  01020611935  ,khaled.bakr65@hotmail.com,Cairo,Greater Cairo,Silver,1974-07-01,2023-01-01
CUS02831,Dalia Bakr,Female,"01163031529",dalia.bakr12@gmail.com,Alexandria,Alexandria,Bronze,1979-11-19,2021-03-22
CUS01540,Hossam Sayed,Male,"01233450700",hossam.sayed79@gmail.com,Alexandria,Alexandria,Bronze,1991-07-26,2023-07-23
CUS02422,Suzy Ali,Female,"01242880141",suzy.ali79@gmail.com,Cairo,Greater Cairo,Gold,1994-05-19,2022-12-18
CUS02070,Engy Hassan,Female,"01235014896",engy.hassan85@gmail.com,Giza,Greater Cairo,Silver,1978-08-05,2021-05-21
CUS02803,Neveen Hafez,Female,  01075086738  ,neveen.hafez23@hotmail.com,Port Said,Canal Zone,Bronze,1983-01-01,2021-02-21
CUS02988,Dalia Younis,Female,"01217269346",dalia.younis29@hotmail.com,Alexandria,Alexandria,Gold,1996-02-21,2020-01-18
CUS01502,Tamer Ibrahim,Male,"01039028805",tamer.ibrahim40@outlook.com,Alexandria,Alexandria,Silver,1986-01-12,2021-04-18
CUS02307,Hazem Wahba,Male,"01161647453",hazem.wahba75@yahoo.com,Cairo,Greater Cairo,Silver,1977-10-21,2022-05-20
CUS02491,Rania Amin,Female,"01117507685",rania.amin28@gmail.com,Giza,Greater Cairo,Silver,1998-02-14,2022-10-14
CUS02496,Yasmin Saad,Female,"01274373458",yasmin.saad62@yahoo.com,Alexandria,Alexandria,Bronze,1970-05-20,2022-01-02
CUS02336,Walid Ramadan,Male,  01229576374  ,walid.ramadan38@yahoo.com,Giza,Greater Cairo,Gold,1979-05-25,2020-02-14
CUS00998,Hossam Ahmed,Male,"01231958106",hossam.ahmed53@hotmail.com,Cairo,Greater Cairo,Bronze,1977-08-07,2021-04-15
CUS02026,Magdy Shaaban,Male,"01159988419",magdy.shaaban62@outlook.com,Cairo,Greater Cairo,Bronze,2001-11-15,2020-09-12
CUS01751,Hana Sayed,Female,"01194025036 ",hana.sayed90@gmail.com,Alexandria,Alexandria,Gold,1998-03-08,2023-02-01
CUS00905,Aisha Rizk,Female,"01041569450 ",aisha.rizk65@outlook.com,Giza,Greater Cairo,Platinum,1976-09-26,2021-02-03
CUS00082,Magdy Mahmoud,Male,"01076756320","",Mansoura,Nile Delta,Silver,2001-08-11,2020-02-26
CUS01648,Engy Hassan,Female, 01296689645,engy.hassan92@yahoo.com,Aswan,Upper Egypt,Bronze,1976-05-22,2022-11-05
CUS00469,Hana Sayed,Female,"01220042733",hana.sayed41@yahoo.com,Cairo,Greater Cairo,Bronze,1987-12-20,2021-01-26
CUS02702,Adel Abdallah,Male, 01274742125,adel.abdallah75@gmail.com,Ismailia,Canal Zone,Silver,1976-02-24,2020-11-25
CUS01791,Neveen Mostafa,Female,"01261760045",neveen.mostafa48@hotmail.com,Cairo,Greater Cairo,Gold,2000-07-19,2022-05-24
CUS01003,Ola Nasser,Female,"01095890840",ola.nasser67@yahoo.com,Luxor,Upper Egypt,Gold,1985-03-06,2020-05-12
CUS01525,Noha Khalil,Female,"01210216145",noha.khalil27@gmail.com,Alexandria,Alexandria,Bronze,2003-03-23,2023-09-17
CUS02743,Hassan Fathy,Male,  01151147664  ,hassan.fathy20@hotmail.com,Cairo,Greater Cairo,Silver,1986-02-20,2023-11-17
CUS01553,Reem Gouda,Female,"01028990527",reem.gouda75@gmail.com,Aswan,Upper Egypt,Bronze,1986-12-25,2020-03-22
CUS01935,Khaled Zaki,Male, 01137701981,"",Tanta,Nile Delta,Bronze,1983-05-21,2022-08-12
CUS02154,Bassem Fathy,Male, 01024657987,bassem.fathy70@hotmail.com,Aswan,Upper Egypt,Bronze,1974-09-08,2021-06-21
CUS01793,Khaled Barakat,Male, 01215102440,khaled.barakat87@yahoo.com,Alexandria,Alexandria,Bronze,1983-11-26,2021-02-23
CUS02285,Akram Nasser,Male, 01177358487,akram.nasser16@outlook.com,Cairo,Greater Cairo,Silver,1972-07-18,2023-03-07
CUS02953,Walid Badawi,Male,  01296079652  ,"",Tanta,Nile Delta,Silver,1996-12-08,2022-04-28
CUS00517,Nadia Khalil,Female,"01027699655",nadia.khalil32@hotmail.com,Giza,Greater Cairo,Bronze,1994-08-24,2022-10-13
CUS01971,Tarek Ibrahim,Male,  01198084649  ,"",Cairo,Greater Cairo,Silver,1983-09-16,2021-10-15
CUS00616,Hussein Mohamed,Male, 01119296843,hussein.mohamed39@yahoo.com,Port Said,Canal Zone,Gold,1972-03-18,2023-05-08
CUS03000,Hossam Hassan,Male,"01268861731",hossam.hassan44@yahoo.com,Luxor,Upper Egypt,Bronze,1970-03-06,2023-09-28
CUS00078,Walid Attia,Male,"01166604960",walid.attia8@yahoo.com,Cairo,Greater Cairo,Bronze,1987-07-23,2020-07-19
CUS00261,Ramy Younis,Male,  01216055696  ,ramy.younis98@hotmail.com,Mansoura,Nile Delta,Bronze,1990-01-01,2023-02-14
CUS01756,Reem Nasser,Female,"01124508258",reem.nasser75@outlook.com,Hurghada,Red Sea,Bronze,1999-01-01,2020-05-21
CUS00006,Essam Sayed,Male,  01152803305  ,"",Cairo,Greater Cairo,Silver,1998-12-23,2022-11-04
CUS01527,Hoda Hafez,Female, 01195386415,hoda.hafez91@hotmail.com,Giza,Greater Cairo,Silver,1979-02-08,2021-09-23
CUS01494,Maged Rizk,Male,"01172509349 ",maged.rizk3@outlook.com,Cairo,Greater Cairo,Bronze,1971-04-16,2023-08-12
CUS00111,Hoda Khalil,Female,"01088201440",hoda.khalil93@hotmail.com,Giza,Greater Cairo,Bronze,1984-07-20,2023-10-19
CUS00919,Engy Zaki,Female, 01122119306,engy.zaki7@gmail.com,Hurghada,Red Sea,Silver,2002-07-19,2020-10-05
CUS01490,Ramy Barakat,Male, 01061981352,ramy.barakat28@hotmail.com,Giza,Greater Cairo,Bronze,1994-08-02,2022-11-10
CUS02417,Sara Shaaban,Female,"01297747615 ",sara.shaaban44@hotmail.com,Giza,Greater Cairo,Bronze,1980-12-02,2020-06-04
CUS01332,Samah Younis,Female,  01090241789  ,samah.younis76@hotmail.com,Tanta,Nile Delta,Gold,1992-07-07,2020-04-13
CUS01359,Emad Ismail,Male,  01292380239  ,emad.ismail59@outlook.com,Cairo,Greater Cairo,Gold,2000-12-13,2021-06-26
CUS02123,Ahmed Ibrahim,Male,"01190412028",ahmed.ibrahim49@outlook.com,Ismailia,Canal Zone,Silver,2002-10-16,2020-12-20
CUS00674,Yasmin Shaaban,Female, 01172891711,yasmin.shaaban79@gmail.com,Alexandria,Alexandria,Bronze,1982-03-14,2020-02-03
CUS02662,Karim Gouda,Male,  01197075083  ,karim.gouda16@yahoo.com,Suez,Canal Zone,Silver,1972-07-20,2023-06-21
CUS00405,Fatima Ramadan,Female,"01280881914",fatima.ramadan98@yahoo.com,Giza,Greater Cairo,Gold,1992-04-24,2021-02-12
CUS01825,Walid Ramadan,Male,  01280074188  ,walid.ramadan81@outlook.com,Mansoura,Nile Delta,Bronze,1970-04-10,2023-11-02
CUS02037,Neveen Ibrahim,Female,  01161363891  ,neveen.ibrahim89@yahoo.com,Cairo,Greater Cairo,Bronze,1972-11-09,2021-01-04
CUS01225,Omar Younis,Male,"01272600538",omar.younis9@hotmail.com,Giza,Greater Cairo,Bronze,1989-01-21,2021-01-28
CUS02665,Salma Ragab,Female,"01237580935",salma.ragab67@yahoo.com,Mansoura,Nile Delta,Silver,1987-08-09,2023-02-13
CUS00080,Hany Hafez,Male,  01292978636  ,hany.hafez87@outlook.com,Cairo,Greater Cairo,Bronze,2003-09-23,2021-09-20
CUS00929,Samah Ahmed,Female,"01232656439 ",samah.ahmed16@yahoo.com,Mansoura,Nile Delta,Silver,1999-09-12,2022-05-12
CUS02561,Heba Saad,Female, 01089666963,heba.saad20@yahoo.com,Hurghada,Red Sea,Bronze,1997-10-12,2021-01-15
CUS02951,Rania Hamdy,Female,"01284713976",rania.hamdy38@yahoo.com,Aswan,Upper Egypt,Bronze,1974-01-21,2020-01-05
CUS00729,Omar Salem,Male,"01074114251",omar.salem97@outlook.com,Cairo,Greater Cairo,Bronze,1978-09-05,2022-04-27
CUS00413,Amira Gouda,Female,  01292020513  ,amira.gouda30@gmail.com,Port Said,Canal Zone,Bronze,1976-12-24,2021-07-02
CUS02756,Aisha Ismail,Female, 01142101779,aisha.ismail97@gmail.com,Giza,Greater Cairo,Silver,1988-02-08,2020-06-11
CUS01688,Nader Mostafa,Male,"01045229697",nader.mostafa35@outlook.com,Alexandria,Alexandria,Bronze,1988-10-15,2023-02-10
CUS01786,Hazem Hafez,Male,"01172409137 ",hazem.hafez72@yahoo.com,Suez,Canal Zone,Silver,1979-11-05,2023-11-19
CUS02071,Noha Nasser,Female,  01211693674  ,noha.nasser34@gmail.com,Zagazig,Nile Delta,Silver,1980-02-13,2021-03-22
CUS02900,Eman Badawi,Female,"01129693407",eman.badawi40@yahoo.com,Cairo,Greater Cairo,Bronze,1979-06-10,2020-08-27
CUS02389,Omar Ismail,Male,  01287781486  ,omar.ismail23@outlook.com,Tanta,Nile Delta,Bronze,1983-12-10,2021-05-20
CUS02719,Ali Wahba,Male, 01149593469,ali.wahba9@yahoo.com,Aswan,Upper Egypt,Bronze,1972-06-12,2022-04-14
CUS02628,Dina Shaaban,Female,"01212323115 ","",Tanta,Nile Delta,Silver,1978-11-27,2023-07-02
CUS00047,Omar Gamal,Male,"01016462242 ",omar.gamal64@outlook.com,Giza,Greater Cairo,Bronze,1986-02-24,2022-09-13
CUS00005,Yasmin Gamal,Female,"01165831276",yasmin.gamal45@hotmail.com,Cairo,Greater Cairo,Bronze,1971-08-04,2022-08-26
CUS02492,Hassan Farouk,Male,"01218420105 ",hassan.farouk75@gmail.com,Cairo,Greater Cairo,Silver,1977-11-27,2020-05-15
CUS02353,Hussein Khalil,Male,  01226925127  ,hussein.khalil32@hotmail.com,Mansoura,Nile Delta,Silver,1983-03-27,2023-01-25
CUS01706,Manar Fathy,Female,"01074362557",manar.fathy37@gmail.com,Cairo,Greater Cairo,Bronze,1976-06-06,2022-04-08
CUS01817,Salma Farouk,Female,"01157939516",salma.farouk18@gmail.com,Giza,Greater Cairo,Bronze,1982-01-06,2023-03-08
CUS02066,Karim Amin,Male,"01239105235",karim.amin11@yahoo.com,Hurghada,Red Sea,Bronze,1995-11-25,2023-01-06
CUS00226,Tamer Hassan,Male,  01177674770  ,tamer.hassan13@outlook.com,Cairo,Greater Cairo,Silver,1996-01-02,2023-04-03
CUS01416,Heba Abdallah,Female,"01174461050",heba.abdallah49@hotmail.com,Port Said,Canal Zone,Bronze,1990-06-20,2020-09-27
CUS02759,Noha Mahmoud,Female,"01150253247",noha.mahmoud38@hotmail.com,Tanta,Nile Delta,Bronze,1972-02-06,2023-08-02
CUS01444,Dina Hamdy,Female,  01152653860  ,dina.hamdy83@outlook.com,Giza,Greater Cairo,Silver,1982-01-09,2021-09-16
CUS02256,Walid Ismail,Male,"01017223183 ",walid.ismail60@gmail.com,Alexandria,Alexandria,Bronze,1994-03-23,2022-09-04
CUS00187,Reham Sayed,Female, 01252746321,reham.sayed22@gmail.com,Aswan,Upper Egypt,Silver,1983-09-12,2022-10-11
CUS01708,Hussein Fathy,Male,"01011586540 ",hussein.fathy21@yahoo.com,Cairo,Greater Cairo,Bronze,1993-01-24,2021-01-03
CUS00699,Youssef Abdallah,Male,"01053827193",youssef.abdallah71@gmail.com,Cairo,Greater Cairo,Bronze,1990-01-04,2023-11-11
CUS02676,Akram Abdallah,Male,  01232163428  ,akram.abdallah54@yahoo.com,Giza,Greater Cairo,Platinum,2000-06-28,2021-06-12
CUS02681,Heba Amin,Female,"01220540657",heba.amin92@yahoo.com,Cairo,Greater Cairo,Bronze,1994-04-11,2020-03-18
CUS02238,Ola Farouk,Female, 01027884579,ola.farouk34@yahoo.com,Cairo,Greater Cairo,Bronze,1982-12-10,2022-08-16
CUS02936,Dalia Ramadan,Female,"01015323895","",Cairo,Greater Cairo,Bronze,2003-08-27,2023-04-27
CUS02455,Neveen Shaaban,Female,"01117934675",neveen.shaaban16@outlook.com,Alexandria,Alexandria,Gold,1976-01-24,2020-04-22
CUS02614,Osama Saad,Male,"01116475229",osama.saad63@outlook.com,Zagazig,Nile Delta,Bronze,2000-02-02,2021-02-09
CUS02557,Hoda Abdallah,Female,  01284946680  ,hoda.abdallah75@yahoo.com,Alexandria,Alexandria,Silver,1980-11-16,2022-12-17
CUS01479,Ayman Hamdy,Male,  01085433047  ,ayman.hamdy44@gmail.com,Hurghada,Red Sea,Bronze,1988-03-10,2023-05-07
CUS02613,Samah Saad,Female,"01113248190",samah.saad51@outlook.com,Cairo,Greater Cairo,Gold,1983-01-18,2021-04-05
CUS02013,Zeinab Wahba,Female,"01146337178",zeinab.wahba56@outlook.com,Suez,Canal Zone,Gold,1993-09-11,2021-07-10
CUS00140,Reem Ali,Female,"01079946108",reem.ali42@yahoo.com,Ismailia,Canal Zone,Silver,1982-08-24,2020-12-18
CUS00247,Nader Khalil,Male,"01239677351",nader.khalil68@gmail.com,Giza,Greater Cairo,Bronze,1976-04-05,2023-08-03
CUS00790,Walid Abdallah,Male,"01210378180","",Port Said,Canal Zone,Bronze,1983-05-04,2020-06-07
CUS00813,Eman Barakat,Female, 01226501040,eman.barakat42@hotmail.com,Cairo,Greater Cairo,Gold,1979-07-13,2020-06-10
CUS02464,Hassan Hamdy,Male,"01045500468",hassan.hamdy84@yahoo.com,Alexandria,Alexandria,Gold,2003-12-09,2021-05-07
CUS00451,Radwa Hafez,Female,"01166250794",radwa.hafez56@hotmail.com,Hurghada,Red Sea,Silver,1989-03-07,2023-01-18
CUS00195,Reham Shaaban,Female,"01183670115",reham.shaaban15@hotmail.com,Giza,Greater Cairo,Silver,1978-05-02,2020-04-14
CUS01810,Ahmed Mohamed,Male,"01135907091",ahmed.mohamed9@yahoo.com,Cairo,Greater Cairo,Bronze,1980-10-11,2022-06-28
CUS02345,Eman Ali,Female,"01178826793",eman.ali95@gmail.com,Port Said,Canal Zone,Bronze,1994-03-24,2023-09-26
CUS01053,Amr Mostafa,Male,  01034031104  ,"",Port Said,Canal Zone,Bronze,1979-12-14,2022-03-20
CUS02168,Ashraf Mansour,Male,"01038067311",ashraf.mansour97@outlook.com,Cairo,Greater Cairo,Bronze,1983-11-16,2021-07-17
CUS01925,Maged Ahmed,Male,"01164521433",maged.ahmed86@outlook.com,Hurghada,Red Sea,Bronze,1973-04-05,2023-08-28
CUS01243,Ali Abdallah,Male,"01048825894 ",ali.abdallah32@hotmail.com,Hurghada,Red Sea,Bronze,1982-02-15,2023-08-26
CUS02773,Neveen Ismail,Female,"01078866174",neveen.ismail52@outlook.com,Hurghada,Red Sea,Silver,1976-11-01,2023-11-01
CUS02300,Osama Younis,Male,  01294942673  ,osama.younis94@hotmail.com,Giza,Greater Cairo,Silver,1992-11-22,2022-02-22
CUS00299,Aisha Khalil,Female,"01156150415 ",aisha.khalil78@outlook.com,Mansoura,Nile Delta,Silver,1988-12-07,2021-05-24
CUS00811,Reham Younis,Female,"01083252711",reham.younis63@gmail.com,Ismailia,Canal Zone,Silver,1988-05-06,2021-03-27
CUS01741,Tarek Mohamed,Male,"01094448949 ",tarek.mohamed39@hotmail.com,Aswan,Upper Egypt,Bronze,1991-06-21,2022-02-18
CUS01818,Nader Ramadan,Male,"01012706348",nader.ramadan52@gmail.com,Hurghada,Red Sea,Bronze,2002-12-20,2022-06-01
CUS00931,Engy Younis,Female,"01221390627",engy.younis86@hotmail.com,Cairo,Greater Cairo,Bronze,2001-11-20,2021-08-06
CUS01038,Amr Rizk,Male, 01282695541,amr.rizk61@yahoo.com,Zagazig,Nile Delta,Gold,1973-07-12,2022-09-28
CUS02906,Ahmed Barakat,Male,"01271745482 ",ahmed.barakat23@outlook.com,Cairo,Greater Cairo,Silver,1991-09-07,2021-03-03
CUS01695,Maged Ali,Male,"01019010715","",Giza,Greater Cairo,Silver,1997-11-15,2021-05-10
CUS01363,Khaled Ramadan,Male,  01290543284  ,khaled.ramadan77@yahoo.com,Mansoura,Nile Delta,Bronze,1995-03-23,2021-01-10
CUS01588,Karim Ismail,Male,  01276224539  ,karim.ismail91@gmail.com,Giza,Greater Cairo,Bronze,1970-10-12,2023-01-26
CUS00325,Doha Hafez,Female,"01112130654",doha.hafez1@gmail.com,Port Said,Canal Zone,Gold,1983-08-20,2021-07-18
CUS01690,Adel Rizk,Male,  01162563413  ,adel.rizk85@gmail.com,Hurghada,Red Sea,Silver,1993-10-09,2021-08-22
CUS02458,Suzy Hafez,Female,"01276242320","",Mansoura,Nile Delta,Gold,1992-10-21,2020-11-12
CUS00071,Hussein Lotfy,Male,"01018762675",hussein.lotfy77@hotmail.com,Hurghada,Red Sea,Bronze,2002-10-10,2023-11-05
CUS02857,Ali Gamal,Male,"01074637055",ali.gamal64@hotmail.com,Cairo,Greater Cairo,Bronze,1993-06-05,2023-12-25
CUS00912,Omar Badawi,Male,"01123718350 ",omar.badawi32@outlook.com,Cairo,Greater Cairo,Bronze,1970-03-18,2022-09-18
CUS02131,Youssef Fathy,Male,"01062167903",youssef.fathy73@gmail.com,Cairo,Greater Cairo,Bronze,1973-05-23,2023-05-05
CUS01030,Hussein Mohamed,Male,"01187771867 ",hussein.mohamed70@gmail.com,Aswan,Upper Egypt,Gold,1989-04-22,2020-09-26
CUS00602,Ahmed Ramadan,Male,"01236145447",ahmed.ramadan33@outlook.com,Cairo,Greater Cairo,Bronze,1977-12-15,2022-08-21
CUS02871,Ramy Mostafa,Male,"01117494556",ramy.mostafa84@yahoo.com,Suez,Canal Zone,Silver,1979-07-07,2021-12-01
CUS01191,Zeinab Ahmed,Female, 01062468705,zeinab.ahmed2@hotmail.com,Cairo,Greater Cairo,Bronze,2000-07-28,2021-08-06
CUS02148,Osama Wahba,Male,  01174828923  ,osama.wahba45@outlook.com,Giza,Greater Cairo,Bronze,1984-07-12,2022-08-26
CUS02495,Bassem Sayed,Male,"01130416174",bassem.sayed61@gmail.com,Alexandria,Alexandria,Silver,1976-08-25,2020-06-24
CUS00169,Reem Ramadan,Female,"01261052956",reem.ramadan69@gmail.com,Cairo,Greater Cairo,Gold,1995-01-20,2020-08-15
CUS02734,Hana Hafez,Female,"01094282500","",Port Said,Canal Zone,Bronze,1986-12-21,2021-10-18
CUS01599,Omar Rizk,Male,"01211711039",omar.rizk79@yahoo.com,Cairo,Greater Cairo,Silver,2001-06-14,2021-06-20
CUS02135,Noha Badawi,Female,  01053604277  ,noha.badawi11@gmail.com,Tanta,Nile Delta,Gold,1989-12-13,2021-01-08
CUS02764,Nour Nasser,Female,  01022670073  ,nour.nasser79@yahoo.com,Giza,Greater Cairo,Gold,2002-08-05,2020-02-12
CUS00848,Magdy Nasser,Male,  01181696670  ,magdy.nasser86@yahoo.com,Sharm El Sheikh,South Sinai,Gold,1986-02-13,2021-02-01
CUS00598,Emad Mostafa,Male,"01186424646",emad.mostafa68@yahoo.com,Cairo,Greater Cairo,Bronze,1982-06-16,2021-06-22
CUS00124,Mahmoud Gouda,Male,"01187110685",mahmoud.gouda36@outlook.com,Cairo,Greater Cairo,Bronze,1993-10-11,2021-10-05
CUS01993,Dalia Hamdy,Female, 01189684093,dalia.hamdy84@hotmail.com,Mansoura,Nile Delta,Bronze,1993-04-16,2023-01-19
CUS00110,Mona Salem,Female,"01079342339","",Cairo,Greater Cairo,Bronze,1973-03-09,2022-02-07
CUS02498,Emad Gamal,Male,"01120104355",emad.gamal52@yahoo.com,Luxor,Upper Egypt,Gold,2002-04-06,2021-05-20
CUS02209,Hussein Ragab,Male,"01129818516",hussein.ragab58@outlook.com,Giza,Greater Cairo,Bronze,1995-08-15,2020-08-14
CUS01887,Zeinab Fathy,Female, 01188668146,zeinab.fathy56@outlook.com,Cairo,Greater Cairo,Silver,1977-03-11,2022-10-24
CUS01126,Magdy Salem,Male, 01228515091,magdy.salem99@gmail.com,Alexandria,Alexandria,Bronze,1973-02-02,2021-03-21
CUS00845,Khaled Bakr,Male,"01056270369",khaled.bakr60@gmail.com,Cairo,Greater Cairo,Bronze,1992-12-06,2021-03-22
CUS00548,Ashraf Hassan,Male,"01275595812",ashraf.hassan91@outlook.com,Tanta,Nile Delta,Silver,1987-12-07,2020-02-14
CUS00812,Mahmoud Bakr,Male,"01268343093",mahmoud.bakr32@outlook.com,Aswan,Upper Egypt,Bronze,1994-08-02,2022-11-11
CUS00539,Ashraf Ahmed,Male,"01165194233 ",ashraf.ahmed35@outlook.com,Giza,Greater Cairo,Gold,1990-05-22,2021-06-21
CUS02844,Heba Lotfy,Female,"01152080163",heba.lotfy34@gmail.com,Port Said,Canal Zone,Bronze,1998-09-21,2020-10-27
CUS01026,Mariam Ali,Female,"01147331005","",Alexandria,Alexandria,Gold,1985-01-02,2021-10-02
CUS02709,Mona Ramadan,Female,"01041512912 ",mona.ramadan95@yahoo.com,Cairo,Greater Cairo,Gold,1978-06-25,2020-10-04
CUS01045,Amr Shaaban,Male,"01031469242",amr.shaaban24@outlook.com,Suez,Canal Zone,Silver,1997-11-22,2023-08-11
CUS02437,Walid Abdallah,Male,"01298614349",walid.abdallah25@outlook.com,Giza,Greater Cairo,Bronze,1976-01-19,2023-09-22
CUS01776,Rania Ragab,Female, 01144600674,"",Giza,Greater Cairo,Silver,1977-02-10,2021-01-25
CUS01069,Amira Ali,Female,"01282592611",amira.ali96@gmail.com,Giza,Greater Cairo,Bronze,1991-08-10,2022-07-28
CUS01049,Ghada Sayed,Female,"01039935290",ghada.sayed69@yahoo.com,Luxor,Upper Egypt,Silver,1982-04-24,2021-02-27
CUS02149,Amira Ragab,Female,"01144982485 ","",Alexandria,Alexandria,Bronze,2001-08-02,2022-12-20
CUS01376,Hany Hamdy,Male, 01047533969,hany.hamdy63@hotmail.com,Luxor,Upper Egypt,Bronze,1974-03-16,2023-06-25
CUS01125,Ahmed Ibrahim,Male,"01047276838 ",ahmed.ibrahim78@hotmail.com,Mansoura,Nile Delta,Bronze,1993-04-11,2022-10-23
CUS00291,Maged Farouk,Male,"01296869121",maged.farouk62@hotmail.com,Cairo,Greater Cairo,Gold,1979-08-17,2021-03-22
CUS01913,Radwa Fathy,Female,"01052843211",radwa.fathy90@gmail.com,Sharm El Sheikh,South Sinai,Silver,1972-07-19,2023-08-28
CUS02704,Emad Nasser,Male,"01159723427",emad.nasser59@hotmail.com,Cairo,Greater Cairo,Bronze,1974-01-26,2020-07-14
CUS00384,Nader Farouk,Male,"01161224263",nader.farouk30@yahoo.com,Luxor,Upper Egypt,Bronze,1974-11-11,2022-02-10
CUS01566,Hassan Gouda,Male, 01187028916,"",Giza,Greater Cairo,Bronze,1989-06-09,2021-12-03
CUS01950,Heba Ragab,Female,  01287405259  ,heba.ragab93@gmail.com,Giza,Greater Cairo,Bronze,1989-05-23,2020-02-04
CUS02247,Mahmoud Shaaban,Male,"01211881759",mahmoud.shaaban46@outlook.com,Cairo,Greater Cairo,Silver,1998-02-21,2021-05-06
CUS00152,Adel Hassan,Male,"01112912708",adel.hassan66@yahoo.com,Cairo,Greater Cairo,Bronze,1989-04-07,2020-01-15
CUS01673,Emad Ahmed,Male,"01055615554","",Luxor,Upper Egypt,Gold,1989-08-13,2020-02-04
CUS00695,Tamer Bakr,Male,"01190879572","",Cairo,Greater Cairo,Silver,1975-09-16,2023-04-26
CUS00750,Mahmoud Ibrahim,Male,"01171843865",mahmoud.ibrahim93@outlook.com,Mansoura,Nile Delta,Bronze,1994-03-01,2023-11-17
CUS02622,Hoda Abdallah,Female,"01124363661",hoda.abdallah13@outlook.com,Suez,Canal Zone,Gold,1975-02-05,2023-07-08
CUS02452,Radwa Ibrahim,Female,"01086043270","",Ismailia,Canal Zone,Silver,1988-10-26,2023-06-27
CUS00410,Samir Ali,Male,"01254454724",samir.ali86@hotmail.com,Cairo,Greater Cairo,Silver,1978-07-14,2020-07-16
CUS02409,Ali Gamal,Male,"01040511801 ",ali.gamal23@outlook.com,Ismailia,Canal Zone,Bronze,1972-02-11,2022-10-15
CUS02913,Hassan Attia,Male,"01124326552 ",hassan.attia69@gmail.com,Zagazig,Nile Delta,Bronze,2001-09-19,2020-06-09
CUS01088,Magdy Mahmoud,Male, 01281017405,magdy.mahmoud35@yahoo.com,Cairo,Greater Cairo,Gold,1999-01-11,2023-08-25
CUS02267,Amira Gouda,Female,"01267767878",amira.gouda45@gmail.com,Alexandria,Alexandria,Bronze,1979-03-26,2021-04-16
CUS00899,Ramy Ibrahim,Male,  01073753876  ,ramy.ibrahim13@hotmail.com,Cairo,Greater Cairo,Bronze,2003-04-27,2022-11-19
CUS02534,Radwa Gamal,Female,"01167005667",radwa.gamal76@hotmail.com,Cairo,Greater Cairo,Bronze,1989-08-07,2021-07-21
CUS00459,Fady Barakat,Male,"01026955763",fady.barakat81@hotmail.com,Cairo,Greater Cairo,Bronze,1980-07-08,2021-06-07
CUS02250,Mariam Lotfy,Female,  01153308149  ,mariam.lotfy76@outlook.com,Cairo,Greater Cairo,Bronze,1991-09-28,2020-05-01
CUS00306,Sara Mahmoud,Female,  01068260195  ,sara.mahmoud74@gmail.com,Ismailia,Canal Zone,Gold,1991-06-13,2022-07-13
CUS02479,Yasmin Gamal,Female,  01035701522  ,yasmin.gamal62@hotmail.com,Cairo,Greater Cairo,Gold,1975-11-04,2020-05-09
CUS02074,Karim Wahba,Male,"01068023698 ","",Luxor,Upper Egypt,Silver,1995-05-25,2022-02-16
CUS01266,Ola Shaaban,Female,"01047946640",ola.shaaban27@gmail.com,Cairo,Greater Cairo,Silver,1986-07-24,2021-10-23
CUS02290,Radwa Mahmoud,Female,"01046975988 ","",Cairo,Greater Cairo,Bronze,1984-11-10,2022-06-18
CUS02703,Karim Ibrahim,Male,"01048014388",karim.ibrahim8@hotmail.com,Cairo,Greater Cairo,Bronze,1988-10-06,2020-03-03
CUS02884,Emad Khalil,Male,  01131865358  ,"",Cairo,Greater Cairo,Gold,1975-01-23,2021-09-21
CUS00753,Nadia Fathy,Female,"01159870894","",Mansoura,Nile Delta,Bronze,1995-08-23,2021-11-04
CUS02544,Ghada Hassan,Female,"01114698131",ghada.hassan40@hotmail.com,Mansoura,Nile Delta,Bronze,2001-02-19,2022-01-28
CUS02790,Samir Ramadan,Male, 01047848920,samir.ramadan4@hotmail.com,Sharm El Sheikh,South Sinai,Bronze,1989-05-06,2022-11-20
CUS01738,Aisha Mostafa,Female,"01122229571",aisha.mostafa55@gmail.com,Cairo,Greater Cairo,Platinum,1985-12-17,2022-09-25
CUS01166,Amr Ragab,Male, 01063354321,amr.ragab10@outlook.com,Aswan,Upper Egypt,Gold,1970-02-09,2023-01-07
CUS01450,Osama Sayed,Male,"01125319598 ",osama.sayed84@hotmail.com,Tanta,Nile Delta,Bronze,1973-08-01,2020-03-07
CUS02060,Radwa Khalil,Female,"01185908907",radwa.khalil42@outlook.com,Alexandria,Alexandria,Silver,2000-03-13,2021-08-08
CUS01848,Hoda Mohamed,Female,"01240269419","",Cairo,Greater Cairo,Silver,1989-09-23,2023-12-11
CUS01176,Emad Mahmoud,Male,"01154740105",emad.mahmoud79@yahoo.com,Alexandria,Alexandria,Bronze,1980-10-02,2020-02-05
CUS02118,Ayman Hassan,Male, 01224243671,ayman.hassan65@outlook.com,Mansoura,Nile Delta,Gold,1994-08-10,2023-03-04
CUS02006,Rana Attia,Female,"01213597082","",Zagazig,Nile Delta,Bronze,1993-10-21,2020-08-05
CUS01763,Mohamed Ismail,Male,  01291546908  ,mohamed.ismail44@hotmail.com,Cairo,Greater Cairo,Bronze,1994-02-03,2023-06-09
CUS02109,Emad Ali,Male,"01245195672",emad.ali37@yahoo.com,Cairo,Greater Cairo,Bronze,1998-01-02,2023-10-24
CUS02309,Engy Wahba,Female,"01020152539 ",engy.wahba14@outlook.com,Cairo,Greater Cairo,Bronze,1983-03-02,2023-10-01
CUS02293,Ramy Ibrahim,Male, 01044981801,ramy.ibrahim91@outlook.com,Cairo,Greater Cairo,Silver,1988-11-22,2023-12-08
CUS01870,Reem Fathy,Female,"01054891281",reem.fathy9@gmail.com,Zagazig,Nile Delta,Bronze,1996-09-15,2023-11-12
CUS02650,Rana Ali,Female,"01292562530",rana.ali70@gmail.com,Giza,Greater Cairo,Platinum,1981-08-20,2020-09-20
CUS00521,Mona Amin,Female,  01269567530  ,mona.amin88@outlook.com,Alexandria,Alexandria,Gold,1992-02-03,2020-11-14
CUS01233,Zeinab Abdallah,Female,"01073140855 ","",Cairo,Greater Cairo,Platinum,1984-06-03,2023-11-02
CUS01139,Lobna Wahba,Female,"01080898513","",Alexandria,Alexandria,Gold,2002-03-24,2023-07-09
CUS02836,Fady Sayed,Male,"01259036930",fady.sayed27@yahoo.com,Suez,Canal Zone,Bronze,1972-11-06,2021-08-04
CUS01280,Suzy Zaki,Female,"01176876044",suzy.zaki44@gmail.com,Alexandria,Alexandria,Bronze,2002-01-19,2021-11-14
CUS02772,Nader Bakr,Male,"01186527022",nader.bakr98@outlook.com,Cairo,Greater Cairo,Gold,1992-02-22,2022-02-03
CUS00944,Manar Hamdy,Female,"01040171534",manar.hamdy52@hotmail.com,Aswan,Upper Egypt,Silver,1989-02-23,2023-01-17
CUS00735,Fady Nasser,Male,"01025731762",fady.nasser82@hotmail.com,Giza,Greater Cairo,Bronze,1999-10-17,2021-11-26
CUS01312,Hany Hassan,Male,  01041329793  ,hany.hassan90@gmail.com,Suez,Canal Zone,Bronze,1989-08-25,2022-11-16
CUS01112,Nadia Bakr,Female,  01076569035  ,nadia.bakr61@gmail.com,Cairo,Greater Cairo,Bronze,1987-12-14,2023-05-10
CUS02714,Mariam Rizk,Female,"01094967012 ",mariam.rizk96@gmail.com,Giza,Greater Cairo,Bronze,1973-09-20,2022-08-19
CUS00313,Sherif Attia,Male,"01085031292 ",sherif.attia16@hotmail.com,Cairo,Greater Cairo,Bronze,2000-01-24,2022-01-17
CUS02352,Reem Nasser,Female,  01154046668  ,reem.nasser34@outlook.com,Suez,Canal Zone,Silver,1973-02-01,2022-09-27
CUS01968,Fatima Nasser,Female, 01096466715,fatima.nasser40@yahoo.com,Giza,Greater Cairo,Bronze,1978-01-09,2020-01-14
CUS02630,Suzy Badawi,Female,"01049566500",suzy.badawi19@gmail.com,Giza,Greater Cairo,Bronze,1985-05-16,2023-12-10
CUS01395,Hany Rizk,Male,  01118218152  ,hany.rizk55@gmail.com,Giza,Greater Cairo,Silver,1990-02-21,2021-01-26
CUS00769,Karim Gamal,Male,  01162285733  ,karim.gamal91@hotmail.com,Giza,Greater Cairo,Bronze,1974-01-02,2023-03-27
CUS01087,Suzy Hafez,Female,"01224919894",suzy.hafez75@outlook.com,Mansoura,Nile Delta,Silver,1992-09-05,2020-03-10
CUS01699,Aisha Mahmoud,Female,"01217115675",aisha.mahmoud75@hotmail.com,Ismailia,Canal Zone,Bronze,1980-07-19,2021-12-09
CUS01047,Samir Mostafa,Male,  01139308629  ,samir.mostafa75@outlook.com,Cairo,Greater Cairo,Bronze,1974-06-28,2021-07-08
CUS02334,Hoda Lotfy,Female,  01014114138  ,hoda.lotfy95@hotmail.com,Tanta,Nile Delta,Bronze,1992-07-09,2022-03-25
CUS00321,Hazem Lotfy,Male,"01172387558",hazem.lotfy3@hotmail.com,Alexandria,Alexandria,Silver,1977-05-02,2020-04-25
CUS02061,Ashraf Khalil,Male,"01246303469",ashraf.khalil82@hotmail.com,Cairo,Greater Cairo,Bronze,2000-01-24,2023-07-13
CUS01161,Walid Farouk,Male,"01159729857","",Aswan,Upper Egypt,Silver,1981-01-23,2021-08-07
CUS02134,Rana Barakat,Female,"01111127403",rana.barakat61@yahoo.com,Alexandria,Alexandria,Bronze,1989-02-01,2020-04-25
CUS01255,Dina Barakat,Female,"01164306604",dina.barakat31@yahoo.com,Tanta,Nile Delta,Bronze,1995-07-24,2022-12-20
CUS02501,Neveen Hamdy,Female,  01158535261  ,neveen.hamdy60@hotmail.com,Aswan,Upper Egypt,Silver,1985-03-07,2021-06-05
CUS00485,Aisha Salem,Female,"01057941821",aisha.salem47@yahoo.com,Alexandria,Alexandria,Silver,1996-04-22,2020-04-13
CUS02424,Rania Bakr,Female,"01138152295",rania.bakr63@hotmail.com,Giza,Greater Cairo,Silver,2001-06-10,2020-07-06
CUS02795,Omar Ramadan,Male,"01299183792",omar.ramadan63@gmail.com,Giza,Greater Cairo,Silver,1995-12-28,2023-02-04
CUS00672,Karim Ismail,Male,"01160307037","",Suez,Canal Zone,Platinum,1993-08-18,2023-05-27
CUS01474,Emad Hassan,Male,  01157184646  ,emad.hassan60@gmail.com,Giza,Greater Cairo,Silver,1988-02-10,2022-05-27
CUS01020,Ola Abdallah,Female,"01016649866",ola.abdallah45@gmail.com,Cairo,Greater Cairo,Bronze,1994-04-11,2021-09-06
CUS02787,Rana Ramadan,Female,  01128865768  ,rana.ramadan34@outlook.com,Ismailia,Canal Zone,Bronze,1986-04-21,2021-10-18
CUS02785,Eman Khalil,Female, 01182933966,eman.khalil11@gmail.com,Luxor,Upper Egypt,Bronze,2003-11-03,2023-03-15
CUS00390,Khaled Badawi,Male,"01039277781",khaled.badawi74@gmail.com,Hurghada,Red Sea,Silver,2000-05-05,2021-07-14
CUS01251,Ashraf Lotfy,Male,"01123763883",ashraf.lotfy58@gmail.com,Hurghada,Red Sea,Silver,1970-04-26,2022-08-28
CUS00134,Eman Badawi,Female,"01089299984",eman.badawi68@hotmail.com,Giza,Greater Cairo,Bronze,1978-12-18,2022-08-18
CUS00217,Salma Ibrahim,Female, 01263956682,salma.ibrahim28@gmail.com,Giza,Greater Cairo,Bronze,1982-07-11,2021-06-03
CUS01520,Hazem Badawi,Male,"01292321426",hazem.badawi7@outlook.com,Port Said,Canal Zone,Silver,1994-06-14,2021-03-27
CUS01417,Aisha Bakr,Female,"01126750164",aisha.bakr62@yahoo.com,Cairo,Greater Cairo,Platinum,1971-02-23,2020-03-19
CUS02157,Omar Ismail,Male,"01085722289",omar.ismail37@hotmail.com,Cairo,Greater Cairo,Bronze,1989-01-21,2021-01-17
CUS02225,Mona Mansour,Female,"01065154377",mona.mansour82@gmail.com,Cairo,Greater Cairo,Platinum,1976-04-03,2021-05-14
CUS02847,Manar Ismail,Female,"01039268622",manar.ismail24@yahoo.com,Hurghada,Red Sea,Silver,1996-11-24,2020-04-05
CUS00397,Mahmoud Ismail,Male,"01028013093",mahmoud.ismail80@outlook.com,Luxor,Upper Egypt,Bronze,1979-05-28,2020-09-09
CUS02959,Fatima Ali,Female,"01257143574",fatima.ali82@hotmail.com,Cairo,Greater Cairo,Bronze,1978-11-12,2023-12-07
CUS00037,Dina Rizk,Female,"01096702893 ",dina.rizk43@gmail.com,Giza,Greater Cairo,Bronze,1974-01-03,2020-08-02
CUS02240,Mahmoud Farouk,Male,"01088173211",mahmoud.farouk65@hotmail.com,Cairo,Greater Cairo,Silver,1994-04-17,2021-01-25
CUS01192,Magdy Ramadan,Male,"01037593285","",Alexandria,Alexandria,Bronze,1979-04-22,2022-05-23
CUS01569,Fatima Hafez,Female,"01241119594",fatima.hafez58@outlook.com,Mansoura,Nile Delta,Silver,1975-07-09,2022-02-25
CUS00497,Hossam Hamdy,Male,"01224406372",hossam.hamdy16@outlook.com,Alexandria,Alexandria,Bronze,1987-07-13,2020-10-10
CUS00357,Mohamed Ibrahim,Male,"01263598753","",Cairo,Greater Cairo,Silver,1999-07-11,2021-06-22
CUS00958,Mahmoud Salem,Male, 01264127552,mahmoud.salem94@hotmail.com,Cairo,Greater Cairo,Silver,1992-09-22,2023-05-17
CUS01665,Omar Ramadan,Male,"01267697780","",Sharm El Sheikh,South Sinai,Bronze,1980-08-20,2022-06-11
CUS00774,Engy Amin,Female,"01020214735",engy.amin54@gmail.com,Giza,Greater Cairo,Bronze,1995-01-14,2022-10-22
CUS02362,Omar Attia,Male,"01294694682",omar.attia18@gmail.com,Giza,Greater Cairo,Silver,1970-04-16,2020-05-12
CUS02456,Tamer Gamal,Male,  01133641606  ,tamer.gamal32@hotmail.com,Cairo,Greater Cairo,Bronze,1972-01-14,2022-11-14
CUS00993,Amr Hafez,Male,"01211062915",amr.hafez40@gmail.com,Cairo,Greater Cairo,Bronze,1988-06-01,2022-03-25
CUS00640,Wael Saad,Male, 01195202397,wael.saad71@hotmail.com,Giza,Greater Cairo,Gold,1998-01-11,2023-06-25
CUS01705,Walid Mohamed,Male,"01092786146",walid.mohamed90@gmail.com,Giza,Greater Cairo,Silver,1975-10-20,2023-01-23
CUS00587,Manar Ragab,Female, 01247430602,manar.ragab82@hotmail.com,Cairo,Greater Cairo,Bronze,1992-04-14,2023-04-28
CUS02394,Sherif Ibrahim,Male,"01054292729 ",sherif.ibrahim36@hotmail.com,Cairo,Greater Cairo,Bronze,1995-03-12,2021-12-15
CUS01803,Magdy Ahmed,Male,"01214025785",magdy.ahmed71@yahoo.com,Giza,Greater Cairo,Gold,1990-03-17,2023-09-26
CUS02812,Nadia Hafez,Female,"01263715764",nadia.hafez11@outlook.com,Mansoura,Nile Delta,Bronze,2002-10-07,2023-12-21
CUS01734,Salma Badawi,Female,  01123993698  ,salma.badawi9@hotmail.com,Giza,Greater Cairo,Gold,1999-11-02,2023-11-26
CUS02433,Sherif Amin,Male,"01294739020","",Ismailia,Canal Zone,Silver,1984-12-17,2021-06-01
CUS02161,Bassem Badawi,Male,"01089810354",bassem.badawi23@outlook.com,Mansoura,Nile Delta,Gold,2001-09-16,2022-06-25
CUS01769,Ghada Mostafa,Female, 01144236666,ghada.mostafa18@gmail.com,Giza,Greater Cairo,Platinum,1989-03-20,2023-12-23
CUS01409,Shaimaa Ali,Female,"01055086729",shaimaa.ali77@yahoo.com,Alexandria,Alexandria,Bronze,1981-09-21,2020-10-24
CUS01598,Nour Mahmoud,Female,  01054572063  ,"",Cairo,Greater Cairo,Bronze,1987-11-02,2023-03-27
CUS01882,Ghada Zaki,Female,  01162033611  ,ghada.zaki38@hotmail.com,Luxor,Upper Egypt,Bronze,1986-12-17,2020-12-28
CUS01486,Hany Fathy,Male,"01045472873",hany.fathy90@yahoo.com,Giza,Greater Cairo,Bronze,1991-05-02,2022-08-04
CUS00805,Sherif Badawi,Male, 01147470286,sherif.badawi3@yahoo.com,Giza,Greater Cairo,Silver,1997-03-20,2023-05-13
CUS00503,Karim Khalil,Male,"01021545180",karim.khalil18@gmail.com,Giza,Greater Cairo,Silver,1997-09-26,2022-07-19
CUS02183,Amira Mostafa,Female,"01187163248","",Cairo,Greater Cairo,Silver,2001-02-09,2021-05-25
CUS02337,Ali Farouk,Male,"01123126013",ali.farouk89@outlook.com,Giza,Greater Cairo,Bronze,2003-10-26,2023-06-05
CUS00419,Sara Gouda,Female,"01032405653","",Tanta,Nile Delta,Silver,1996-09-17,2020-12-07
CUS02641,Mahmoud Shaaban,Male, 01262218930,mahmoud.shaaban32@outlook.com,Giza,Greater Cairo,Bronze,1986-02-20,2023-05-11
CUS01496,Ashraf Hamdy,Male, 01230134690,ashraf.hamdy43@outlook.com,Mansoura,Nile Delta,Platinum,1995-06-24,2022-04-11
CUS01181,Hussein Zaki,Male,"01079447570",hussein.zaki34@outlook.com,Ismailia,Canal Zone,Silver,1985-11-27,2021-06-23
CUS01580,Nadia Rizk,Female,"01181364647","",Alexandria,Alexandria,Bronze,2003-09-11,2020-05-06
CUS02062,Adel Lotfy,Male,"01178880796 ",adel.lotfy96@outlook.com,Alexandria,Alexandria,Silver,1975-09-02,2021-05-09
CUS02364,Ayman Hafez,Male, 01213231624,ayman.hafez57@gmail.com,Alexandria,Alexandria,Bronze,1978-10-22,2021-01-27
CUS01529,Rania Fathy,Female,"01045999989",rania.fathy83@outlook.com,Hurghada,Red Sea,Bronze,1997-05-11,2022-02-20
CUS00748,Ibrahim Attia,Male,"01081626275",ibrahim.attia99@hotmail.com,Alexandria,Alexandria,Gold,1993-12-06,2020-09-17
CUS02434,Yasmin Fathy,Female, 01051652412,yasmin.fathy55@hotmail.com,Giza,Greater Cairo,Bronze,1971-05-01,2023-01-26
CUS00555,Omar Ahmed,Male,"01167096991","",Luxor,Upper Egypt,Bronze,1978-09-26,2023-07-25
CUS02568,Rana Ismail,Female, 01046060709,rana.ismail64@gmail.com,Giza,Greater Cairo,Gold,1994-01-10,2021-02-16
CUS00945,Karim Ramadan,Male,  01184351399  ,karim.ramadan21@outlook.com,Cairo,Greater Cairo,Bronze,1996-09-07,2023-01-17
CUS00252,Hussein Nasser,Male,  01189105321  ,hussein.nasser49@outlook.com,Giza,Greater Cairo,Bronze,2002-12-16,2021-09-08
CUS01477,Dina Ibrahim,Female,"01093364164",dina.ibrahim81@yahoo.com,Hurghada,Red Sea,Bronze,1982-10-22,2022-01-13
CUS01625,Emad Ragab,Male,"01276643230",emad.ragab21@yahoo.com,Cairo,Greater Cairo,Silver,1994-03-17,2022-03-15
CUS00371,Neveen Lotfy,Female,"01219560913 ",neveen.lotfy73@yahoo.com,Cairo,Greater Cairo,Silver,2001-05-21,2021-07-09
CUS01076,Nader Gamal,Male,  01289984645  ,nader.gamal12@gmail.com,Giza,Greater Cairo,Silver,1983-02-06,2023-04-25
CUS01850,Maged Ramadan,Male,"01159138081","",Mansoura,Nile Delta,Bronze,2003-08-16,2022-02-16
CUS01816,Neveen Ibrahim,Female,  01222522836  ,neveen.ibrahim9@gmail.com,Ismailia,Canal Zone,Bronze,1997-06-16,2020-11-24
CUS02169,Amira Mostafa,Female,  01247650461  ,amira.mostafa90@yahoo.com,Tanta,Nile Delta,Silver,1979-03-24,2021-09-25
CUS02080,Eman Gouda,Female,"01116579870",eman.gouda57@outlook.com,Hurghada,Red Sea,Silver,1974-12-03,2023-04-21
CUS02910,Mona Mohamed,Female,  01140195198  ,mona.mohamed1@outlook.com,Giza,Greater Cairo,Bronze,1975-11-24,2021-05-09
CUS02610,Ahmed Mostafa,Male,"01063360110",ahmed.mostafa95@outlook.com,Cairo,Greater Cairo,Bronze,1974-03-02,2022-03-14
CUS02119,Zeinab Younis,Female,"01228228078",zeinab.younis7@yahoo.com,Cairo,Greater Cairo,Silver,1985-12-09,2022-01-14
CUS02404,Wael Ibrahim,Male,"01294173034 ",wael.ibrahim25@hotmail.com,Giza,Greater Cairo,Bronze,1977-10-11,2023-08-20
CUS00197,Omar Mohamed,Male,"01268617594",omar.mohamed59@outlook.com,Zagazig,Nile Delta,Bronze,1979-12-16,2021-08-17
CUS02935,Mona Bakr,Female,"01020288463",mona.bakr73@yahoo.com,Tanta,Nile Delta,Bronze,1976-12-02,2022-12-19
CUS00737,Dalia Saad,Female,  01045661812  ,dalia.saad61@outlook.com,Giza,Greater Cairo,Bronze,2002-10-14,2023-06-04
CUS00142,Mahmoud Gouda,Male,  01043382936  ,mahmoud.gouda98@gmail.com,Cairo,Greater Cairo,Bronze,1979-06-25,2020-06-21
CUS01704,Neveen Ibrahim,Female,"01235623259",neveen.ibrahim18@hotmail.com,Alexandria,Alexandria,Silver,1979-08-19,2021-06-22
CUS00946,Akram Mostafa,Male,"01296011916",akram.mostafa76@outlook.com,Cairo,Greater Cairo,Gold,2000-09-22,2021-06-15
CUS01162,Doha Badawi,Female,  01052180686  ,doha.badawi95@outlook.com,Cairo,Greater Cairo,Bronze,1997-05-25,2023-08-23
CUS01938,Adel Salem,Male,"01144956007",adel.salem1@gmail.com,Aswan,Upper Egypt,Gold,2001-12-19,2020-09-18
CUS01617,Tamer Ismail,Male,  01147945749  ,tamer.ismail4@yahoo.com,Sharm El Sheikh,South Sinai,Bronze,1999-04-12,2020-07-20
CUS02776,Hassan Salem,Male,"01264964040",hassan.salem8@outlook.com,Giza,Greater Cairo,Gold,1973-06-18,2022-09-15
CUS01175,Youssef Younis,Male,  01267278051  ,youssef.younis95@yahoo.com,Mansoura,Nile Delta,Platinum,1985-07-06,2020-03-27
CUS00412,Ahmed Ramadan,Male,"01121088383",ahmed.ramadan32@hotmail.com,Port Said,Canal Zone,Bronze,2000-05-10,2020-05-23
CUS00565,Hassan Fathy,Male,"01196144415",hassan.fathy75@outlook.com,Giza,Greater Cairo,Bronze,1992-10-12,2021-09-19
CUS00310,Nader Amin,Male,"01199512805",nader.amin67@yahoo.com,Cairo,Greater Cairo,Silver,1984-06-10,2020-06-17
CUS00766,Rana Wahba,Female,  01048077170  ,rana.wahba58@hotmail.com,Alexandria,Alexandria,Silver,1976-08-20,2022-05-21
CUS00112,Khaled Sayed,Male,"01266343932",khaled.sayed77@gmail.com,Cairo,Greater Cairo,Silver,1971-04-17,2020-02-16
CUS00461,Wael Lotfy,Male,"01121135154",wael.lotfy14@gmail.com,Cairo,Greater Cairo,Bronze,1986-11-02,2023-10-04
CUS02348,Suzy Ismail,Female, 01276021402,suzy.ismail13@hotmail.com,Giza,Greater Cairo,Bronze,1979-04-11,2021-01-20
CUS01327,Hassan Khalil,Male,"01136375893",hassan.khalil85@hotmail.com,Cairo,Greater Cairo,Silver,1999-11-23,2023-09-11
CUS01322,Adel Mansour,Male,"01191793881 ",adel.mansour56@outlook.com,Cairo,Greater Cairo,Silver,2002-07-10,2021-05-06
CUS02372,Ibrahim Hamdy,Male,  01142247766  ,ibrahim.hamdy10@outlook.com,Aswan,Upper Egypt,Bronze,1991-10-01,2022-02-21
CUS01826,Youssef Fathy,Male,  01031224800  ,youssef.fathy27@gmail.com,Alexandria,Alexandria,Bronze,2001-11-10,2021-06-05
CUS00777,Sara Salem,Female,"01046245645",sara.salem99@outlook.com,Cairo,Greater Cairo,Silver,1977-01-08,2020-08-22
CUS02833,Neveen Gamal,Female,"01188557831 ",neveen.gamal36@hotmail.com,Cairo,Greater Cairo,Gold,1974-10-13,2022-11-04
CUS02952,Ahmed Lotfy,Male,"01129600614 ","",Tanta,Nile Delta,Bronze,1991-07-19,2021-07-28
CUS02021,Dina Lotfy,Female,  01168607910  ,dina.lotfy63@hotmail.com,Ismailia,Canal Zone,Bronze,1985-09-23,2020-12-11
CUS01094,Hana Shaaban,Female, 01276597407,hana.shaaban28@hotmail.com,Alexandria,Alexandria,Bronze,1974-06-23,2023-10-08
CUS00645,Sherif Salem,Male,"01092170846",sherif.salem25@outlook.com,Cairo,Greater Cairo,Bronze,1970-05-08,2021-09-19
CUS02488,Osama Nasser,Male,"01181273514",osama.nasser33@yahoo.com,Luxor,Upper Egypt,Silver,1999-06-20,2021-01-28
CUS00463,Engy Khalil,Female,"01098538924",engy.khalil45@outlook.com,Zagazig,Nile Delta,Silver,1981-05-01,2020-03-17
CUS00839,Amira Barakat,Female,"01043813544",amira.barakat76@hotmail.com,Alexandria,Alexandria,Gold,1990-10-11,2022-11-02
CUS02398,Eman Amin,Female,"01066684607 ",eman.amin29@hotmail.com,Cairo,Greater Cairo,Silver,1985-08-02,2022-01-03
CUS01293,Tamer Salem,Male, 01040051846,tamer.salem85@hotmail.com,Alexandria,Alexandria,Silver,1994-09-20,2023-01-08
CUS02273,Nader Hamdy,Male,"01282191219",nader.hamdy6@gmail.com,Alexandria,Alexandria,Bronze,2001-10-28,2020-06-19
CUS00244,Essam Ramadan,Male,"01126050250 ",essam.ramadan75@gmail.com,Giza,Greater Cairo,Gold,1986-11-22,2021-06-15
CUS00749,Youssef Ahmed,Male,"01042470699",youssef.ahmed32@outlook.com,Suez,Canal Zone,Silver,2000-03-28,2021-12-04
CUS00481,Eman Fathy,Female,"01056658526","",Mansoura,Nile Delta,Silver,1983-03-26,2021-09-23
CUS02173,Neveen Ahmed,Female,"01264731709",neveen.ahmed39@outlook.com,Cairo,Greater Cairo,Silver,2003-07-06,2023-01-22
CUS02454,Doha Mansour,Female,"01283809434",doha.mansour26@gmail.com,Giza,Greater Cairo,Bronze,1978-06-22,2023-04-06
CUS01508,Sara Rizk,Female,"01091429935","",Alexandria,Alexandria,Silver,1994-04-09,2022-10-15
CUS02766,Fatima Bakr,Female,"01020636033",fatima.bakr36@yahoo.com,Port Said,Canal Zone,Gold,1987-07-17,2021-07-01
CUS02596,Adel Ibrahim,Male,"01095690045 ",adel.ibrahim55@hotmail.com,Hurghada,Red Sea,Silver,2001-04-22,2022-05-14
CUS00209,Dalia Saad,Female,  01144539133  ,dalia.saad43@gmail.com,Cairo,Greater Cairo,Bronze,1997-12-22,2022-05-06
CUS01351,Doha Ismail,Female,"01096319246",doha.ismail56@hotmail.com,Luxor,Upper Egypt,Gold,1990-08-05,2020-11-23
CUS00708,Mohamed Ahmed,Male,"01169735024 ","",Hurghada,Red Sea,Platinum,1970-05-01,2021-11-07
CUS02457,Ola Ahmed,Female,"01175812955",ola.ahmed21@hotmail.com,Giza,Greater Cairo,Gold,1990-04-10,2022-04-23
CUS00999,Ayman Shaaban,Male,  01072818001  ,ayman.shaaban98@hotmail.com,Port Said,Canal Zone,Bronze,1990-07-07,2021-08-18
CUS00803,Ayman Salem,Male,  01111023114  ,ayman.salem54@gmail.com,Alexandria,Alexandria,Bronze,1974-03-16,2020-03-07
CUS02607,Lobna Hafez,Female,"01160625447",lobna.hafez13@outlook.com,Cairo,Greater Cairo,Gold,1996-03-22,2022-09-15
CUS02695,Fatima Mansour,Female,"01259524021",fatima.mansour14@gmail.com,Ismailia,Canal Zone,Silver,1991-03-22,2020-06-12
CUS02164,Salma Gamal,Female,"01148500243",salma.gamal85@outlook.com,Aswan,Upper Egypt,Bronze,1974-06-15,2020-10-18
CUS00859,Emad Mansour,Male,"01134502256",emad.mansour46@hotmail.com,Alexandria,Alexandria,Silver,1991-06-09,2021-11-08
CUS02231,Ahmed Bakr,Male,"01051915131",ahmed.bakr36@yahoo.com,Zagazig,Nile Delta,Bronze,2002-04-19,2023-09-17
CUS00350,Manar Zaki,Female,"01214323017",manar.zaki81@outlook.com,Mansoura,Nile Delta,Bronze,1990-10-01,2023-04-13
CUS00789,Manar Ismail,Female,"01234744102",manar.ismail92@gmail.com,Alexandria,Alexandria,Bronze,1986-12-05,2021-04-24
CUS01615,Hoda Gamal,Female,"01257408537",hoda.gamal5@outlook.com,Giza,Greater Cairo,Silver,1975-09-27,2022-07-25
CUS01392,Doha Mohamed,Female, 01135446515,doha.mohamed42@outlook.com,Cairo,Greater Cairo,Bronze,1991-09-07,2021-09-12
CUS02036,Suzy Ibrahim,Female,"01251984383",suzy.ibrahim25@outlook.com,Giza,Greater Cairo,Bronze,1973-11-26,2021-02-05
CUS00361,Karim Ibrahim,Male,"01232532859",karim.ibrahim42@yahoo.com,Giza,Greater Cairo,Gold,1984-02-26,2021-09-13
CUS02237,Heba Mahmoud,Female,"01240931972",heba.mahmoud51@gmail.com,Suez,Canal Zone,Bronze,1973-05-01,2020-11-18
CUS00669,Essam Lotfy,Male,"01170353847",essam.lotfy82@outlook.com,Cairo,Greater Cairo,Silver,1988-11-20,2023-03-15
CUS00129,Osama Gamal,Male,  01191279039  ,osama.gamal37@hotmail.com,Cairo,Greater Cairo,Bronze,1971-07-04,2022-11-17
CUS01314,Magdy Fathy,Male,  01236081078  ,"",Aswan,Upper Egypt,Silver,1997-07-04,2020-12-23
CUS02241,Dalia Hafez,Female, 01289733241,dalia.hafez90@yahoo.com,Hurghada,Red Sea,Bronze,1985-06-22,2021-09-11
CUS02115,Ashraf Hafez,Male, 01156787483,ashraf.hafez65@gmail.com,Mansoura,Nile Delta,Bronze,1999-07-10,2022-12-09
CUS01209,Aisha Mostafa,Female,"01291939357",aisha.mostafa9@hotmail.com,Cairo,Greater Cairo,Bronze,1988-06-25,2023-04-01
CUS02668,Adel Hafez,Male,"01166835720","",Mansoura,Nile Delta,Bronze,1993-09-25,2021-07-17
CUS02608,Mahmoud Abdallah,Male,  01227028687  ,mahmoud.abdallah60@hotmail.com,Cairo,Greater Cairo,Silver,1972-08-11,2021-10-01
CUS00515,Bassem Lotfy,Male,  01060912405  ,bassem.lotfy70@hotmail.com,Cairo,Greater Cairo,Gold,1998-01-08,2020-10-25
CUS02283,Engy Mansour,Female,"01052623801 ","",Alexandria,Alexandria,Gold,1974-03-18,2021-08-28
CUS02507,Reham Ragab,Female,"01041725009",reham.ragab68@gmail.com,Luxor,Upper Egypt,Bronze,1983-12-16,2022-04-17
CUS02059,Ahmed Zaki,Male,"01231309629","",Mansoura,Nile Delta,Bronze,1983-09-14,2022-06-19
CUS02755,Magdy Mahmoud,Male,"01258225405",magdy.mahmoud23@yahoo.com,Suez,Canal Zone,Silver,1987-09-22,2022-03-20
CUS02321,Reem Gouda,Female,"01259057227",reem.gouda70@outlook.com,Suez,Canal Zone,Gold,1992-06-21,2022-01-01
CUS02020,Mahmoud Mohamed,Male,"01047312054",mahmoud.mohamed36@gmail.com,Mansoura,Nile Delta,Bronze,2001-05-13,2023-05-10
CUS00157,Karim Fathy,Male,"01085318641","",Tanta,Nile Delta,Gold,1995-11-19,2023-06-22
CUS01057,Youssef Ahmed,Male,  01268008304  ,youssef.ahmed30@yahoo.com,Hurghada,Red Sea,Gold,1973-08-13,2021-09-20
CUS00278,Dina Attia,Female,"01016681756 ","",Mansoura,Nile Delta,Bronze,1982-05-23,2022-03-19
CUS01903,Hana Ragab,Female,"01059344483 ",hana.ragab33@hotmail.com,Hurghada,Red Sea,Bronze,1984-03-15,2021-01-02
CUS00133,Samah Zaki,Female,"01169479985","",Cairo,Greater Cairo,Bronze,1984-04-24,2022-06-28
CUS02593,Emad Mostafa,Male,"01178991841",emad.mostafa54@gmail.com,Alexandria,Alexandria,Gold,1990-11-15,2021-08-15
CUS00038,Manar Fathy,Female,"01133193791 ",manar.fathy20@gmail.com,Cairo,Greater Cairo,Bronze,1971-07-22,2021-11-10
CUS00580,Maged Amin,Male, 01020272507,maged.amin13@outlook.com,Cairo,Greater Cairo,Silver,2003-10-15,2020-06-21
CUS01927,Fady Hamdy,Male,"01225041588",fady.hamdy16@yahoo.com,Alexandria,Alexandria,Gold,1994-12-26,2022-07-08
CUS01421,Zeinab Nasser,Female,  01061598902  ,zeinab.nasser26@gmail.com,Giza,Greater Cairo,Bronze,1977-11-18,2021-05-26
CUS01953,Engy Gouda,Female,"01093091442",engy.gouda85@outlook.com,Alexandria,Alexandria,Gold,1994-01-10,2023-12-13
CUS01467,Nadia Fathy,Female,"01234454088",nadia.fathy51@yahoo.com,Ismailia,Canal Zone,Bronze,1996-03-04,2022-06-09
CUS00391,Ali Sayed,Male,"01025750026",ali.sayed81@outlook.com,Sharm El Sheikh,South Sinai,Bronze,1992-08-06,2021-01-04
CUS01113,Tamer Farouk,Male,"01034651384 ",tamer.farouk24@yahoo.com,Cairo,Greater Cairo,Platinum,1989-05-28,2022-02-05
CUS02252,Dina Attia,Female,"01059425988 ",dina.attia95@gmail.com,Suez,Canal Zone,Silver,1977-03-10,2021-03-12
CUS01334,Ibrahim Ali,Male,"01056963366",ibrahim.ali32@hotmail.com,Sharm El Sheikh,South Sinai,Bronze,1976-07-04,2020-02-07
CUS00149,Hany Lotfy,Male,"01243388408",hany.lotfy96@gmail.com,Cairo,Greater Cairo,Silver,1982-04-17,2022-11-15
CUS02091,Dina Zaki,Female, 01160810189,dina.zaki15@gmail.com,Hurghada,Red Sea,Bronze,1981-11-25,2023-05-25
CUS02927,Salma Khalil,Female,"01096665204",salma.khalil22@yahoo.com,Hurghada,Red Sea,Gold,1988-07-16,2023-02-01
CUS02162,Walid Younis,Male,  01258786580  ,walid.younis98@yahoo.com,Mansoura,Nile Delta,Bronze,1996-08-09,2022-08-24
CUS02686,Ali Shaaban,Male,"01027295330",ali.shaaban55@outlook.com,Cairo,Greater Cairo,Bronze,1985-04-13,2021-07-03
CUS01547,Bassem Sayed,Male,"01192647878","",Hurghada,Red Sea,Silver,1971-02-15,2020-07-15
CUS00182,Nour Barakat,Female,"01252346074",nour.barakat46@gmail.com,Cairo,Greater Cairo,Bronze,1989-10-24,2021-05-27
CUS00814,Samah Ali,Female, 01064590632,samah.ali80@hotmail.com,Port Said,Canal Zone,Silver,1972-11-16,2020-10-25
CUS02400,Sara Attia,Female,"01070533728 ",sara.attia1@yahoo.com,Mansoura,Nile Delta,Platinum,1987-10-07,2020-12-23
CUS01921,Omar Fathy,Male,  01277050835  ,omar.fathy6@outlook.com,Tanta,Nile Delta,Gold,1983-07-10,2022-12-23
CUS01329,Reham Mahmoud,Female,  01298017125  ,"",Mansoura,Nile Delta,Bronze,1976-07-26,2021-08-05
CUS01654,Salma Mohamed,Female,"01125618711",salma.mohamed41@gmail.com,Giza,Greater Cairo,Bronze,1979-04-14,2023-08-14
CUS01204,Nader Nasser,Male,"01216266737 ",nader.nasser88@yahoo.com,Giza,Greater Cairo,Silver,2002-06-22,2023-07-01
CUS00876,Sherif Mansour,Male,"01030829470",sherif.mansour22@gmail.com,Cairo,Greater Cairo,Gold,1971-06-06,2023-06-22
CUS02973,Ahmed Ibrahim,Male,"01124183449 ",ahmed.ibrahim28@yahoo.com,Hurghada,Red Sea,Bronze,1979-01-17,2023-02-19
CUS00712,Magdy Hassan,Male,"01185020246",magdy.hassan7@hotmail.com,Alexandria,Alexandria,Bronze,1972-10-27,2022-02-20
CUS01901,Ashraf Fathy,Male,"01176541443",ashraf.fathy75@outlook.com,Alexandria,Alexandria,Bronze,1989-12-17,2022-11-25
CUS02182,Neveen Mohamed,Female,"01213427172",neveen.mohamed56@outlook.com,Cairo,Greater Cairo,Bronze,1980-04-22,2020-05-18
CUS00478,Reem Mohamed,Female,"01073919907",reem.mohamed11@hotmail.com,Alexandria,Alexandria,Bronze,1999-03-09,2023-04-05
CUS00947,Samah Mohamed,Female,"01027810833 ",samah.mohamed81@yahoo.com,Cairo,Greater Cairo,Platinum,1985-03-01,2023-01-10
CUS00623,Rana Khalil,Female,"01022364660 ",rana.khalil54@outlook.com,Giza,Greater Cairo,Silver,1976-01-12,2021-10-26
CUS00537,Noha Zaki,Female,"01175796479",noha.zaki13@yahoo.com,Aswan,Upper Egypt,Platinum,1984-05-22,2020-05-14
CUS02126,Suzy Gamal,Female,"01277489764",suzy.gamal72@outlook.com,Mansoura,Nile Delta,Bronze,1988-11-06,2023-11-17
CUS00726,Sara Ibrahim,Female,"01173703158 ",sara.ibrahim16@gmail.com,Aswan,Upper Egypt,Bronze,1975-05-22,2021-02-19
CUS01429,Ahmed Amin,Male,"01054974011",ahmed.amin89@gmail.com,Mansoura,Nile Delta,Silver,1971-02-14,2022-06-01
CUS00093,Fady Ahmed,Male,"01283841249 ",fady.ahmed24@gmail.com,Hurghada,Red Sea,Silver,1989-08-26,2021-07-18
CUS00281,Walid Nasser,Male, 01290154282,walid.nasser31@outlook.com,Suez,Canal Zone,Platinum,1994-12-14,2022-10-22
CUS00761,Reem Attia,Female,"01277893186 ",reem.attia11@yahoo.com,Cairo,Greater Cairo,Gold,1979-02-23,2021-10-16
CUS00249,Tamer Farouk,Male,"01020550179 ","",Ismailia,Canal Zone,Bronze,1989-03-07,2023-07-02
CUS02649,Tamer Ragab,Male,"01290725443",tamer.ragab79@hotmail.com,Giza,Greater Cairo,Silver,1975-05-24,2020-07-15
CUS00268,Hana Ragab,Female,"01044419684",hana.ragab4@yahoo.com,Tanta,Nile Delta,Silver,1987-05-21,2022-08-16
CUS00717,Maged Salem,Male,"01224468787",maged.salem97@outlook.com,Aswan,Upper Egypt,Silver,1982-12-01,2022-04-18
CUS01902,Tarek Attia,Male,  01210285745  ,tarek.attia51@outlook.com,Cairo,Greater Cairo,Bronze,2002-07-18,2023-05-21
CUS02472,Suzy Sayed,Female,  01240048805  ,suzy.sayed30@gmail.com,Ismailia,Canal Zone,Gold,1993-11-11,2021-11-10
CUS02907,Tarek Sayed,Male,"01178102084",tarek.sayed12@gmail.com,Ismailia,Canal Zone,Bronze,1973-09-17,2020-10-20
CUS00853,Omar Barakat,Male,"01053941883",omar.barakat72@hotmail.com,Cairo,Greater Cairo,Silver,1981-02-19,2021-07-20
CUS00374,Ayman Rizk,Male,"01261377017",ayman.rizk12@gmail.com,Tanta,Nile Delta,Silver,1989-09-18,2022-03-09
CUS01997,Wael Ramadan,Male,"01186491866 ",wael.ramadan90@hotmail.com,Port Said,Canal Zone,Silver,1975-08-19,2022-08-24
CUS02908,Suzy Amin,Female,"01210277815 ",suzy.amin84@hotmail.com,Cairo,Greater Cairo,Bronze,1988-03-25,2022-04-26
CUS01543,Hossam Zaki,Male,"01197067214 ",hossam.zaki19@hotmail.com,Alexandria,Alexandria,Bronze,1976-07-18,2022-06-18
CUS00718,Amira Mohamed,Female,  01037794800  ,amira.mohamed16@outlook.com,Ismailia,Canal Zone,Bronze,1971-01-10,2022-11-13
CUS02987,Suzy Attia,Female,"01156930070",suzy.attia46@outlook.com,Cairo,Greater Cairo,Bronze,2003-09-17,2023-02-04
CUS02621,Nadia Hassan,Female,  01220613190  ,nadia.hassan90@yahoo.com,Hurghada,Red Sea,Silver,2002-12-14,2020-07-11
CUS00852,Youssef Mansour,Male,  01131369764  ,youssef.mansour43@outlook.com,Zagazig,Nile Delta,Bronze,1984-11-12,2020-11-09
CUS00516,Nadia Nasser,Female,"01268260695",nadia.nasser14@outlook.com,Cairo,Greater Cairo,Bronze,1971-06-24,2022-09-15
CUS01471,Fatima Mansour,Female,  01096750195  ,fatima.mansour68@yahoo.com,Alexandria,Alexandria,Gold,1989-03-21,2020-07-22
CUS02809,Nadia Ibrahim,Female,  01032902802  ,nadia.ibrahim39@gmail.com,Alexandria,Alexandria,Gold,1976-12-01,2023-03-08
CUS01811,Dina Hamdy,Female,"01222162326","",Mansoura,Nile Delta,Silver,1973-07-24,2023-11-26
CUS02737,Ayman Mohamed,Male,"01295533714",ayman.mohamed41@gmail.com,Sharm El Sheikh,South Sinai,Bronze,1974-06-02,2021-10-17
CUS02312,Reem Gouda,Female,"01044908784","",Luxor,Upper Egypt,Silver,1976-06-16,2023-07-01
CUS00051,Ibrahim Zaki,Male,  01245568288  ,ibrahim.zaki48@yahoo.com,Ismailia,Canal Zone,Bronze,1995-08-16,2023-01-09
CUS01842,Mahmoud Nasser,Male, 01034993585,"",Giza,Greater Cairo,Bronze,1983-02-06,2023-01-10
CUS01891,Ali Younis,Male,"01059735290",ali.younis12@outlook.com,Cairo,Greater Cairo,Silver,1982-02-16,2021-04-13
CUS00700,Mahmoud Younis,Male,"01215285691",mahmoud.younis9@gmail.com,Alexandria,Alexandria,Silver,1990-10-25,2021-03-04
CUS02823,Akram Mohamed,Male, 01165979497,akram.mohamed63@hotmail.com,Mansoura,Nile Delta,Silver,1971-08-19,2020-10-07
CUS02926,Radwa Gouda,Female,  01078663550  ,radwa.gouda57@hotmail.com,Suez,Canal Zone,Gold,1981-06-08,2022-02-04
CUS00017,Ramy Ibrahim,Male, 01076399516,ramy.ibrahim73@outlook.com,Giza,Greater Cairo,Bronze,1995-04-14,2022-11-25
CUS01800,Walid Hassan,Male,  01090961227  ,walid.hassan94@gmail.com,Cairo,Greater Cairo,Silver,1976-10-04,2023-04-28
CUS01219,Ayman Rizk,Male,"01269004183","",Mansoura,Nile Delta,Silver,2002-02-23,2021-07-27
CUS01920,Hussein Fathy,Male,  01242075322  ,hussein.fathy93@hotmail.com,Giza,Greater Cairo,Silver,1985-12-25,2020-07-20
CUS02201,Ibrahim Salem,Male,"01131449737",ibrahim.salem76@gmail.com,Ismailia,Canal Zone,Silver,1994-06-26,2021-08-25
CUS00099,Dina Younis,Female,"01214136476",dina.younis70@hotmail.com,Cairo,Greater Cairo,Gold,1998-07-13,2021-05-22
CUS01635,Dalia Barakat,Female, 01024034673,dalia.barakat41@outlook.com,Port Said,Canal Zone,Bronze,1983-02-01,2021-03-15
CUS02451,Adel Khalil,Male,"01094140638 ",adel.khalil20@outlook.com,Cairo,Greater Cairo,Bronze,1996-03-16,2023-05-28
CUS02192,Fatima Ismail,Female,"01077252568",fatima.ismail87@hotmail.com,Suez,Canal Zone,Silver,1997-09-20,2020-05-07
CUS02904,Ibrahim Khalil,Male,"01080740167",ibrahim.khalil18@yahoo.com,Giza,Greater Cairo,Bronze,1990-01-23,2021-08-05
CUS00649,Mohamed Fathy,Male, 01063183240,mohamed.fathy43@yahoo.com,Hurghada,Red Sea,Silver,1997-12-25,2023-03-25
CUS01307,Mariam Abdallah,Female,"01046059588",mariam.abdallah93@outlook.com,Tanta,Nile Delta,Gold,1978-11-23,2023-09-08
CUS02694,Ola Khalil,Female,"01059222062",ola.khalil99@outlook.com,Alexandria,Alexandria,Bronze,1976-05-18,2021-11-27
CUS01523,Tarek Farouk,Male,"01242127494",tarek.farouk28@gmail.com,Giza,Greater Cairo,Bronze,1989-08-05,2022-12-08
CUS01368,Yasmin Farouk,Female,  01139151447  ,yasmin.farouk60@outlook.com,Suez,Canal Zone,Bronze,1970-05-26,2020-05-11
CUS00493,Akram Attia,Male,  01197225409  ,akram.attia89@hotmail.com,Cairo,Greater Cairo,Silver,1973-02-02,2020-02-24
CUS02264,Hussein Hassan,Male,"01216614286",hussein.hassan95@hotmail.com,Giza,Greater Cairo,Silver,1977-09-12,2022-01-24
CUS02620,Essam Salem,Male,  01178042648  ,essam.salem29@yahoo.com,Giza,Greater Cairo,Gold,1982-01-07,2020-09-25
CUS01584,Adel Hamdy,Male,"01073604365","",Alexandria,Alexandria,Silver,1996-03-19,2020-04-07
CUS01511,Ali Ragab,Male,"01199072761",ali.ragab56@yahoo.com,Aswan,Upper Egypt,Bronze,1993-10-18,2022-06-10
CUS02805,Fady Salem,Male, 01246193334,fady.salem20@gmail.com,Alexandria,Alexandria,Bronze,1995-05-05,2021-03-02
CUS01147,Ashraf Sayed,Male,  01183421108  ,ashraf.sayed60@gmail.com,Hurghada,Red Sea,Bronze,1970-03-26,2020-03-21
CUS00001,Manar Hamdy,Female,  01283233096  ,manar.hamdy91@yahoo.com,Giza,Greater Cairo,Silver,1977-10-07,2023-05-27
CUS02923,Doha Saad,Female,  01056612671  ,doha.saad79@gmail.com,Aswan,Upper Egypt,Silver,1981-05-01,2023-09-01
CUS00153,Tarek Amin,Male,"01122335296","",Cairo,Greater Cairo,Bronze,1984-05-26,2022-08-06
CUS02448,Dalia Khalil,Female, 01192663590,dalia.khalil34@gmail.com,Cairo,Greater Cairo,Bronze,1978-12-14,2021-09-06
CUS01721,Mariam Nasser,Female,"01190808054 ",mariam.nasser90@yahoo.com,Cairo,Greater Cairo,Silver,1996-01-23,2022-07-08
CUS00613,Omar Mahmoud,Male,"01221774955",omar.mahmoud10@outlook.com,Mansoura,Nile Delta,Gold,1977-09-06,2022-08-15
CUS00991,Suzy Shaaban,Female,"01159633035",suzy.shaaban87@hotmail.com,Hurghada,Red Sea,Bronze,1971-06-24,2023-06-26
CUS01713,Shaimaa Shaaban,Female,"01146624012",shaimaa.shaaban44@outlook.com,Hurghada,Red Sea,Bronze,2003-09-03,2021-05-24
CUS02128,Shaimaa Ali,Female, 01062077771,shaimaa.ali41@gmail.com,Cairo,Greater Cairo,Gold,1985-07-24,2023-02-28
CUS02532,Hossam Mahmoud,Male, 01255548057,"",Aswan,Upper Egypt,Platinum,1971-04-13,2022-03-24
CUS00031,Dalia Hamdy,Female,  01242900372  ,dalia.hamdy82@gmail.com,Mansoura,Nile Delta,Silver,2001-04-24,2022-01-25
CUS02752,Omar Fathy,Male,"01041480353",omar.fathy90@yahoo.com,Tanta,Nile Delta,Gold,1983-07-16,2020-10-23
CUS01746,Rana Gamal,Female,  01286260244  ,rana.gamal33@gmail.com,Alexandria,Alexandria,Gold,2000-10-11,2021-11-08
CUS00603,Hazem Younis,Male, 01243423167,hazem.younis15@yahoo.com,Cairo,Greater Cairo,Gold,1989-05-28,2023-01-11
CUS02518,Shaimaa Lotfy,Female,  01038522803  ,shaimaa.lotfy97@gmail.com,Alexandria,Alexandria,Bronze,1970-04-02,2022-03-23
CUS01587,Doha Mohamed,Female,"01186658763 ",doha.mohamed93@outlook.com,Tanta,Nile Delta,Gold,1976-06-06,2020-08-18
CUS02941,Sherif Abdallah,Male,"01265743422 ",sherif.abdallah40@yahoo.com,Cairo,Greater Cairo,Bronze,1970-04-04,2021-09-24
CUS02187,Ali Farouk,Male, 01144479284,ali.farouk72@hotmail.com,Luxor,Upper Egypt,Platinum,2000-11-13,2020-04-08
CUS02226,Nadia Salem,Female,"01256535485",nadia.salem59@hotmail.com,Alexandria,Alexandria,Silver,2002-02-05,2022-10-23
CUS01475,Fady Mahmoud,Male,"01061746772","",Giza,Greater Cairo,Bronze,1973-09-27,2021-06-13
CUS02931,Suzy Mohamed,Female,"01165312224",suzy.mohamed90@yahoo.com,Alexandria,Alexandria,Bronze,1999-02-17,2023-04-21
CUS02623,Nader Salem,Male,  01270612666  ,nader.salem69@outlook.com,Giza,Greater Cairo,Platinum,1996-08-07,2023-05-14
CUS01940,Karim Zaki,Male,  01096305446  ,karim.zaki88@yahoo.com,Cairo,Greater Cairo,Gold,1999-06-13,2023-03-10
CUS02882,Reem Ibrahim,Female, 01266810647,reem.ibrahim92@gmail.com,Luxor,Upper Egypt,Bronze,1977-02-10,2020-06-22
CUS00694,Ghada Ismail,Female,"01286809444",ghada.ismail32@outlook.com,Cairo,Greater Cairo,Silver,1978-06-26,2023-01-11
CUS00938,Hany Badawi,Male,"01086237437",hany.badawi71@outlook.com,Suez,Canal Zone,Bronze,1980-09-08,2020-07-27
CUS02405,Fady Rizk,Male,"01052523431",fady.rizk52@hotmail.com,Tanta,Nile Delta,Gold,2002-06-13,2020-07-19
CUS01012,Dina Lotfy,Female,"01183433438",dina.lotfy18@gmail.com,Ismailia,Canal Zone,Platinum,1983-10-11,2022-03-14
CUS00105,Hoda Salem,Female,  01249057246  ,hoda.salem2@yahoo.com,Suez,Canal Zone,Bronze,1993-07-08,2021-09-05
CUS00227,Ashraf Nasser,Male,"01096924795",ashraf.nasser59@gmail.com,Ismailia,Canal Zone,Bronze,1978-06-10,2023-08-25
CUS01643,Hussein Gouda,Male, 01058344299,"",Alexandria,Alexandria,Bronze,1971-04-24,2021-07-21
CUS01234,Ola Mahmoud,Female,"01232341708",ola.mahmoud25@hotmail.com,Cairo,Greater Cairo,Bronze,2000-12-08,2020-10-27
CUS01812,Ramy Hafez,Male, 01289606631,ramy.hafez65@outlook.com,Hurghada,Red Sea,Bronze,1977-10-04,2023-02-16
CUS00341,Aisha Abdallah,Female,"01055417034",aisha.abdallah85@yahoo.com,Alexandria,Alexandria,Bronze,1994-11-26,2023-12-03
CUS01124,Wael Badawi,Male,  01052726974  ,wael.badawi43@yahoo.com,Hurghada,Red Sea,Bronze,1975-02-17,2022-03-01
CUS02792,Adel Ibrahim,Male,"01070107253",adel.ibrahim22@outlook.com,Ismailia,Canal Zone,Silver,1974-04-12,2023-04-07
CUS00058,Fady Saad,Male,"01035224301 ",fady.saad67@hotmail.com,Cairo,Greater Cairo,Bronze,1996-10-21,2020-09-26
CUS00648,Suzy Ramadan,Female,"01270192392",suzy.ramadan19@gmail.com,Tanta,Nile Delta,Bronze,1974-03-01,2022-02-24
CUS02765,Neveen Gamal,Female,"01068327873",neveen.gamal66@gmail.com,Cairo,Greater Cairo,Silver,1989-08-14,2021-01-10
CUS01717,Tamer Gamal,Male,"01054955754",tamer.gamal67@outlook.com,Cairo,Greater Cairo,Bronze,2001-11-05,2020-12-20
CUS01794,Hussein Wahba,Male,"01266452768",hussein.wahba94@gmail.com,Tanta,Nile Delta,Bronze,1993-10-27,2021-06-01
CUS01614,Hazem Barakat,Male, 01289711480,hazem.barakat15@outlook.com,Giza,Greater Cairo,Bronze,2002-09-04,2021-09-17
CUS02751,Noha Fathy,Female,  01123904902  ,noha.fathy69@gmail.com,Giza,Greater Cairo,Gold,1980-05-15,2022-07-04
CUS02420,Dalia Nasser,Female,"01236855559","",Giza,Greater Cairo,Bronze,2001-02-27,2020-11-01
CUS00504,Amr Barakat,Male,"01086553774",amr.barakat18@gmail.com,Aswan,Upper Egypt,Bronze,2001-04-27,2023-07-21
CUS02462,Omar Mohamed,Male, 01185032591,omar.mohamed73@yahoo.com,Suez,Canal Zone,Bronze,1972-10-19,2020-07-21
CUS00752,Hossam Ismail,Male,"01229752845 ",hossam.ismail39@outlook.com,Port Said,Canal Zone,Gold,1971-04-14,2021-03-01
CUS01386,Ali Mostafa,Male,"01259605688",ali.mostafa7@gmail.com,Giza,Greater Cairo,Bronze,1982-03-09,2020-02-11
CUS02333,Mohamed Lotfy,Male,  01025214279  ,mohamed.lotfy12@gmail.com,Mansoura,Nile Delta,Gold,1976-04-21,2023-03-01
CUS01408,Fatima Mahmoud,Female,  01089098923  ,"",Hurghada,Red Sea,Silver,1973-01-24,2023-09-04
CUS00106,Tamer Gouda,Male,  01141104946  ,tamer.gouda47@outlook.com,Cairo,Greater Cairo,Bronze,1992-01-08,2023-08-02
CUS00122,Osama Amin,Male,  01255901507  ,osama.amin74@hotmail.com,Suez,Canal Zone,Gold,1988-02-13,2021-12-22
CUS00116,Adel Gamal,Male,"01225983420",adel.gamal28@outlook.com,Luxor,Upper Egypt,Silver,1995-12-05,2022-09-20
CUS02112,Bassem Gamal,Male,  01278127411  ,"",Cairo,Greater Cairo,Platinum,1982-11-07,2020-07-02
CUS00801,Emad Hassan,Male,"01170714168",emad.hassan74@gmail.com,Tanta,Nile Delta,Gold,1997-12-12,2022-04-06
CUS02211,Youssef Badawi,Male, 01151877379,youssef.badawi74@gmail.com,Zagazig,Nile Delta,Platinum,1972-03-24,2022-09-10
CUS00274,Reem Zaki,Female,"01252571763","",Suez,Canal Zone,Silver,1983-03-15,2020-08-16
CUS00501,Essam Bakr,Male,"01024150817",essam.bakr54@gmail.com,Tanta,Nile Delta,Bronze,1984-12-26,2020-10-09
CUS00734,Ashraf Saad,Male,  01298464398  ,ashraf.saad89@hotmail.com,Alexandria,Alexandria,Bronze,1986-10-14,2021-11-22
CUS00430,Mona Salem,Female,  01190478491  ,mona.salem80@hotmail.com,Cairo,Greater Cairo,Gold,1981-07-17,2022-02-09
CUS02788,Tamer Ibrahim,Male,"01124276448","",Cairo,Greater Cairo,Silver,1999-03-13,2022-08-17
CUS02407,Samah Ahmed,Female,"01086171554",samah.ahmed6@yahoo.com,Giza,Greater Cairo,Silver,1993-09-01,2023-08-24
CUS02693,Amr Ismail,Male,"01085102704 ",amr.ismail39@hotmail.com,Cairo,Greater Cairo,Bronze,1970-01-16,2023-11-15
CUS00192,Radwa Ramadan,Female,"01033231136",radwa.ramadan63@gmail.com,Suez,Canal Zone,Bronze,1991-09-23,2023-06-18
CUS02944,Maged Mostafa,Male,  01270425259  ,maged.mostafa75@yahoo.com,Tanta,Nile Delta,Bronze,1985-12-27,2021-09-28
CUS02265,Ahmed Bakr,Male,"01085431973",ahmed.bakr77@outlook.com,Mansoura,Nile Delta,Bronze,2003-01-04,2022-05-16
CUS00856,Magdy Lotfy,Male,  01235066642  ,magdy.lotfy79@gmail.com,Cairo,Greater Cairo,Silver,2000-04-18,2023-08-20
CUS00448,Heba Mahmoud,Female,  01168131630  ,heba.mahmoud63@yahoo.com,Zagazig,Nile Delta,Bronze,1981-12-04,2023-02-09
CUS00454,Tarek Mohamed,Male,"01076992183",tarek.mohamed70@outlook.com,Suez,Canal Zone,Bronze,1989-05-17,2022-02-06
CUS02230,Emad Fathy,Male,  01065461567  ,emad.fathy47@outlook.com,Giza,Greater Cairo,Bronze,1994-05-04,2022-06-18
CUS00850,Reem Mostafa,Female,"01252740512 ",reem.mostafa95@gmail.com,Alexandria,Alexandria,Silver,2002-03-18,2023-12-19
CUS00218,Ashraf Khalil,Male,"01142701425",ashraf.khalil79@outlook.com,Zagazig,Nile Delta,Bronze,1993-09-06,2021-01-16
CUS01267,Eman Ibrahim,Female,  01267344434  ,eman.ibrahim2@hotmail.com,Giza,Greater Cairo,Bronze,1986-10-23,2021-03-27
CUS00949,Amr Ibrahim,Male,  01284011120  ,amr.ibrahim18@outlook.com,Luxor,Upper Egypt,Bronze,1976-09-22,2022-03-06
CUS00324,Hassan Shaaban,Male,"01247508257",hassan.shaaban88@hotmail.com,Cairo,Greater Cairo,Bronze,1977-03-24,2022-12-15
CUS00272,Doha Ramadan,Female,"01129449696 ","",Aswan,Upper Egypt,Silver,2000-11-08,2020-12-22
CUS00894,Mariam Rizk,Female,"01015922169",mariam.rizk5@yahoo.com,Giza,Greater Cairo,Bronze,1999-07-01,2020-12-26
CUS01551,Salma Ramadan,Female,"01174395527",salma.ramadan9@hotmail.com,Port Said,Canal Zone,Silver,1995-11-08,2020-04-23
CUS02347,Ahmed Nasser,Male,"01126547218 ",ahmed.nasser34@gmail.com,Tanta,Nile Delta,Bronze,2003-06-25,2021-05-26
CUS00466,Rana Nasser,Female,"01190038028",rana.nasser55@yahoo.com,Giza,Greater Cairo,Gold,2001-07-15,2022-06-21
CUS00216,Hoda Ali,Female,  01011928065  ,hoda.ali59@yahoo.com,Cairo,Greater Cairo,Bronze,1985-12-21,2020-02-04
CUS00866,Akram Gouda,Male,  01074157929  ,akram.gouda72@hotmail.com,Alexandria,Alexandria,Gold,1973-10-24,2023-03-05
CUS00102,Hossam Hafez,Male,  01241478466  ,hossam.hafez58@hotmail.com,Mansoura,Nile Delta,Bronze,1992-03-22,2022-12-19
CUS02038,Sherif Amin,Male,  01080051422  ,sherif.amin31@gmail.com,Cairo,Greater Cairo,Bronze,1983-11-12,2022-01-08
CUS00758,Tamer Ramadan,Male,"01031930027","",Alexandria,Alexandria,Bronze,1986-04-01,2023-03-22
CUS02427,Lobna Sayed,Female, 01076117451,lobna.sayed48@gmail.com,Cairo,Greater Cairo,Silver,1978-01-23,2022-07-19
CUS01957,Essam Ali,Male,"01057282459","",Mansoura,Nile Delta,Bronze,1987-03-21,2022-10-08
CUS00906,Reham Younis,Female,"01083365847",reham.younis98@gmail.com,Suez,Canal Zone,Silver,2002-01-27,2023-06-17
CUS02117,Dina Nasser,Female,"01051785474",dina.nasser60@gmail.com,Giza,Greater Cairo,Bronze,1993-11-24,2021-07-09
CUS02124,Hossam Salem,Male,"01077579774",hossam.salem60@outlook.com,Giza,Greater Cairo,Bronze,1991-01-24,2020-11-16
CUS02582,Eman Zaki,Female,"01228555229 ",eman.zaki16@yahoo.com,Suez,Canal Zone,Bronze,1983-09-24,2023-07-16
CUS02403,Emad Amin,Male,"01047144357",emad.amin4@gmail.com,Giza,Greater Cairo,Bronze,1991-09-24,2022-06-02
CUS01304,Emad Gouda,Male, 01289295660,emad.gouda37@gmail.com,Alexandria,Alexandria,Silver,1994-12-02,2021-10-26
CUS02419,Tamer Ahmed,Male,  01158262926  ,"",Cairo,Greater Cairo,Bronze,1979-03-11,2022-01-20
CUS01023,Nadia Saad,Female,"01246190360",nadia.saad85@yahoo.com,Port Said,Canal Zone,Silver,1998-05-08,2021-04-02
CUS02536,Ali Ramadan,Male, 01132790131,ali.ramadan25@hotmail.com,Aswan,Upper Egypt,Bronze,1970-03-06,2020-08-14
CUS02340,Essam Ramadan,Male,  01117182398  ,essam.ramadan36@gmail.com,Giza,Greater Cairo,Platinum,1990-08-24,2022-11-28
CUS00087,Doha Wahba,Female, 01243318046,doha.wahba18@yahoo.com,Zagazig,Nile Delta,Gold,1994-07-20,2023-10-23
CUS01010,Noha Shaaban,Female,"01199116571 ",noha.shaaban50@gmail.com,Alexandria,Alexandria,Silver,1973-09-26,2022-12-09
CUS00342,Mariam Ismail,Female, 01260231696,mariam.ismail98@yahoo.com,Alexandria,Alexandria,Bronze,1982-09-13,2022-03-11
CUS01880,Hassan Khalil,Male,"01235205271",hassan.khalil17@hotmail.com,Alexandria,Alexandria,Bronze,2001-03-28,2020-09-11
CUS00025,Yasmin Saad,Female,"01237272705",yasmin.saad98@gmail.com,Giza,Greater Cairo,Silver,1975-05-03,2022-12-14
CUS02092,Nadia Lotfy,Female,"01277257605",nadia.lotfy28@outlook.com,Ismailia,Canal Zone,Gold,1988-03-19,2022-11-19
CUS01333,Hassan Mostafa,Male,"01261441320",hassan.mostafa87@gmail.com,Cairo,Greater Cairo,Bronze,1981-11-14,2023-11-18
CUS01348,Zeinab Ragab,Female,  01075211223  ,zeinab.ragab65@gmail.com,Giza,Greater Cairo,Silver,1973-11-09,2020-06-28
CUS02811,Hana Saad,Female,"01116264821","",Cairo,Greater Cairo,Bronze,1981-03-02,2023-08-06
CUS02839,Yasmin Salem,Female,"01086452009",yasmin.salem71@gmail.com,Hurghada,Red Sea,Bronze,1972-07-18,2021-09-10
CUS00725,Aisha Badawi,Female,  01267710061  ,aisha.badawi14@outlook.com,Alexandria,Alexandria,Bronze,2001-06-26,2023-01-09
CUS02564,Samir Badawi,Male, 01134940269,samir.badawi90@gmail.com,Cairo,Greater Cairo,Gold,1989-09-11,2023-04-26
CUS01620,Ali Badawi,Male,  01014344952  ,ali.badawi98@yahoo.com,Zagazig,Nile Delta,Bronze,1983-10-05,2021-08-23
CUS01674,Doha Bakr,Female,"01072143726 ",doha.bakr29@gmail.com,Hurghada,Red Sea,Silver,2002-11-14,2023-05-18
CUS02027,Nader Abdallah,Male,  01134836379  ,nader.abdallah67@outlook.com,Zagazig,Nile Delta,Silver,1997-05-11,2021-10-18
CUS02885,Emad Ali,Male, 01053544464,emad.ali16@gmail.com,Cairo,Greater Cairo,Gold,1999-09-15,2021-08-12
CUS02367,Ali Hamdy,Male,"01253732271 ",ali.hamdy23@gmail.com,Cairo,Greater Cairo,Silver,1975-06-23,2020-12-13
CUS00920,Nour Gouda,Female,"01115971136 ",nour.gouda8@yahoo.com,Cairo,Greater Cairo,Bronze,1993-04-23,2023-04-14
CUS01655,Yasmin Farouk,Female,"01240617207",yasmin.farouk20@outlook.com,Cairo,Greater Cairo,Bronze,1974-12-19,2023-02-06
CUS00061,Dina Younis,Female,"01086807176",dina.younis27@hotmail.com,Giza,Greater Cairo,Gold,1971-07-02,2023-09-01
CUS02350,Ahmed Hamdy,Male,"01283470479",ahmed.hamdy51@hotmail.com,Cairo,Greater Cairo,Bronze,1992-12-28,2021-08-07
CUS02174,Noha Nasser,Female,"01183064767 ",noha.nasser51@outlook.com,Luxor,Upper Egypt,Bronze,1971-10-06,2021-07-07
CUS02958,Sherif Ali,Male,"01283335618 ",sherif.ali23@yahoo.com,Luxor,Upper Egypt,Gold,1992-08-23,2021-10-11
CUS02166,Yasmin Amin,Female,"01047432847",yasmin.amin44@outlook.com,Ismailia,Canal Zone,Silver,1989-10-12,2021-07-07
CUS00438,Khaled Nasser,Male,  01062652401  ,khaled.nasser89@outlook.com,Aswan,Upper Egypt,Silver,1995-10-02,2023-06-21
CUS01169,Doha Sayed,Female,"01027075254",doha.sayed12@yahoo.com,Cairo,Greater Cairo,Bronze,1984-12-20,2020-07-08
CUS01839,Hoda Sayed,Female, 01140438117,hoda.sayed58@yahoo.com,Port Said,Canal Zone,Bronze,1977-11-28,2023-10-15
CUS00709,Neveen Ibrahim,Female,"01049925737",neveen.ibrahim27@gmail.com,Cairo,Greater Cairo,Bronze,1987-07-21,2020-08-06
CUS00968,Ghada Salem,Female,  01014463768  ,ghada.salem83@gmail.com,Giza,Greater Cairo,Gold,1972-06-13,2023-10-14
CUS01550,Sherif Saad,Male,"01124290225",sherif.saad78@outlook.com,Mansoura,Nile Delta,Silver,1975-04-08,2022-03-16
CUS01253,Radwa Fathy,Female,"01056554895",radwa.fathy39@gmail.com,Cairo,Greater Cairo,Bronze,1976-06-14,2021-04-19
CUS00978,Hana Ibrahim,Female,"01288099210",hana.ibrahim40@gmail.com,Cairo,Greater Cairo,Bronze,1994-10-05,2020-09-05
CUS00896,Heba Hafez,Female,  01078231337  ,heba.hafez30@hotmail.com,Cairo,Greater Cairo,Gold,1973-08-03,2020-01-27
CUS02851,Zeinab Amin,Female,"01271970673",zeinab.amin16@outlook.com,Mansoura,Nile Delta,Silver,1973-10-19,2021-12-27
CUS01093,Ayman Ali,Male,"01181808026","",Mansoura,Nile Delta,Bronze,1973-12-17,2022-01-05
CUS01120,Fatima Khalil,Female,"01275990558",fatima.khalil43@gmail.com,Cairo,Greater Cairo,Bronze,1974-03-07,2021-04-01
CUS00834,Tarek Lotfy,Male, 01223816907,tarek.lotfy25@yahoo.com,Cairo,Greater Cairo,Gold,1985-03-11,2021-02-06
CUS00128,Doha Fathy,Female,"01216403434 ",doha.fathy61@gmail.com,Luxor,Upper Egypt,Bronze,1989-05-18,2023-12-11
CUS02750,Osama Hassan,Male,"01280485498 ",osama.hassan72@gmail.com,Mansoura,Nile Delta,Gold,1989-12-14,2023-07-07
CUS00878,Maged Fathy,Male, 01148902041,maged.fathy74@outlook.com,Mansoura,Nile Delta,Silver,1984-03-26,2020-03-15
CUS00881,Dalia Barakat,Female, 01268837018,dalia.barakat48@hotmail.com,Cairo,Greater Cairo,Silver,2002-09-28,2021-04-21
CUS00624,Essam Rizk,Male,"01259067682",essam.rizk74@yahoo.com,Alexandria,Alexandria,Bronze,1978-06-22,2021-04-17
CUS01148,Amira Abdallah,Female,"01026313047 ",amira.abdallah98@outlook.com,Mansoura,Nile Delta,Bronze,1983-07-06,2022-08-09
CUS00836,Ashraf Mohamed,Male,"01051540622",ashraf.mohamed42@hotmail.com,Giza,Greater Cairo,Silver,1998-03-24,2021-09-05
CUS00855,Reham Ibrahim,Female,"01194029135",reham.ibrahim89@outlook.com,Cairo,Greater Cairo,Bronze,1975-05-12,2020-06-06
CUS00796,Mohamed Bakr,Male,  01074561311  ,mohamed.bakr33@hotmail.com,Luxor,Upper Egypt,Silver,1996-10-11,2021-11-13
CUS01723,Khaled Amin,Male, 01266221870,khaled.amin30@gmail.com,Giza,Greater Cairo,Silver,1973-08-01,2023-01-05
CUS00996,Hana Ahmed,Female,"01098286472",hana.ahmed3@gmail.com,Cairo,Greater Cairo,Gold,1998-10-14,2020-08-17
CUS02778,Mahmoud Hassan,Male,"01150858588",mahmoud.hassan18@yahoo.com,Cairo,Greater Cairo,Bronze,1972-05-17,2022-09-04
CUS00035,Dina Khalil,Female, 01215412975,dina.khalil46@outlook.com,Ismailia,Canal Zone,Bronze,1989-12-23,2020-11-10
CUS01900,Khaled Saad,Male,"01034929441",khaled.saad72@hotmail.com,Hurghada,Red Sea,Silver,1994-09-16,2020-07-22
CUS00022,Ibrahim Lotfy,Male, 01043257324,ibrahim.lotfy78@hotmail.com,Cairo,Greater Cairo,Bronze,1992-07-11,2020-11-10
CUS02136,Ayman Hafez,Male,  01098760377  ,ayman.hafez9@gmail.com,Suez,Canal Zone,Silver,2002-11-14,2020-11-06
